<?xml version="1.0" encoding="UTF-8"?>
<gpx version="1.1" creator="AlpHD-batch" xmlns="http://www.topografix.com/GPX/1/1">
  <trk>
    <name>Monte Bianco via Bossesgrat</name>
    <trkseg>
      <trkpt lat="46.2236100" lon="6.1209790"><ele>454.1</ele></trkpt>
      <trkpt lat="46.2235023" lon="6.1213365"><ele>453.8</ele></trkpt>
      <trkpt lat="46.2234913" lon="6.1213899"><ele>453.7</ele></trkpt>
      <trkpt lat="46.2234140" lon="6.1217636"><ele>453.6</ele></trkpt>
      <trkpt lat="46.2234111" lon="6.1217799"><ele>453.4</ele></trkpt>
      <trkpt lat="46.2233462" lon="6.1221584"><ele>453.0</ele></trkpt>
      <trkpt lat="46.2233638" lon="6.1223898"><ele>452.7</ele></trkpt>
      <trkpt lat="46.2233932" lon="6.1227775"><ele>452.5</ele></trkpt>
      <trkpt lat="46.2232711" lon="6.1230200"><ele>452.2</ele></trkpt>
      <trkpt lat="46.2231669" lon="6.1233225"><ele>451.9</ele></trkpt>
      <trkpt lat="46.2230466" lon="6.1236716"><ele>451.6</ele></trkpt>
      <trkpt lat="46.2230313" lon="6.1237100"><ele>451.3</ele></trkpt>
      <trkpt lat="46.2228968" lon="6.1240481"><ele>450.9</ele></trkpt>
      <trkpt lat="46.2227624" lon="6.1243861"><ele>450.6</ele></trkpt>
      <trkpt lat="46.2226279" lon="6.1247242"><ele>450.3</ele></trkpt>
      <trkpt lat="46.2226367" lon="6.1248878"><ele>450.0</ele></trkpt>
      <trkpt lat="46.2227206" lon="6.1249636"><ele>449.7</ele></trkpt>
      <trkpt lat="46.2229494" lon="6.1251704"><ele>449.6</ele></trkpt>
      <trkpt lat="46.2231782" lon="6.1253771"><ele>449.6</ele></trkpt>
      <trkpt lat="46.2234070" lon="6.1255838"><ele>449.6</ele></trkpt>
      <trkpt lat="46.2236357" lon="6.1257905"><ele>449.7</ele></trkpt>
      <trkpt lat="46.2238645" lon="6.1259972"><ele>449.6</ele></trkpt>
      <trkpt lat="46.2240933" lon="6.1262039"><ele>449.4</ele></trkpt>
      <trkpt lat="46.2243221" lon="6.1264106"><ele>449.0</ele></trkpt>
      <trkpt lat="46.2244516" lon="6.1265868"><ele>448.6</ele></trkpt>
      <trkpt lat="46.2243052" lon="6.1268184"><ele>448.1</ele></trkpt>
      <trkpt lat="46.2241231" lon="6.1271063"><ele>447.7</ele></trkpt>
      <trkpt lat="46.2239411" lon="6.1273941"><ele>447.1</ele></trkpt>
      <trkpt lat="46.2238395" lon="6.1274863"><ele>446.5</ele></trkpt>
      <trkpt lat="46.2236110" lon="6.1276936"><ele>445.8</ele></trkpt>
      <trkpt lat="46.2235751" lon="6.1277309"><ele>445.1</ele></trkpt>
      <trkpt lat="46.2233558" lon="6.1279580"><ele>444.4</ele></trkpt>
      <trkpt lat="46.2232974" lon="6.1280578"><ele>443.8</ele></trkpt>
      <trkpt lat="46.2231230" lon="6.1283554"><ele>443.1</ele></trkpt>
      <trkpt lat="46.2229487" lon="6.1286530"><ele>442.2</ele></trkpt>
      <trkpt lat="46.2227744" lon="6.1289507"><ele>441.3</ele></trkpt>
      <trkpt lat="46.2226001" lon="6.1292483"><ele>440.5</ele></trkpt>
      <trkpt lat="46.2226442" lon="6.1294493"><ele>439.8</ele></trkpt>
      <trkpt lat="46.2227258" lon="6.1298210"><ele>439.2</ele></trkpt>
      <trkpt lat="46.2228174" lon="6.1300044"><ele>438.7</ele></trkpt>
      <trkpt lat="46.2229753" lon="6.1303206"><ele>438.2</ele></trkpt>
      <trkpt lat="46.2231332" lon="6.1306368"><ele>437.6</ele></trkpt>
      <trkpt lat="46.2232912" lon="6.1309530"><ele>437.0</ele></trkpt>
      <trkpt lat="46.2234491" lon="6.1312692"><ele>436.6</ele></trkpt>
      <trkpt lat="46.2235663" lon="6.1316179"><ele>436.0</ele></trkpt>
      <trkpt lat="46.2236841" lon="6.1319687"><ele>435.3</ele></trkpt>
      <trkpt lat="46.2238020" lon="6.1323194"><ele>434.5</ele></trkpt>
      <trkpt lat="46.2238265" lon="6.1323749"><ele>433.6</ele></trkpt>
      <trkpt lat="46.2239716" lon="6.1327037"><ele>432.6</ele></trkpt>
      <trkpt lat="46.2241168" lon="6.1330324"><ele>431.6</ele></trkpt>
      <trkpt lat="46.2242619" lon="6.1333612"><ele>430.7</ele></trkpt>
      <trkpt lat="46.2242554" lon="6.1333775"><ele>429.8</ele></trkpt>
      <trkpt lat="46.2241208" lon="6.1337155"><ele>428.8</ele></trkpt>
      <trkpt lat="46.2239863" lon="6.1340535"><ele>427.8</ele></trkpt>
      <trkpt lat="46.2238517" lon="6.1343915"><ele>426.9</ele></trkpt>
      <trkpt lat="46.2237172" lon="6.1347295"><ele>426.0</ele></trkpt>
      <trkpt lat="46.2235826" lon="6.1350675"><ele>424.7</ele></trkpt>
      <trkpt lat="46.2234481" lon="6.1354056"><ele>423.4</ele></trkpt>
      <trkpt lat="46.2234182" lon="6.1354691"><ele>421.9</ele></trkpt>
      <trkpt lat="46.2232669" lon="6.1357919"><ele>420.4</ele></trkpt>
      <trkpt lat="46.2231155" lon="6.1361148"><ele>418.7</ele></trkpt>
      <trkpt lat="46.2229642" lon="6.1364376"><ele>416.8</ele></trkpt>
      <trkpt lat="46.2228128" lon="6.1367604"><ele>414.9</ele></trkpt>
      <trkpt lat="46.2226615" lon="6.1370832"><ele>413.0</ele></trkpt>
      <trkpt lat="46.2225101" lon="6.1374060"><ele>411.5</ele></trkpt>
      <trkpt lat="46.2223587" lon="6.1377288"><ele>410.0</ele></trkpt>
      <trkpt lat="46.2222074" lon="6.1380516"><ele>408.8</ele></trkpt>
      <trkpt lat="46.2221168" lon="6.1383430"><ele>407.7</ele></trkpt>
      <trkpt lat="46.2220063" lon="6.1386987"><ele>406.8</ele></trkpt>
      <trkpt lat="46.2218687" lon="6.1390081"><ele>406.1</ele></trkpt>
      <trkpt lat="46.2217229" lon="6.1393361"><ele>405.7</ele></trkpt>
      <trkpt lat="46.2215770" lon="6.1396642"><ele>405.5</ele></trkpt>
      <trkpt lat="46.2214311" lon="6.1399922"><ele>405.4</ele></trkpt>
      <trkpt lat="46.2212852" lon="6.1403203"><ele>405.3</ele></trkpt>
      <trkpt lat="46.2211965" lon="6.1406162"><ele>405.3</ele></trkpt>
      <trkpt lat="46.2210892" lon="6.1409740"><ele>405.4</ele></trkpt>
      <trkpt lat="46.2209820" lon="6.1413318"><ele>405.4</ele></trkpt>
      <trkpt lat="46.2208747" lon="6.1416896"><ele>405.3</ele></trkpt>
      <trkpt lat="46.2207674" lon="6.1420474"><ele>405.2</ele></trkpt>
      <trkpt lat="46.2207298" lon="6.1422201"><ele>405.0</ele></trkpt>
      <trkpt lat="46.2206487" lon="6.1425920"><ele>404.5</ele></trkpt>
      <trkpt lat="46.2205676" lon="6.1429640"><ele>403.9</ele></trkpt>
      <trkpt lat="46.2204865" lon="6.1433359"><ele>403.1</ele></trkpt>
      <trkpt lat="46.2204054" lon="6.1437078"><ele>402.2</ele></trkpt>
      <trkpt lat="46.2203243" lon="6.1440797"><ele>401.2</ele></trkpt>
      <trkpt lat="46.2202433" lon="6.1444516"><ele>400.2</ele></trkpt>
      <trkpt lat="46.2201622" lon="6.1448235"><ele>399.1</ele></trkpt>
      <trkpt lat="46.2200811" lon="6.1451954"><ele>398.1</ele></trkpt>
      <trkpt lat="46.2200000" lon="6.1455674"><ele>397.1</ele></trkpt>
      <trkpt lat="46.2199189" lon="6.1459393"><ele>396.1</ele></trkpt>
      <trkpt lat="46.2198378" lon="6.1463112"><ele>395.2</ele></trkpt>
      <trkpt lat="46.2197567" lon="6.1466831"><ele>394.2</ele></trkpt>
      <trkpt lat="46.2196521" lon="6.1470071"><ele>393.1</ele></trkpt>
      <trkpt lat="46.2195380" lon="6.1473604"><ele>392.0</ele></trkpt>
      <trkpt lat="46.2195187" lon="6.1474078"><ele>390.8</ele></trkpt>
      <trkpt lat="46.2193818" lon="6.1477438"><ele>389.6</ele></trkpt>
      <trkpt lat="46.2192448" lon="6.1480797"><ele>388.6</ele></trkpt>
      <trkpt lat="46.2191079" lon="6.1484157"><ele>387.8</ele></trkpt>
      <trkpt lat="46.2189227" lon="6.1486676"><ele>387.3</ele></trkpt>
      <trkpt lat="46.2188093" lon="6.1486946"><ele>386.8</ele></trkpt>
      <trkpt lat="46.2186938" lon="6.1489820"><ele>386.4</ele></trkpt>
      <trkpt lat="46.2185575" lon="6.1491577"><ele>385.9</ele></trkpt>
      <trkpt lat="46.2183561" lon="6.1494171"><ele>385.3</ele></trkpt>
      <trkpt lat="46.2181547" lon="6.1496766"><ele>384.7</ele></trkpt>
      <trkpt lat="46.2180930" lon="6.1497407"><ele>384.1</ele></trkpt>
      <trkpt lat="46.2178740" lon="6.1499684"><ele>383.3</ele></trkpt>
      <trkpt lat="46.2176550" lon="6.1501962"><ele>382.2</ele></trkpt>
      <trkpt lat="46.2174360" lon="6.1504239"><ele>381.1</ele></trkpt>
      <trkpt lat="46.2174221" lon="6.1504357"><ele>380.0</ele></trkpt>
      <trkpt lat="46.2171897" lon="6.1506338"><ele>379.5</ele></trkpt>
      <trkpt lat="46.2169574" lon="6.1508319"><ele>379.4</ele></trkpt>
      <trkpt lat="46.2043713" lon="6.1494314"><ele>379.5</ele></trkpt>
      <trkpt lat="46.2043485" lon="6.1494460"><ele>380.0</ele></trkpt>
      <trkpt lat="46.2041017" lon="6.1496035"><ele>380.4</ele></trkpt>
      <trkpt lat="46.2040269" lon="6.1499587"><ele>381.1</ele></trkpt>
      <trkpt lat="46.2039483" lon="6.1503316"><ele>381.9</ele></trkpt>
      <trkpt lat="46.2038698" lon="6.1507046"><ele>382.7</ele></trkpt>
      <trkpt lat="46.2037912" lon="6.1510775"><ele>383.4</ele></trkpt>
      <trkpt lat="46.2037126" lon="6.1514504"><ele>383.6</ele></trkpt>
      <trkpt lat="46.2036341" lon="6.1518233"><ele>383.8</ele></trkpt>
      <trkpt lat="46.2035555" lon="6.1521963"><ele>383.9</ele></trkpt>
      <trkpt lat="46.2034769" lon="6.1525692"><ele>384.1</ele></trkpt>
      <trkpt lat="46.2033984" lon="6.1529421"><ele>384.3</ele></trkpt>
      <trkpt lat="46.2033198" lon="6.1533151"><ele>384.4</ele></trkpt>
      <trkpt lat="46.2032412" lon="6.1536880"><ele>384.6</ele></trkpt>
      <trkpt lat="46.2031626" lon="6.1540609"><ele>384.8</ele></trkpt>
      <trkpt lat="46.2030841" lon="6.1544338"><ele>384.9</ele></trkpt>
      <trkpt lat="46.2030055" lon="6.1548068"><ele>385.1</ele></trkpt>
      <trkpt lat="46.2029269" lon="6.1551797"><ele>385.3</ele></trkpt>
      <trkpt lat="46.2028484" lon="6.1555526"><ele>385.3</ele></trkpt>
      <trkpt lat="46.2027698" lon="6.1559255"><ele>385.0</ele></trkpt>
      <trkpt lat="46.2026912" lon="6.1562985"><ele>384.6</ele></trkpt>
      <trkpt lat="46.2026127" lon="6.1566714"><ele>384.2</ele></trkpt>
      <trkpt lat="46.2025232" lon="6.1569167"><ele>383.8</ele></trkpt>
      <trkpt lat="46.2023974" lon="6.1572616"><ele>383.5</ele></trkpt>
      <trkpt lat="46.2022716" lon="6.1576065"><ele>383.3</ele></trkpt>
      <trkpt lat="46.2021873" lon="6.1578014"><ele>383.2</ele></trkpt>
      <trkpt lat="46.2020443" lon="6.1581319"><ele>383.1</ele></trkpt>
      <trkpt lat="46.2019013" lon="6.1584625"><ele>383.3</ele></trkpt>
      <trkpt lat="46.2017584" lon="6.1587931"><ele>383.7</ele></trkpt>
      <trkpt lat="46.2016154" lon="6.1591236"><ele>384.5</ele></trkpt>
      <trkpt lat="46.2014724" lon="6.1594542"><ele>385.5</ele></trkpt>
      <trkpt lat="46.2013294" lon="6.1597847"><ele>386.6</ele></trkpt>
      <trkpt lat="46.2013266" lon="6.1597936"><ele>387.8</ele></trkpt>
      <trkpt lat="46.2012144" lon="6.1601482"><ele>389.2</ele></trkpt>
      <trkpt lat="46.2011022" lon="6.1605027"><ele>390.5</ele></trkpt>
      <trkpt lat="46.2009900" lon="6.1608572"><ele>391.8</ele></trkpt>
      <trkpt lat="46.2008778" lon="6.1612117"><ele>393.2</ele></trkpt>
      <trkpt lat="46.2007656" lon="6.1615662"><ele>394.6</ele></trkpt>
      <trkpt lat="46.2007495" lon="6.1616048"><ele>395.8</ele></trkpt>
      <trkpt lat="46.2006101" lon="6.1619386"><ele>396.9</ele></trkpt>
      <trkpt lat="46.2004708" lon="6.1622724"><ele>397.9</ele></trkpt>
      <trkpt lat="46.2003671" lon="6.1625039"><ele>398.7</ele></trkpt>
      <trkpt lat="46.2002207" lon="6.1628313"><ele>399.5</ele></trkpt>
      <trkpt lat="46.2000742" lon="6.1631586"><ele>400.4</ele></trkpt>
      <trkpt lat="46.2000617" lon="6.1634569"><ele>401.0</ele></trkpt>
      <trkpt lat="46.2000455" lon="6.1638460"><ele>401.3</ele></trkpt>
      <trkpt lat="46.2000292" lon="6.1642351"><ele>401.8</ele></trkpt>
      <trkpt lat="46.2000130" lon="6.1646242"><ele>402.2</ele></trkpt>
      <trkpt lat="46.2000502" lon="6.1646996"><ele>402.7</ele></trkpt>
      <trkpt lat="46.2002066" lon="6.1650172"><ele>403.2</ele></trkpt>
      <trkpt lat="46.2002327" lon="6.1653968"><ele>403.5</ele></trkpt>
      <trkpt lat="46.2002875" lon="6.1655065"><ele>403.9</ele></trkpt>
      <trkpt lat="46.2004455" lon="6.1658226"><ele>404.0</ele></trkpt>
      <trkpt lat="46.2006034" lon="6.1661386"><ele>404.0</ele></trkpt>
      <trkpt lat="46.2007614" lon="6.1664546"><ele>404.2</ele></trkpt>
      <trkpt lat="46.2009193" lon="6.1667706"><ele>404.2</ele></trkpt>
      <trkpt lat="46.2010017" lon="6.1668468"><ele>404.1</ele></trkpt>
      <trkpt lat="46.2012289" lon="6.1670570"><ele>404.0</ele></trkpt>
      <trkpt lat="46.2014005" lon="6.1673555"><ele>403.9</ele></trkpt>
      <trkpt lat="46.2015728" lon="6.1676554"><ele>403.7</ele></trkpt>
      <trkpt lat="46.2017452" lon="6.1679553"><ele>403.5</ele></trkpt>
      <trkpt lat="46.2019175" lon="6.1682552"><ele>403.4</ele></trkpt>
      <trkpt lat="46.2020899" lon="6.1685551"><ele>403.5</ele></trkpt>
      <trkpt lat="46.2022622" lon="6.1688550"><ele>403.6</ele></trkpt>
      <trkpt lat="46.2024346" lon="6.1691550"><ele>403.7</ele></trkpt>
      <trkpt lat="46.2026069" lon="6.1694549"><ele>403.9</ele></trkpt>
      <trkpt lat="46.2027793" lon="6.1697548"><ele>404.1</ele></trkpt>
      <trkpt lat="46.2029517" lon="6.1700547"><ele>404.5</ele></trkpt>
      <trkpt lat="46.2029804" lon="6.1701451"><ele>405.0</ele></trkpt>
      <trkpt lat="46.2030929" lon="6.1704994"><ele>405.4</ele></trkpt>
      <trkpt lat="46.2032055" lon="6.1708537"><ele>405.9</ele></trkpt>
      <trkpt lat="46.2033180" lon="6.1712080"><ele>406.5</ele></trkpt>
      <trkpt lat="46.2034305" lon="6.1715623"><ele>407.3</ele></trkpt>
      <trkpt lat="46.2035062" lon="6.1717515"><ele>408.2</ele></trkpt>
      <trkpt lat="46.2036866" lon="6.1718835"><ele>409.1</ele></trkpt>
      <trkpt lat="46.2037558" lon="6.1722040"><ele>410.1</ele></trkpt>
      <trkpt lat="46.2038362" lon="6.1725761"><ele>411.1</ele></trkpt>
      <trkpt lat="46.2039166" lon="6.1729482"><ele>412.0</ele></trkpt>
      <trkpt lat="46.2039970" lon="6.1733203"><ele>413.0</ele></trkpt>
      <trkpt lat="46.2040088" lon="6.1734028"><ele>414.2</ele></trkpt>
      <trkpt lat="46.2040637" lon="6.1737845"><ele>415.3</ele></trkpt>
      <trkpt lat="46.2040661" lon="6.1738458"><ele>416.3</ele></trkpt>
      <trkpt lat="46.2040813" lon="6.1742350"><ele>417.2</ele></trkpt>
      <trkpt lat="46.2040964" lon="6.1746242"><ele>418.0</ele></trkpt>
      <trkpt lat="46.2040937" lon="6.1746645"><ele>418.9</ele></trkpt>
      <trkpt lat="46.2040680" lon="6.1750526"><ele>419.7</ele></trkpt>
      <trkpt lat="46.2040422" lon="6.1754406"><ele>420.5</ele></trkpt>
      <trkpt lat="46.2039946" lon="6.1756344"><ele>421.1</ele></trkpt>
      <trkpt lat="46.2039045" lon="6.1760018"><ele>421.6</ele></trkpt>
      <trkpt lat="46.2038144" lon="6.1763692"><ele>422.0</ele></trkpt>
      <trkpt lat="46.2036912" lon="6.1766948"><ele>422.4</ele></trkpt>
      <trkpt lat="46.2035619" lon="6.1770369"><ele>422.6</ele></trkpt>
      <trkpt lat="46.2034325" lon="6.1773789"><ele>422.9</ele></trkpt>
      <trkpt lat="46.2033031" lon="6.1777210"><ele>423.0</ele></trkpt>
      <trkpt lat="46.2031737" lon="6.1780631"><ele>423.0</ele></trkpt>
      <trkpt lat="46.2030444" lon="6.1784051"><ele>423.0</ele></trkpt>
      <trkpt lat="46.2029150" lon="6.1787472"><ele>423.0</ele></trkpt>
      <trkpt lat="46.2027856" lon="6.1790893"><ele>423.0</ele></trkpt>
      <trkpt lat="46.2026562" lon="6.1794314"><ele>423.0</ele></trkpt>
      <trkpt lat="46.2025269" lon="6.1797734"><ele>423.0</ele></trkpt>
      <trkpt lat="46.2023975" lon="6.1801155"><ele>423.0</ele></trkpt>
      <trkpt lat="46.2022681" lon="6.1804576"><ele>423.0</ele></trkpt>
      <trkpt lat="46.2021387" lon="6.1807996"><ele>423.0</ele></trkpt>
      <trkpt lat="46.2020094" lon="6.1811417"><ele>423.0</ele></trkpt>
      <trkpt lat="46.2018800" lon="6.1814838"><ele>423.0</ele></trkpt>
      <trkpt lat="46.2017506" lon="6.1818259"><ele>423.0</ele></trkpt>
      <trkpt lat="46.2016213" lon="6.1821679"><ele>423.0</ele></trkpt>
      <trkpt lat="46.2014919" lon="6.1825100"><ele>423.0</ele></trkpt>
      <trkpt lat="46.2013625" lon="6.1828521"><ele>423.0</ele></trkpt>
      <trkpt lat="46.2012331" lon="6.1831941"><ele>423.0</ele></trkpt>
      <trkpt lat="46.2011038" lon="6.1835362"><ele>423.0</ele></trkpt>
      <trkpt lat="46.2009744" lon="6.1838783"><ele>423.0</ele></trkpt>
      <trkpt lat="46.2008450" lon="6.1842204"><ele>423.0</ele></trkpt>
      <trkpt lat="46.2007156" lon="6.1845624"><ele>423.0</ele></trkpt>
      <trkpt lat="46.2005863" lon="6.1849045"><ele>423.0</ele></trkpt>
      <trkpt lat="46.2004569" lon="6.1852466"><ele>423.1</ele></trkpt>
      <trkpt lat="46.2003275" lon="6.1855887"><ele>423.3</ele></trkpt>
      <trkpt lat="46.2001981" lon="6.1859307"><ele>423.5</ele></trkpt>
      <trkpt lat="46.2001237" lon="6.1861506"><ele>423.7</ele></trkpt>
      <trkpt lat="46.2000053" lon="6.1865008"><ele>424.0</ele></trkpt>
      <trkpt lat="46.1998868" lon="6.1868510"><ele>424.3</ele></trkpt>
      <trkpt lat="46.1997683" lon="6.1872012"><ele>424.5</ele></trkpt>
      <trkpt lat="46.1996498" lon="6.1875514"><ele>424.7</ele></trkpt>
      <trkpt lat="46.1995314" lon="6.1879016"><ele>424.9</ele></trkpt>
      <trkpt lat="46.1994648" lon="6.1880631"><ele>424.9</ele></trkpt>
      <trkpt lat="46.1993267" lon="6.1883980"><ele>424.8</ele></trkpt>
      <trkpt lat="46.1991886" lon="6.1887328"><ele>424.7</ele></trkpt>
      <trkpt lat="46.1990506" lon="6.1890677"><ele>424.4</ele></trkpt>
      <trkpt lat="46.1989125" lon="6.1894026"><ele>424.1</ele></trkpt>
      <trkpt lat="46.1987744" lon="6.1897375"><ele>423.7</ele></trkpt>
      <trkpt lat="46.1986363" lon="6.1900723"><ele>423.4</ele></trkpt>
      <trkpt lat="46.1985881" lon="6.1901673"><ele>423.0</ele></trkpt>
      <trkpt lat="46.1984284" lon="6.1904815"><ele>422.6</ele></trkpt>
      <trkpt lat="46.1982687" lon="6.1907957"><ele>422.3</ele></trkpt>
      <trkpt lat="46.1981091" lon="6.1911099"><ele>421.9</ele></trkpt>
      <trkpt lat="46.1979494" lon="6.1914241"><ele>421.6</ele></trkpt>
      <trkpt lat="46.1977897" lon="6.1917383"><ele>421.3</ele></trkpt>
      <trkpt lat="46.1976301" lon="6.1920525"><ele>421.1</ele></trkpt>
      <trkpt lat="46.1974704" lon="6.1923667"><ele>420.9</ele></trkpt>
      <trkpt lat="46.1974557" lon="6.1924086"><ele>420.8</ele></trkpt>
      <trkpt lat="46.1973335" lon="6.1927562"><ele>420.7</ele></trkpt>
      <trkpt lat="46.1972113" lon="6.1931037"><ele>420.7</ele></trkpt>
      <trkpt lat="46.1970892" lon="6.1934512"><ele>420.7</ele></trkpt>
      <trkpt lat="46.1969670" lon="6.1937987"><ele>420.8</ele></trkpt>
      <trkpt lat="46.1969195" lon="6.1940617"><ele>420.9</ele></trkpt>
      <trkpt lat="46.1969180" lon="6.1941679"><ele>420.9</ele></trkpt>
      <trkpt lat="46.1969124" lon="6.1945576"><ele>421.0</ele></trkpt>
      <trkpt lat="46.1969068" lon="6.1949473"><ele>421.0</ele></trkpt>
      <trkpt lat="46.1969012" lon="6.1953370"><ele>421.0</ele></trkpt>
      <trkpt lat="46.1968770" lon="6.1956377"><ele>421.0</ele></trkpt>
      <trkpt lat="46.1968457" lon="6.1960248"><ele>421.0</ele></trkpt>
      <trkpt lat="46.1968144" lon="6.1964120"><ele>421.0</ele></trkpt>
      <trkpt lat="46.1968119" lon="6.1964976"><ele>421.0</ele></trkpt>
      <trkpt lat="46.1968007" lon="6.1968871"><ele>421.0</ele></trkpt>
      <trkpt lat="46.1967894" lon="6.1972765"><ele>420.9</ele></trkpt>
      <trkpt lat="46.1967782" lon="6.1976659"><ele>420.8</ele></trkpt>
      <trkpt lat="46.1967698" lon="6.1977717"><ele>420.7</ele></trkpt>
      <trkpt lat="46.1967391" lon="6.1981590"><ele>420.8</ele></trkpt>
      <trkpt lat="46.1967085" lon="6.1985462"><ele>420.9</ele></trkpt>
      <trkpt lat="46.1966778" lon="6.1989335"><ele>421.1</ele></trkpt>
      <trkpt lat="46.1966322" lon="6.1992165"><ele>421.3</ele></trkpt>
      <trkpt lat="46.1965712" lon="6.1995962"><ele>421.6</ele></trkpt>
      <trkpt lat="46.1965101" lon="6.1999758"><ele>421.9</ele></trkpt>
      <trkpt lat="46.1965098" lon="6.1999825"><ele>422.4</ele></trkpt>
      <trkpt lat="46.1964953" lon="6.2003717"><ele>422.9</ele></trkpt>
      <trkpt lat="46.1964809" lon="6.2007609"><ele>423.5</ele></trkpt>
      <trkpt lat="46.1964923" lon="6.2008557"><ele>424.2</ele></trkpt>
      <trkpt lat="46.1965387" lon="6.2012397"><ele>424.8</ele></trkpt>
      <trkpt lat="46.1965850" lon="6.2016237"><ele>425.5</ele></trkpt>
      <trkpt lat="46.1966314" lon="6.2020077"><ele>426.1</ele></trkpt>
      <trkpt lat="46.1966777" lon="6.2023917"><ele>426.6</ele></trkpt>
      <trkpt lat="46.1967240" lon="6.2027756"><ele>427.1</ele></trkpt>
      <trkpt lat="46.1967704" lon="6.2031596"><ele>427.5</ele></trkpt>
      <trkpt lat="46.1967738" lon="6.2033002"><ele>427.6</ele></trkpt>
      <trkpt lat="46.1967832" lon="6.2036898"><ele>427.5</ele></trkpt>
      <trkpt lat="46.1967927" lon="6.2040793"><ele>427.2</ele></trkpt>
      <trkpt lat="46.1967856" lon="6.2041666"><ele>426.7</ele></trkpt>
      <trkpt lat="46.1967542" lon="6.2045537"><ele>426.1</ele></trkpt>
      <trkpt lat="46.1967227" lon="6.2049408"><ele>425.5</ele></trkpt>
      <trkpt lat="46.1966913" lon="6.2053280"><ele>424.8</ele></trkpt>
      <trkpt lat="46.1965947" lon="6.2056745"><ele>424.1</ele></trkpt>
      <trkpt lat="46.1964939" lon="6.2060361"><ele>423.5</ele></trkpt>
      <trkpt lat="46.1963931" lon="6.2063976"><ele>422.9</ele></trkpt>
      <trkpt lat="46.1962923" lon="6.2067592"><ele>422.5</ele></trkpt>
      <trkpt lat="46.1961901" lon="6.2070246"><ele>422.3</ele></trkpt>
      <trkpt lat="46.1960590" lon="6.2073653"><ele>422.0</ele></trkpt>
      <trkpt lat="46.1959279" lon="6.2077059"><ele>421.8</ele></trkpt>
      <trkpt lat="46.1957969" lon="6.2080466"><ele>421.7</ele></trkpt>
      <trkpt lat="46.1956658" lon="6.2083872"><ele>421.5</ele></trkpt>
      <trkpt lat="46.1955347" lon="6.2087279"><ele>421.4</ele></trkpt>
      <trkpt lat="46.1954036" lon="6.2090686"><ele>421.3</ele></trkpt>
      <trkpt lat="46.1952725" lon="6.2094092"><ele>421.2</ele></trkpt>
      <trkpt lat="46.1951414" lon="6.2097499"><ele>421.1</ele></trkpt>
      <trkpt lat="46.1950103" lon="6.2100906"><ele>421.0</ele></trkpt>
      <trkpt lat="46.1948792" lon="6.2104312"><ele>420.8</ele></trkpt>
      <trkpt lat="46.1947481" lon="6.2107719"><ele>420.7</ele></trkpt>
      <trkpt lat="46.1946170" lon="6.2111126"><ele>420.6</ele></trkpt>
      <trkpt lat="46.1944860" lon="6.2114532"><ele>420.5</ele></trkpt>
      <trkpt lat="46.1943549" lon="6.2117939"><ele>420.4</ele></trkpt>
      <trkpt lat="46.1942238" lon="6.2121345"><ele>420.3</ele></trkpt>
      <trkpt lat="46.1940927" lon="6.2124752"><ele>420.2</ele></trkpt>
      <trkpt lat="46.1939616" lon="6.2128159"><ele>420.2</ele></trkpt>
      <trkpt lat="46.1938830" lon="6.2131210"><ele>420.2</ele></trkpt>
      <trkpt lat="46.1937889" lon="6.2134862"><ele>420.3</ele></trkpt>
      <trkpt lat="46.1936948" lon="6.2138515"><ele>420.4</ele></trkpt>
      <trkpt lat="46.1936587" lon="6.2141758"><ele>420.5</ele></trkpt>
      <trkpt lat="46.1936159" lon="6.2145606"><ele>420.7</ele></trkpt>
      <trkpt lat="46.1935731" lon="6.2149454"><ele>420.9</ele></trkpt>
      <trkpt lat="46.1935939" lon="6.2153060"><ele>421.1</ele></trkpt>
      <trkpt lat="46.1936164" lon="6.2156944"><ele>421.4</ele></trkpt>
      <trkpt lat="46.1936389" lon="6.2160828"><ele>421.6</ele></trkpt>
      <trkpt lat="46.1936614" lon="6.2164712"><ele>421.8</ele></trkpt>
      <trkpt lat="46.1936853" lon="6.2167091"><ele>422.0</ele></trkpt>
      <trkpt lat="46.1937240" lon="6.2170948"><ele>422.2</ele></trkpt>
      <trkpt lat="46.1937627" lon="6.2174805"><ele>422.4</ele></trkpt>
      <trkpt lat="46.1938014" lon="6.2178662"><ele>422.6</ele></trkpt>
      <trkpt lat="46.1938401" lon="6.2182519"><ele>422.7</ele></trkpt>
      <trkpt lat="46.1938789" lon="6.2186377"><ele>422.9</ele></trkpt>
      <trkpt lat="46.1939176" lon="6.2190234"><ele>423.1</ele></trkpt>
      <trkpt lat="46.1939563" lon="6.2194091"><ele>423.3</ele></trkpt>
      <trkpt lat="46.1939950" lon="6.2197948"><ele>423.5</ele></trkpt>
      <trkpt lat="46.1940337" lon="6.2201806"><ele>423.6</ele></trkpt>
      <trkpt lat="46.1940725" lon="6.2205663"><ele>423.8</ele></trkpt>
      <trkpt lat="46.1941112" lon="6.2209520"><ele>424.0</ele></trkpt>
      <trkpt lat="46.1941499" lon="6.2213377"><ele>424.2</ele></trkpt>
      <trkpt lat="46.1941886" lon="6.2217234"><ele>424.4</ele></trkpt>
      <trkpt lat="46.1942273" lon="6.2221092"><ele>424.6</ele></trkpt>
      <trkpt lat="46.1942660" lon="6.2224949"><ele>425.0</ele></trkpt>
      <trkpt lat="46.1943048" lon="6.2228806"><ele>425.3</ele></trkpt>
      <trkpt lat="46.1943235" lon="6.2230136"><ele>425.6</ele></trkpt>
      <trkpt lat="46.1943772" lon="6.2233956"><ele>425.9</ele></trkpt>
      <trkpt lat="46.1944309" lon="6.2237775"><ele>426.2</ele></trkpt>
      <trkpt lat="46.1944476" lon="6.2241006"><ele>426.5</ele></trkpt>
      <trkpt lat="46.1944676" lon="6.2244893"><ele>426.8</ele></trkpt>
      <trkpt lat="46.1944877" lon="6.2248780"><ele>427.1</ele></trkpt>
      <trkpt lat="46.1945211" lon="6.2252192"><ele>427.4</ele></trkpt>
      <trkpt lat="46.1945588" lon="6.2256051"><ele>427.6</ele></trkpt>
      <trkpt lat="46.1945966" lon="6.2259910"><ele>427.8</ele></trkpt>
      <trkpt lat="46.1946343" lon="6.2263770"><ele>428.0</ele></trkpt>
      <trkpt lat="46.1946768" lon="6.2267024"><ele>428.2</ele></trkpt>
      <trkpt lat="46.1947267" lon="6.2270854"><ele>428.4</ele></trkpt>
      <trkpt lat="46.1947766" lon="6.2274684"><ele>428.6</ele></trkpt>
      <trkpt lat="46.1947449" lon="6.2274987"><ele>428.8</ele></trkpt>
      <trkpt lat="46.1945199" lon="6.2277136"><ele>429.0</ele></trkpt>
      <trkpt lat="46.1942948" lon="6.2279286"><ele>429.3</ele></trkpt>
      <trkpt lat="46.1940697" lon="6.2281435"><ele>429.4</ele></trkpt>
      <trkpt lat="46.1938596" lon="6.2281504"><ele>429.6</ele></trkpt>
      <trkpt lat="46.1937534" lon="6.2282590"><ele>429.7</ele></trkpt>
      <trkpt lat="46.1936415" lon="6.2283161"><ele>429.7</ele></trkpt>
      <trkpt lat="46.1933871" lon="6.2284461"><ele>429.5</ele></trkpt>
      <trkpt lat="46.1931328" lon="6.2285761"><ele>429.2</ele></trkpt>
      <trkpt lat="46.1930053" lon="6.2285480"><ele>428.9</ele></trkpt>
      <trkpt lat="46.1929697" lon="6.2283029"><ele>428.4</ele></trkpt>
      <trkpt lat="46.1929143" lon="6.2279215"><ele>427.8</ele></trkpt>
      <trkpt lat="46.1927865" lon="6.2278894"><ele>427.2</ele></trkpt>
      <trkpt lat="46.1925207" lon="6.2278226"><ele>426.5</ele></trkpt>
      <trkpt lat="46.1922549" lon="6.2277558"><ele>425.7</ele></trkpt>
      <trkpt lat="46.1919891" lon="6.2276890"><ele>425.0</ele></trkpt>
      <trkpt lat="46.1917233" lon="6.2276222"><ele>424.3</ele></trkpt>
      <trkpt lat="46.1914575" lon="6.2275554"><ele>423.6</ele></trkpt>
      <trkpt lat="46.1911917" lon="6.2274886"><ele>422.7</ele></trkpt>
      <trkpt lat="46.1910459" lon="6.2274707"><ele>421.7</ele></trkpt>
      <trkpt lat="46.1907771" lon="6.2274377"><ele>420.8</ele></trkpt>
      <trkpt lat="46.1905083" lon="6.2274047"><ele>419.9</ele></trkpt>
      <trkpt lat="46.1902394" lon="6.2273716"><ele>419.0</ele></trkpt>
      <trkpt lat="46.1899706" lon="6.2273386"><ele>418.0</ele></trkpt>
      <trkpt lat="46.1899028" lon="6.2273525"><ele>417.1</ele></trkpt>
      <trkpt lat="46.1896357" lon="6.2274070"><ele>416.3</ele></trkpt>
      <trkpt lat="46.1893685" lon="6.2274616"><ele>415.7</ele></trkpt>
      <trkpt lat="46.1891014" lon="6.2275162"><ele>415.2</ele></trkpt>
      <trkpt lat="46.1888343" lon="6.2275707"><ele>414.9</ele></trkpt>
      <trkpt lat="46.1886695" lon="6.2276541"><ele>414.5</ele></trkpt>
      <trkpt lat="46.1886208" lon="6.2277008"><ele>414.2</ele></trkpt>
      <trkpt lat="46.1883961" lon="6.2279165"><ele>413.9</ele></trkpt>
      <trkpt lat="46.1881714" lon="6.2281322"><ele>413.8</ele></trkpt>
      <trkpt lat="46.1879467" lon="6.2283480"><ele>413.6</ele></trkpt>
      <trkpt lat="46.1877220" lon="6.2285637"><ele>413.5</ele></trkpt>
      <trkpt lat="46.1874973" lon="6.2287794"><ele>413.4</ele></trkpt>
      <trkpt lat="46.1872726" lon="6.2289951"><ele>413.1</ele></trkpt>
      <trkpt lat="46.1870479" lon="6.2292108"><ele>412.7</ele></trkpt>
      <trkpt lat="46.1868229" lon="6.2293623"><ele>412.3</ele></trkpt>
      <trkpt lat="46.1865783" lon="6.2295269"><ele>411.9</ele></trkpt>
      <trkpt lat="46.1863411" lon="6.2295627"><ele>411.4</ele></trkpt>
      <trkpt lat="46.1860728" lon="6.2296031"><ele>410.9</ele></trkpt>
      <trkpt lat="46.1858163" lon="6.2295801"><ele>410.3</ele></trkpt>
      <trkpt lat="46.1856998" lon="6.2295225"><ele>409.6</ele></trkpt>
      <trkpt lat="46.1854445" lon="6.2293962"><ele>408.8</ele></trkpt>
      <trkpt lat="46.1851893" lon="6.2292699"><ele>408.0</ele></trkpt>
      <trkpt lat="46.1850725" lon="6.2291775"><ele>407.3</ele></trkpt>
      <trkpt lat="46.1848359" lon="6.2289903"><ele>406.6</ele></trkpt>
      <trkpt lat="46.1847565" lon="6.2289700"><ele>406.0</ele></trkpt>
      <trkpt lat="46.1844908" lon="6.2289023"><ele>405.4</ele></trkpt>
      <trkpt lat="46.1843999" lon="6.2290877"><ele>405.0</ele></trkpt>
      <trkpt lat="46.1842440" lon="6.2294058"><ele>404.7</ele></trkpt>
      <trkpt lat="46.1840881" lon="6.2297238"><ele>404.5</ele></trkpt>
      <trkpt lat="46.1840490" lon="6.2298567"><ele>404.3</ele></trkpt>
      <trkpt lat="46.1839433" lon="6.2302153"><ele>404.5</ele></trkpt>
      <trkpt lat="46.1838377" lon="6.2305739"><ele>404.6</ele></trkpt>
      <trkpt lat="46.1837579" lon="6.2307963"><ele>404.7</ele></trkpt>
      <trkpt lat="46.1836336" lon="6.2311422"><ele>404.8</ele></trkpt>
      <trkpt lat="46.1835094" lon="6.2314881"><ele>404.9</ele></trkpt>
      <trkpt lat="46.1834544" lon="6.2316043"><ele>405.0</ele></trkpt>
      <trkpt lat="46.1833022" lon="6.2319261"><ele>405.0</ele></trkpt>
      <trkpt lat="46.1831501" lon="6.2322479"><ele>405.0</ele></trkpt>
      <trkpt lat="46.1829979" lon="6.2325697"><ele>405.0</ele></trkpt>
      <trkpt lat="46.1828458" lon="6.2328915"><ele>405.0</ele></trkpt>
      <trkpt lat="46.1826936" lon="6.2332133"><ele>405.0</ele></trkpt>
      <trkpt lat="46.1825415" lon="6.2335351"><ele>405.1</ele></trkpt>
      <trkpt lat="46.1824264" lon="6.2337322"><ele>405.2</ele></trkpt>
      <trkpt lat="46.1822525" lon="6.2340300"><ele>405.2</ele></trkpt>
      <trkpt lat="46.1821091" lon="6.2341697"><ele>405.2</ele></trkpt>
      <trkpt lat="46.1818854" lon="6.2343875"><ele>405.1</ele></trkpt>
      <trkpt lat="46.1816617" lon="6.2346053"><ele>405.0</ele></trkpt>
      <trkpt lat="46.1814179" lon="6.2347651"><ele>404.9</ele></trkpt>
      <trkpt lat="46.1811722" lon="6.2349262"><ele>404.9</ele></trkpt>
      <trkpt lat="46.1810958" lon="6.2349637"><ele>404.8</ele></trkpt>
      <trkpt lat="46.1808404" lon="6.2350892"><ele>404.7</ele></trkpt>
      <trkpt lat="46.1805850" lon="6.2352148"><ele>404.6</ele></trkpt>
      <trkpt lat="46.1804818" lon="6.2352935"><ele>404.5</ele></trkpt>
      <trkpt lat="46.1802433" lon="6.2354757"><ele>404.6</ele></trkpt>
      <trkpt lat="46.1800048" lon="6.2356578"><ele>404.7</ele></trkpt>
      <trkpt lat="46.1798374" lon="6.2357719"><ele>404.7</ele></trkpt>
      <trkpt lat="46.1795933" lon="6.2359380"><ele>404.8</ele></trkpt>
      <trkpt lat="46.1793493" lon="6.2361042"><ele>404.9</ele></trkpt>
      <trkpt lat="46.1791052" lon="6.2362704"><ele>405.0</ele></trkpt>
      <trkpt lat="46.1788612" lon="6.2364365"><ele>405.0</ele></trkpt>
      <trkpt lat="46.1787024" lon="6.2365899"><ele>405.1</ele></trkpt>
      <trkpt lat="46.1784781" lon="6.2368066"><ele>405.2</ele></trkpt>
      <trkpt lat="46.1784028" lon="6.2369094"><ele>405.5</ele></trkpt>
      <trkpt lat="46.1782068" lon="6.2371770"><ele>406.0</ele></trkpt>
      <trkpt lat="46.1780107" lon="6.2374447"><ele>406.8</ele></trkpt>
      <trkpt lat="46.1778146" lon="6.2377124"><ele>407.7</ele></trkpt>
      <trkpt lat="46.1776881" lon="6.2379998"><ele>408.9</ele></trkpt>
      <trkpt lat="46.1775433" lon="6.2383286"><ele>410.3</ele></trkpt>
      <trkpt lat="46.1773985" lon="6.2386574"><ele>411.8</ele></trkpt>
      <trkpt lat="46.1772537" lon="6.2389862"><ele>413.5</ele></trkpt>
      <trkpt lat="46.1771090" lon="6.2393150"><ele>415.5</ele></trkpt>
      <trkpt lat="46.1769642" lon="6.2396438"><ele>417.2</ele></trkpt>
      <trkpt lat="46.1768194" lon="6.2399725"><ele>418.9</ele></trkpt>
      <trkpt lat="46.1766746" lon="6.2403013"><ele>420.6</ele></trkpt>
      <trkpt lat="46.1765298" lon="6.2406301"><ele>422.2</ele></trkpt>
      <trkpt lat="46.1765175" lon="6.2406662"><ele>424.0</ele></trkpt>
      <trkpt lat="46.1763983" lon="6.2410157"><ele>425.9</ele></trkpt>
      <trkpt lat="46.1762791" lon="6.2413652"><ele>427.8</ele></trkpt>
      <trkpt lat="46.1762604" lon="6.2414936"><ele>429.6</ele></trkpt>
      <trkpt lat="46.1762049" lon="6.2418749"><ele>431.2</ele></trkpt>
      <trkpt lat="46.1761494" lon="6.2422562"><ele>432.9</ele></trkpt>
      <trkpt lat="46.1761587" lon="6.2425794"><ele>434.4</ele></trkpt>
      <trkpt lat="46.1762207" lon="6.2429114"><ele>435.7</ele></trkpt>
      <trkpt lat="46.1763092" lon="6.2430997"><ele>437.0</ele></trkpt>
      <trkpt lat="46.1764607" lon="6.2434221"><ele>437.9</ele></trkpt>
      <trkpt lat="46.1766121" lon="6.2437445"><ele>438.5</ele></trkpt>
      <trkpt lat="46.1766212" lon="6.2437770"><ele>438.9</ele></trkpt>
      <trkpt lat="46.1767219" lon="6.2441385"><ele>439.2</ele></trkpt>
      <trkpt lat="46.1767077" lon="6.2443411"><ele>439.5</ele></trkpt>
      <trkpt lat="46.1766502" lon="6.2444506"><ele>439.8</ele></trkpt>
      <trkpt lat="46.1764873" lon="6.2447612"><ele>440.1</ele></trkpt>
      <trkpt lat="46.1763244" lon="6.2450718"><ele>440.4</ele></trkpt>
      <trkpt lat="46.1761615" lon="6.2453824"><ele>440.7</ele></trkpt>
      <trkpt lat="46.1759986" lon="6.2456930"><ele>440.9</ele></trkpt>
      <trkpt lat="46.1758358" lon="6.2460036"><ele>441.2</ele></trkpt>
      <trkpt lat="46.1756729" lon="6.2463142"><ele>441.4</ele></trkpt>
      <trkpt lat="46.1755100" lon="6.2466248"><ele>441.5</ele></trkpt>
      <trkpt lat="46.1753471" lon="6.2469354"><ele>441.7</ele></trkpt>
      <trkpt lat="46.1751820" lon="6.2471900"><ele>441.8</ele></trkpt>
      <trkpt lat="46.1749976" lon="6.2474744"><ele>441.9</ele></trkpt>
      <trkpt lat="46.1749958" lon="6.2474774"><ele>442.0</ele></trkpt>
      <trkpt lat="46.1748193" lon="6.2477721"><ele>442.0</ele></trkpt>
      <trkpt lat="46.1748012" lon="6.2477996"><ele>442.0</ele></trkpt>
      <trkpt lat="46.1746158" lon="6.2480826"><ele>442.0</ele></trkpt>
      <trkpt lat="46.1744303" lon="6.2483656"><ele>442.0</ele></trkpt>
      <trkpt lat="46.1742449" lon="6.2486486"><ele>442.0</ele></trkpt>
      <trkpt lat="46.1740594" lon="6.2489316"><ele>442.0</ele></trkpt>
      <trkpt lat="46.1738740" lon="6.2492145"><ele>442.0</ele></trkpt>
      <trkpt lat="46.1736886" lon="6.2494975"><ele>442.0</ele></trkpt>
      <trkpt lat="46.1735031" lon="6.2497805"><ele>442.0</ele></trkpt>
      <trkpt lat="46.1733177" lon="6.2500635"><ele>442.0</ele></trkpt>
      <trkpt lat="46.1731322" lon="6.2503465"><ele>442.0</ele></trkpt>
      <trkpt lat="46.1729468" lon="6.2506294"><ele>442.0</ele></trkpt>
      <trkpt lat="46.1727613" lon="6.2509124"><ele>442.0</ele></trkpt>
      <trkpt lat="46.1725759" lon="6.2511954"><ele>442.0</ele></trkpt>
      <trkpt lat="46.1723904" lon="6.2514784"><ele>442.0</ele></trkpt>
      <trkpt lat="46.1722050" lon="6.2517614"><ele>442.0</ele></trkpt>
      <trkpt lat="46.1720195" lon="6.2520443"><ele>441.9</ele></trkpt>
      <trkpt lat="46.1719563" lon="6.2521182"><ele>441.9</ele></trkpt>
      <trkpt lat="46.1717465" lon="6.2523632"><ele>441.8</ele></trkpt>
      <trkpt lat="46.1715367" lon="6.2526082"><ele>441.8</ele></trkpt>
      <trkpt lat="46.1713269" lon="6.2528531"><ele>441.7</ele></trkpt>
      <trkpt lat="46.1711171" lon="6.2530981"><ele>441.6</ele></trkpt>
      <trkpt lat="46.1709074" lon="6.2533431"><ele>441.5</ele></trkpt>
      <trkpt lat="46.1706976" lon="6.2535881"><ele>441.4</ele></trkpt>
      <trkpt lat="46.1704878" lon="6.2538331"><ele>441.3</ele></trkpt>
      <trkpt lat="46.1702780" lon="6.2540780"><ele>441.3</ele></trkpt>
      <trkpt lat="46.1700682" lon="6.2543230"><ele>441.2</ele></trkpt>
      <trkpt lat="46.1698584" lon="6.2545680"><ele>441.2</ele></trkpt>
      <trkpt lat="46.1698113" lon="6.2546348"><ele>441.1</ele></trkpt>
      <trkpt lat="46.1696189" lon="6.2549079"><ele>440.9</ele></trkpt>
      <trkpt lat="46.1695747" lon="6.2549954"><ele>440.7</ele></trkpt>
      <trkpt lat="46.1694157" lon="6.2553102"><ele>440.4</ele></trkpt>
      <trkpt lat="46.1693665" lon="6.2556037"><ele>440.2</ele></trkpt>
      <trkpt lat="46.1693030" lon="6.2559824"><ele>440.1</ele></trkpt>
      <trkpt lat="46.1693243" lon="6.2563525"><ele>440.0</ele></trkpt>
      <trkpt lat="46.1693467" lon="6.2567408"><ele>440.0</ele></trkpt>
      <trkpt lat="46.1693389" lon="6.2568979"><ele>440.0</ele></trkpt>
      <trkpt lat="46.1693197" lon="6.2572865"><ele>440.1</ele></trkpt>
      <trkpt lat="46.1692666" lon="6.2574620"><ele>440.3</ele></trkpt>
      <trkpt lat="46.1691585" lon="6.2578189"><ele>440.6</ele></trkpt>
      <trkpt lat="46.1690504" lon="6.2581759"><ele>440.9</ele></trkpt>
      <trkpt lat="46.1689423" lon="6.2585328"><ele>441.2</ele></trkpt>
      <trkpt lat="46.1688343" lon="6.2588898"><ele>441.3</ele></trkpt>
      <trkpt lat="46.1687858" lon="6.2590708"><ele>441.4</ele></trkpt>
      <trkpt lat="46.1686886" lon="6.2594341"><ele>441.5</ele></trkpt>
      <trkpt lat="46.1686822" lon="6.2594678"><ele>441.6</ele></trkpt>
      <trkpt lat="46.1686116" lon="6.2598437"><ele>441.6</ele></trkpt>
      <trkpt lat="46.1685409" lon="6.2602197"><ele>441.6</ele></trkpt>
      <trkpt lat="46.1684703" lon="6.2605957"><ele>441.5</ele></trkpt>
      <trkpt lat="46.1683996" lon="6.2609717"><ele>441.3</ele></trkpt>
      <trkpt lat="46.1683661" lon="6.2612490"><ele>441.2</ele></trkpt>
      <trkpt lat="46.1683197" lon="6.2616327"><ele>441.0</ele></trkpt>
      <trkpt lat="46.1682733" lon="6.2620165"><ele>440.7</ele></trkpt>
      <trkpt lat="46.1682269" lon="6.2624003"><ele>440.5</ele></trkpt>
      <trkpt lat="46.1681805" lon="6.2627841"><ele>440.2</ele></trkpt>
      <trkpt lat="46.1681341" lon="6.2631678"><ele>440.0</ele></trkpt>
      <trkpt lat="46.1681355" lon="6.2631866"><ele>439.9</ele></trkpt>
      <trkpt lat="46.1681626" lon="6.2635742"><ele>439.9</ele></trkpt>
      <trkpt lat="46.1681897" lon="6.2639618"><ele>440.0</ele></trkpt>
      <trkpt lat="46.1682169" lon="6.2643494"><ele>440.2</ele></trkpt>
      <trkpt lat="46.1682325" lon="6.2644021"><ele>440.6</ele></trkpt>
      <trkpt lat="46.1683385" lon="6.2647603"><ele>441.1</ele></trkpt>
      <trkpt lat="46.1684445" lon="6.2651186"><ele>441.6</ele></trkpt>
      <trkpt lat="46.1685505" lon="6.2654768"><ele>442.2</ele></trkpt>
      <trkpt lat="46.1686152" lon="6.2658189"><ele>442.8</ele></trkpt>
      <trkpt lat="46.1686326" lon="6.2660160"><ele>443.4</ele></trkpt>
      <trkpt lat="46.1686273" lon="6.2660927"><ele>444.1</ele></trkpt>
      <trkpt lat="46.1686006" lon="6.2664804"><ele>445.0</ele></trkpt>
      <trkpt lat="46.1685739" lon="6.2668681"><ele>446.0</ele></trkpt>
      <trkpt lat="46.1685472" lon="6.2672557"><ele>446.9</ele></trkpt>
      <trkpt lat="46.1685299" lon="6.2673915"><ele>447.9</ele></trkpt>
      <trkpt lat="46.1684809" lon="6.2677746"><ele>448.9</ele></trkpt>
      <trkpt lat="46.1683722" lon="6.2680335"><ele>450.0</ele></trkpt>
      <trkpt lat="46.1682980" lon="6.2681120"><ele>451.0</ele></trkpt>
      <trkpt lat="46.1680803" lon="6.2683421"><ele>451.9</ele></trkpt>
      <trkpt lat="46.1678627" lon="6.2685723"><ele>452.6</ele></trkpt>
      <trkpt lat="46.1676450" lon="6.2688025"><ele>452.8</ele></trkpt>
      <trkpt lat="46.1675940" lon="6.2688614"><ele>452.9</ele></trkpt>
      <trkpt lat="46.1673832" lon="6.2691045"><ele>453.2</ele></trkpt>
      <trkpt lat="46.1671724" lon="6.2693476"><ele>453.5</ele></trkpt>
      <trkpt lat="46.1670485" lon="6.2696246"><ele>453.8</ele></trkpt>
      <trkpt lat="46.1669850" lon="6.2699523"><ele>454.0</ele></trkpt>
      <trkpt lat="46.1669970" lon="6.2701535"><ele>454.2</ele></trkpt>
      <trkpt lat="46.1670200" lon="6.2705417"><ele>454.3</ele></trkpt>
      <trkpt lat="46.1671712" lon="6.2708639"><ele>454.5</ele></trkpt>
      <trkpt lat="46.1671750" lon="6.2708673"><ele>454.8</ele></trkpt>
      <trkpt lat="46.1674050" lon="6.2710711"><ele>454.9</ele></trkpt>
      <trkpt lat="46.1676349" lon="6.2712749"><ele>454.8</ele></trkpt>
      <trkpt lat="46.1677799" lon="6.2713045"><ele>453.5</ele></trkpt>
      <trkpt lat="46.1680471" lon="6.2713591"><ele>452.5</ele></trkpt>
      <trkpt lat="46.1683142" lon="6.2714138"><ele>451.8</ele></trkpt>
      <trkpt lat="46.1683290" lon="6.2714419"><ele>451.5</ele></trkpt>
      <trkpt lat="46.1684925" lon="6.2717518"><ele>451.4</ele></trkpt>
      <trkpt lat="46.1684621" lon="6.2720246"><ele>451.9</ele></trkpt>
      <trkpt lat="46.1684193" lon="6.2724092"><ele>452.8</ele></trkpt>
      <trkpt lat="46.1683764" lon="6.2727939"><ele>453.9</ele></trkpt>
      <trkpt lat="46.1683336" lon="6.2731785"><ele>455.2</ele></trkpt>
      <trkpt lat="46.1681783" lon="6.2734558"><ele>457.4</ele></trkpt>
      <trkpt lat="46.1680264" lon="6.2735870"><ele>459.6</ele></trkpt>
      <trkpt lat="46.1678459" lon="6.2736015"><ele>461.8</ele></trkpt>
      <trkpt lat="46.1675765" lon="6.2736231"><ele>463.8</ele></trkpt>
      <trkpt lat="46.1674443" lon="6.2736019"><ele>465.6</ele></trkpt>
      <trkpt lat="46.1671761" lon="6.2735590"><ele>467.1</ele></trkpt>
      <trkpt lat="46.1669079" lon="6.2735161"><ele>468.4</ele></trkpt>
      <trkpt lat="46.1666831" lon="6.2734360"><ele>469.8</ele></trkpt>
      <trkpt lat="46.1664211" lon="6.2733428"><ele>471.0</ele></trkpt>
      <trkpt lat="46.1662423" lon="6.2731926"><ele>472.2</ele></trkpt>
      <trkpt lat="46.1660091" lon="6.2729967"><ele>473.3</ele></trkpt>
      <trkpt lat="46.1657759" lon="6.2728008"><ele>474.3</ele></trkpt>
      <trkpt lat="46.1657120" lon="6.2727755"><ele>475.1</ele></trkpt>
      <trkpt lat="46.1654518" lon="6.2726724"><ele>475.9</ele></trkpt>
      <trkpt lat="46.1651916" lon="6.2725693"><ele>476.6</ele></trkpt>
      <trkpt lat="46.1649315" lon="6.2724662"><ele>477.2</ele></trkpt>
      <trkpt lat="46.1646713" lon="6.2723631"><ele>477.7</ele></trkpt>
      <trkpt lat="46.1644111" lon="6.2722601"><ele>478.2</ele></trkpt>
      <trkpt lat="46.1642465" lon="6.2722457"><ele>478.7</ele></trkpt>
      <trkpt lat="46.1641350" lon="6.2722727"><ele>479.2</ele></trkpt>
      <trkpt lat="46.1641153" lon="6.2722848"><ele>479.7</ele></trkpt>
      <trkpt lat="46.1638672" lon="6.2724378"><ele>480.0</ele></trkpt>
      <trkpt lat="46.1638575" lon="6.2724480"><ele>480.3</ele></trkpt>
      <trkpt lat="46.1636402" lon="6.2726788"><ele>480.5</ele></trkpt>
      <trkpt lat="46.1636038" lon="6.2727667"><ele>480.8</ele></trkpt>
      <trkpt lat="46.1634654" lon="6.2731010"><ele>481.0</ele></trkpt>
      <trkpt lat="46.1633269" lon="6.2734353"><ele>481.1</ele></trkpt>
      <trkpt lat="46.1631884" lon="6.2737696"><ele>481.2</ele></trkpt>
      <trkpt lat="46.1630499" lon="6.2741040"><ele>481.1</ele></trkpt>
      <trkpt lat="46.1629115" lon="6.2744383"><ele>481.1</ele></trkpt>
      <trkpt lat="46.1627730" lon="6.2747726"><ele>481.0</ele></trkpt>
      <trkpt lat="46.1626345" lon="6.2751069"><ele>480.9</ele></trkpt>
      <trkpt lat="46.1624961" lon="6.2754412"><ele>480.8</ele></trkpt>
      <trkpt lat="46.1624307" lon="6.2755545"><ele>480.7</ele></trkpt>
      <trkpt lat="46.1622582" lon="6.2758540"><ele>480.5</ele></trkpt>
      <trkpt lat="46.1622436" lon="6.2759049"><ele>480.4</ele></trkpt>
      <trkpt lat="46.1621406" lon="6.2762650"><ele>480.3</ele></trkpt>
      <trkpt lat="46.1620812" lon="6.2764434"><ele>480.1</ele></trkpt>
      <trkpt lat="46.1619642" lon="6.2767944"><ele>480.0</ele></trkpt>
      <trkpt lat="46.1618723" lon="6.2770361"><ele>479.9</ele></trkpt>
      <trkpt lat="46.1617425" lon="6.2773776"><ele>479.7</ele></trkpt>
      <trkpt lat="46.1616127" lon="6.2777190"><ele>479.6</ele></trkpt>
      <trkpt lat="46.1614830" lon="6.2780605"><ele>479.5</ele></trkpt>
      <trkpt lat="46.1613532" lon="6.2784020"><ele>479.4</ele></trkpt>
      <trkpt lat="46.1612234" lon="6.2787435"><ele>479.2</ele></trkpt>
      <trkpt lat="46.1610936" lon="6.2790850"><ele>479.1</ele></trkpt>
      <trkpt lat="46.1609638" lon="6.2794265"><ele>479.0</ele></trkpt>
      <trkpt lat="46.1608340" lon="6.2797680"><ele>478.8</ele></trkpt>
      <trkpt lat="46.1607042" lon="6.2801094"><ele>478.7</ele></trkpt>
      <trkpt lat="46.1605744" lon="6.2804509"><ele>478.5</ele></trkpt>
      <trkpt lat="46.1604446" lon="6.2807924"><ele>478.4</ele></trkpt>
      <trkpt lat="46.1603148" lon="6.2811339"><ele>478.2</ele></trkpt>
      <trkpt lat="46.1601850" lon="6.2814754"><ele>478.1</ele></trkpt>
      <trkpt lat="46.1601672" lon="6.2815115"><ele>477.9</ele></trkpt>
      <trkpt lat="46.1600109" lon="6.2818290"><ele>477.6</ele></trkpt>
      <trkpt lat="46.1598546" lon="6.2821465"><ele>477.4</ele></trkpt>
      <trkpt lat="46.1596983" lon="6.2824639"><ele>477.2</ele></trkpt>
      <trkpt lat="46.1595420" lon="6.2827814"><ele>476.8</ele></trkpt>
      <trkpt lat="46.1593856" lon="6.2830989"><ele>476.4</ele></trkpt>
      <trkpt lat="46.1592293" lon="6.2834163"><ele>476.0</ele></trkpt>
      <trkpt lat="46.1592041" lon="6.2834729"><ele>475.6</ele></trkpt>
      <trkpt lat="46.1590578" lon="6.2838002"><ele>475.2</ele></trkpt>
      <trkpt lat="46.1589116" lon="6.2841275"><ele>474.8</ele></trkpt>
      <trkpt lat="46.1588725" lon="6.2842903"><ele>474.3</ele></trkpt>
      <trkpt lat="46.1587842" lon="6.2846583"><ele>473.8</ele></trkpt>
      <trkpt lat="46.1586958" lon="6.2850264"><ele>473.3</ele></trkpt>
      <trkpt lat="46.1586075" lon="6.2853944"><ele>472.8</ele></trkpt>
      <trkpt lat="46.1585192" lon="6.2857624"><ele>472.3</ele></trkpt>
      <trkpt lat="46.1584309" lon="6.2861305"><ele>471.8</ele></trkpt>
      <trkpt lat="46.1583426" lon="6.2864985"><ele>471.3</ele></trkpt>
      <trkpt lat="46.1582542" lon="6.2868666"><ele>470.9</ele></trkpt>
      <trkpt lat="46.1581659" lon="6.2872346"><ele>470.4</ele></trkpt>
      <trkpt lat="46.1580776" lon="6.2876026"><ele>470.0</ele></trkpt>
      <trkpt lat="46.1579893" lon="6.2879707"><ele>469.6</ele></trkpt>
      <trkpt lat="46.1579009" lon="6.2883387"><ele>469.3</ele></trkpt>
      <trkpt lat="46.1578126" lon="6.2887068"><ele>469.1</ele></trkpt>
      <trkpt lat="46.1578074" lon="6.2887308"><ele>468.9</ele></trkpt>
      <trkpt lat="46.1577276" lon="6.2891029"><ele>468.8</ele></trkpt>
      <trkpt lat="46.1576478" lon="6.2894749"><ele>468.7</ele></trkpt>
      <trkpt lat="46.1575679" lon="6.2898470"><ele>468.8</ele></trkpt>
      <trkpt lat="46.1574881" lon="6.2902190"><ele>468.9</ele></trkpt>
      <trkpt lat="46.1574083" lon="6.2905911"><ele>469.0</ele></trkpt>
      <trkpt lat="46.1573284" lon="6.2909631"><ele>469.1</ele></trkpt>
      <trkpt lat="46.1572486" lon="6.2913352"><ele>469.2</ele></trkpt>
      <trkpt lat="46.1571688" lon="6.2917072"><ele>469.3</ele></trkpt>
      <trkpt lat="46.1570889" lon="6.2920793"><ele>469.4</ele></trkpt>
      <trkpt lat="46.1570091" lon="6.2924513"><ele>469.5</ele></trkpt>
      <trkpt lat="46.1569293" lon="6.2928234"><ele>469.6</ele></trkpt>
      <trkpt lat="46.1568494" lon="6.2931954"><ele>469.7</ele></trkpt>
      <trkpt lat="46.1567696" lon="6.2935675"><ele>469.8</ele></trkpt>
      <trkpt lat="46.1566898" lon="6.2939395"><ele>469.9</ele></trkpt>
      <trkpt lat="46.1566099" lon="6.2943116"><ele>470.0</ele></trkpt>
      <trkpt lat="46.1565301" lon="6.2946836"><ele>470.1</ele></trkpt>
      <trkpt lat="46.1564503" lon="6.2950557"><ele>470.2</ele></trkpt>
      <trkpt lat="46.1563704" lon="6.2954277"><ele>470.3</ele></trkpt>
      <trkpt lat="46.1562906" lon="6.2957998"><ele>470.4</ele></trkpt>
      <trkpt lat="46.1562108" lon="6.2961718"><ele>470.5</ele></trkpt>
      <trkpt lat="46.1561309" lon="6.2965439"><ele>470.6</ele></trkpt>
      <trkpt lat="46.1560511" lon="6.2969159"><ele>470.6</ele></trkpt>
      <trkpt lat="46.1559713" lon="6.2972880"><ele>470.6</ele></trkpt>
      <trkpt lat="46.1558914" lon="6.2976600"><ele>470.6</ele></trkpt>
      <trkpt lat="46.1558809" lon="6.2976980"><ele>470.5</ele></trkpt>
      <trkpt lat="46.1557801" lon="6.2980593"><ele>470.5</ele></trkpt>
      <trkpt lat="46.1557517" lon="6.2982108"><ele>470.5</ele></trkpt>
      <trkpt lat="46.1556812" lon="6.2985868"><ele>470.5</ele></trkpt>
      <trkpt lat="46.1556107" lon="6.2989627"><ele>470.5</ele></trkpt>
      <trkpt lat="46.1555544" lon="6.2992257"><ele>470.5</ele></trkpt>
      <trkpt lat="46.1554749" lon="6.2995979"><ele>470.7</ele></trkpt>
      <trkpt lat="46.1553953" lon="6.2999700"><ele>470.9</ele></trkpt>
      <trkpt lat="46.1553157" lon="6.3003422"><ele>471.1</ele></trkpt>
      <trkpt lat="46.1552361" lon="6.3007143"><ele>471.4</ele></trkpt>
      <trkpt lat="46.1551565" lon="6.3010865"><ele>471.7</ele></trkpt>
      <trkpt lat="46.1550769" lon="6.3014587"><ele>472.0</ele></trkpt>
      <trkpt lat="46.1549974" lon="6.3018308"><ele>472.2</ele></trkpt>
      <trkpt lat="46.1549178" lon="6.3022030"><ele>472.4</ele></trkpt>
      <trkpt lat="46.1548382" lon="6.3025751"><ele>472.6</ele></trkpt>
      <trkpt lat="46.1547779" lon="6.3028110"><ele>472.7</ele></trkpt>
      <trkpt lat="46.1546844" lon="6.3031764"><ele>472.9</ele></trkpt>
      <trkpt lat="46.1545910" lon="6.3035417"><ele>473.0</ele></trkpt>
      <trkpt lat="46.1544975" lon="6.3039071"><ele>473.2</ele></trkpt>
      <trkpt lat="46.1544744" lon="6.3040531"><ele>473.3</ele></trkpt>
      <trkpt lat="46.1544143" lon="6.3044327"><ele>473.5</ele></trkpt>
      <trkpt lat="46.1543543" lon="6.3048124"><ele>473.7</ele></trkpt>
      <trkpt lat="46.1542942" lon="6.3051921"><ele>473.9</ele></trkpt>
      <trkpt lat="46.1542446" lon="6.3054135"><ele>474.0</ele></trkpt>
      <trkpt lat="46.1541615" lon="6.3057841"><ele>474.1</ele></trkpt>
      <trkpt lat="46.1540785" lon="6.3061546"><ele>474.1</ele></trkpt>
      <trkpt lat="46.1539865" lon="6.3064269"><ele>474.0</ele></trkpt>
      <trkpt lat="46.1539021" lon="6.3065458"><ele>473.9</ele></trkpt>
      <trkpt lat="46.1537090" lon="6.3068177"><ele>473.7</ele></trkpt>
      <trkpt lat="46.1535158" lon="6.3070897"><ele>473.5</ele></trkpt>
      <trkpt lat="46.1534762" lon="6.3071661"><ele>473.2</ele></trkpt>
      <trkpt lat="46.1533145" lon="6.3074779"><ele>472.9</ele></trkpt>
      <trkpt lat="46.1531529" lon="6.3077896"><ele>472.7</ele></trkpt>
      <trkpt lat="46.1531210" lon="6.3079236"><ele>472.5</ele></trkpt>
      <trkpt lat="46.1530333" lon="6.3082920"><ele>472.5</ele></trkpt>
      <trkpt lat="46.1529456" lon="6.3086603"><ele>472.5</ele></trkpt>
      <trkpt lat="46.1528579" lon="6.3090286"><ele>472.6</ele></trkpt>
      <trkpt lat="46.1527605" lon="6.3093046"><ele>472.7</ele></trkpt>
      <trkpt lat="46.1526379" lon="6.3096516"><ele>472.9</ele></trkpt>
      <trkpt lat="46.1526186" lon="6.3096889"><ele>473.0</ele></trkpt>
      <trkpt lat="46.1524576" lon="6.3100014"><ele>473.2</ele></trkpt>
      <trkpt lat="46.1522966" lon="6.3103139"><ele>473.4</ele></trkpt>
      <trkpt lat="46.1521356" lon="6.3106264"><ele>473.5</ele></trkpt>
      <trkpt lat="46.1519746" lon="6.3109390"><ele>473.5</ele></trkpt>
      <trkpt lat="46.1518136" lon="6.3112515"><ele>473.5</ele></trkpt>
      <trkpt lat="46.1516526" lon="6.3115640"><ele>473.6</ele></trkpt>
      <trkpt lat="46.1514916" lon="6.3118765"><ele>473.6</ele></trkpt>
      <trkpt lat="46.1513306" lon="6.3121890"><ele>473.7</ele></trkpt>
      <trkpt lat="46.1511696" lon="6.3125015"><ele>473.7</ele></trkpt>
      <trkpt lat="46.1510086" lon="6.3128140"><ele>473.7</ele></trkpt>
      <trkpt lat="46.1508476" lon="6.3131265"><ele>473.8</ele></trkpt>
      <trkpt lat="46.1506866" lon="6.3134390"><ele>473.8</ele></trkpt>
      <trkpt lat="46.1505256" lon="6.3137515"><ele>473.8</ele></trkpt>
      <trkpt lat="46.1503645" lon="6.3140640"><ele>473.8</ele></trkpt>
      <trkpt lat="46.1502035" lon="6.3143765"><ele>473.8</ele></trkpt>
      <trkpt lat="46.1500425" lon="6.3146890"><ele>473.7</ele></trkpt>
      <trkpt lat="46.1499683" lon="6.3147812"><ele>473.6</ele></trkpt>
      <trkpt lat="46.1497637" lon="6.3150351"><ele>473.5</ele></trkpt>
      <trkpt lat="46.1495591" lon="6.3152891"><ele>473.5</ele></trkpt>
      <trkpt lat="46.1493546" lon="6.3155430"><ele>473.5</ele></trkpt>
      <trkpt lat="46.1492487" lon="6.3157127"><ele>473.5</ele></trkpt>
      <trkpt lat="46.1492472" lon="6.3157162"><ele>473.5</ele></trkpt>
      <trkpt lat="46.1491046" lon="6.3160468"><ele>473.6</ele></trkpt>
      <trkpt lat="46.1489620" lon="6.3163774"><ele>473.8</ele></trkpt>
      <trkpt lat="46.1488195" lon="6.3167080"><ele>473.9</ele></trkpt>
      <trkpt lat="46.1486769" lon="6.3170386"><ele>473.9</ele></trkpt>
      <trkpt lat="46.1485343" lon="6.3173693"><ele>473.9</ele></trkpt>
      <trkpt lat="46.1483917" lon="6.3176999"><ele>473.8</ele></trkpt>
      <trkpt lat="46.1483406" lon="6.3179080"><ele>473.6</ele></trkpt>
      <trkpt lat="46.1482503" lon="6.3182750"><ele>473.4</ele></trkpt>
      <trkpt lat="46.1481601" lon="6.3186420"><ele>473.2</ele></trkpt>
      <trkpt lat="46.1480944" lon="6.3188366"><ele>473.0</ele></trkpt>
      <trkpt lat="46.1479761" lon="6.3191866"><ele>472.7</ele></trkpt>
      <trkpt lat="46.1478498" lon="6.3194291"><ele>472.4</ele></trkpt>
      <trkpt lat="46.1476877" lon="6.3197403"><ele>472.2</ele></trkpt>
      <trkpt lat="46.1475255" lon="6.3200515"><ele>471.9</ele></trkpt>
      <trkpt lat="46.1474745" lon="6.3201660"><ele>471.6</ele></trkpt>
      <trkpt lat="46.1473287" lon="6.3204937"><ele>471.2</ele></trkpt>
      <trkpt lat="46.1471829" lon="6.3208213"><ele>470.7</ele></trkpt>
      <trkpt lat="46.1470371" lon="6.3211490"><ele>470.2</ele></trkpt>
      <trkpt lat="46.1468913" lon="6.3214766"><ele>469.7</ele></trkpt>
      <trkpt lat="46.1467455" lon="6.3218043"><ele>469.2</ele></trkpt>
      <trkpt lat="46.1466515" lon="6.3219340"><ele>468.7</ele></trkpt>
      <trkpt lat="46.1464564" lon="6.3222030"><ele>468.3</ele></trkpt>
      <trkpt lat="46.1462614" lon="6.3224721"><ele>468.0</ele></trkpt>
      <trkpt lat="46.1460663" lon="6.3227411"><ele>467.7</ele></trkpt>
      <trkpt lat="46.1458713" lon="6.3230101"><ele>467.5</ele></trkpt>
      <trkpt lat="46.1456762" lon="6.3232792"><ele>467.3</ele></trkpt>
      <trkpt lat="46.1454812" lon="6.3235482"><ele>467.1</ele></trkpt>
      <trkpt lat="46.1452861" lon="6.3238172"><ele>466.9</ele></trkpt>
      <trkpt lat="46.1450910" lon="6.3240863"><ele>466.8</ele></trkpt>
      <trkpt lat="46.1448960" lon="6.3243553"><ele>466.7</ele></trkpt>
      <trkpt lat="46.1447009" lon="6.3246244"><ele>466.6</ele></trkpt>
      <trkpt lat="46.1445059" lon="6.3248934"><ele>466.4</ele></trkpt>
      <trkpt lat="46.1444315" lon="6.3249803"><ele>466.3</ele></trkpt>
      <trkpt lat="46.1442219" lon="6.3252254"><ele>466.3</ele></trkpt>
      <trkpt lat="46.1439878" lon="6.3253124"><ele>466.2</ele></trkpt>
      <trkpt lat="46.1439361" lon="6.3254700"><ele>466.2</ele></trkpt>
      <trkpt lat="46.1438206" lon="6.3258219"><ele>466.2</ele></trkpt>
      <trkpt lat="46.1437576" lon="6.3259431"><ele>466.1</ele></trkpt>
      <trkpt lat="46.1435957" lon="6.3262546"><ele>465.9</ele></trkpt>
      <trkpt lat="46.1434338" lon="6.3265661"><ele>465.8</ele></trkpt>
      <trkpt lat="46.1432719" lon="6.3268776"><ele>465.7</ele></trkpt>
      <trkpt lat="46.1431627" lon="6.3270257"><ele>465.5</ele></trkpt>
      <trkpt lat="46.1429660" lon="6.3272923"><ele>465.4</ele></trkpt>
      <trkpt lat="46.1428631" lon="6.3273929"><ele>465.2</ele></trkpt>
      <trkpt lat="46.1426398" lon="6.3276114"><ele>465.0</ele></trkpt>
      <trkpt lat="46.1424165" lon="6.3278298"><ele>464.7</ele></trkpt>
      <trkpt lat="46.1421931" lon="6.3280483"><ele>464.5</ele></trkpt>
      <trkpt lat="46.1419698" lon="6.3282667"><ele>464.3</ele></trkpt>
      <trkpt lat="46.1417465" lon="6.3284852"><ele>464.1</ele></trkpt>
      <trkpt lat="46.1415231" lon="6.3287037"><ele>463.9</ele></trkpt>
      <trkpt lat="46.1412998" lon="6.3289221"><ele>463.7</ele></trkpt>
      <trkpt lat="46.1410765" lon="6.3291406"><ele>463.5</ele></trkpt>
      <trkpt lat="46.1408531" lon="6.3293590"><ele>463.3</ele></trkpt>
      <trkpt lat="46.1406298" lon="6.3295775"><ele>463.0</ele></trkpt>
      <trkpt lat="46.1404065" lon="6.3297959"><ele>462.8</ele></trkpt>
      <trkpt lat="46.1401831" lon="6.3300144"><ele>462.6</ele></trkpt>
      <trkpt lat="46.1399598" lon="6.3302328"><ele>462.4</ele></trkpt>
      <trkpt lat="46.1397365" lon="6.3304513"><ele>462.2</ele></trkpt>
      <trkpt lat="46.1395131" lon="6.3306698"><ele>462.0</ele></trkpt>
      <trkpt lat="46.1392898" lon="6.3308882"><ele>461.8</ele></trkpt>
      <trkpt lat="46.1390665" lon="6.3311067"><ele>461.6</ele></trkpt>
      <trkpt lat="46.1388431" lon="6.3313251"><ele>461.4</ele></trkpt>
      <trkpt lat="46.1386198" lon="6.3315436"><ele>461.1</ele></trkpt>
      <trkpt lat="46.1383965" lon="6.3317620"><ele>460.9</ele></trkpt>
      <trkpt lat="46.1381731" lon="6.3319805"><ele>460.7</ele></trkpt>
      <trkpt lat="46.1379498" lon="6.3321989"><ele>460.5</ele></trkpt>
      <trkpt lat="46.1377265" lon="6.3324174"><ele>460.3</ele></trkpt>
      <trkpt lat="46.1375031" lon="6.3326358"><ele>460.1</ele></trkpt>
      <trkpt lat="46.1372798" lon="6.3328543"><ele>459.9</ele></trkpt>
      <trkpt lat="46.1370565" lon="6.3330728"><ele>459.7</ele></trkpt>
      <trkpt lat="46.1368331" lon="6.3332912"><ele>459.4</ele></trkpt>
      <trkpt lat="46.1366098" lon="6.3335097"><ele>459.2</ele></trkpt>
      <trkpt lat="46.1363865" lon="6.3337281"><ele>458.9</ele></trkpt>
      <trkpt lat="46.1361849" lon="6.3339103"><ele>458.6</ele></trkpt>
      <trkpt lat="46.1359562" lon="6.3341169"><ele>458.4</ele></trkpt>
      <trkpt lat="46.1357275" lon="6.3343235"><ele>458.1</ele></trkpt>
      <trkpt lat="46.1354989" lon="6.3345301"><ele>457.9</ele></trkpt>
      <trkpt lat="46.1352702" lon="6.3347367"><ele>457.7</ele></trkpt>
      <trkpt lat="46.1350415" lon="6.3349434"><ele>457.6</ele></trkpt>
      <trkpt lat="46.1349003" lon="6.3350890"><ele>457.5</ele></trkpt>
      <trkpt lat="46.1346808" lon="6.3353154"><ele>457.5</ele></trkpt>
      <trkpt lat="46.1344613" lon="6.3355418"><ele>457.5</ele></trkpt>
      <trkpt lat="46.1342418" lon="6.3357682"><ele>457.6</ele></trkpt>
      <trkpt lat="46.1340223" lon="6.3359946"><ele>457.8</ele></trkpt>
      <trkpt lat="46.1338028" lon="6.3362210"><ele>457.9</ele></trkpt>
      <trkpt lat="46.1335833" lon="6.3364474"><ele>458.1</ele></trkpt>
      <trkpt lat="46.1333946" lon="6.3366009"><ele>458.2</ele></trkpt>
      <trkpt lat="46.1331596" lon="6.3367922"><ele>458.3</ele></trkpt>
      <trkpt lat="46.1331437" lon="6.3368032"><ele>458.3</ele></trkpt>
      <trkpt lat="46.1329001" lon="6.3369705"><ele>458.4</ele></trkpt>
      <trkpt lat="46.1326565" lon="6.3371378"><ele>458.4</ele></trkpt>
      <trkpt lat="46.1324129" lon="6.3373051"><ele>458.3</ele></trkpt>
      <trkpt lat="46.1321693" lon="6.3374724"><ele>458.2</ele></trkpt>
      <trkpt lat="46.1319256" lon="6.3376397"><ele>458.0</ele></trkpt>
      <trkpt lat="46.1316820" lon="6.3378070"><ele>457.9</ele></trkpt>
      <trkpt lat="46.1314529" lon="6.3378778"><ele>457.7</ele></trkpt>
      <trkpt lat="46.1311891" lon="6.3379593"><ele>457.5</ele></trkpt>
      <trkpt lat="46.1309253" lon="6.3380408"><ele>457.2</ele></trkpt>
      <trkpt lat="46.1308515" lon="6.3380866"><ele>457.0</ele></trkpt>
      <trkpt lat="46.1306036" lon="6.3382403"><ele>456.7</ele></trkpt>
      <trkpt lat="46.1303557" lon="6.3383941"><ele>456.4</ele></trkpt>
      <trkpt lat="46.1301079" lon="6.3385479"><ele>456.1</ele></trkpt>
      <trkpt lat="46.1299738" lon="6.3386129"><ele>455.8</ele></trkpt>
      <trkpt lat="46.1297180" lon="6.3387370"><ele>455.4</ele></trkpt>
      <trkpt lat="46.1294623" lon="6.3388611"><ele>455.1</ele></trkpt>
      <trkpt lat="46.1292066" lon="6.3389852"><ele>454.7</ele></trkpt>
      <trkpt lat="46.1289509" lon="6.3391093"><ele>454.3</ele></trkpt>
      <trkpt lat="46.1286951" lon="6.3392333"><ele>454.0</ele></trkpt>
      <trkpt lat="46.1284394" lon="6.3393574"><ele>453.7</ele></trkpt>
      <trkpt lat="46.1281837" lon="6.3394815"><ele>453.5</ele></trkpt>
      <trkpt lat="46.1279473" lon="6.3395732"><ele>453.3</ele></trkpt>
      <trkpt lat="46.1276868" lon="6.3396743"><ele>453.1</ele></trkpt>
      <trkpt lat="46.1274262" lon="6.3397754"><ele>453.0</ele></trkpt>
      <trkpt lat="46.1271657" lon="6.3398765"><ele>452.9</ele></trkpt>
      <trkpt lat="46.1271325" lon="6.3398969"><ele>452.8</ele></trkpt>
      <trkpt lat="46.1268844" lon="6.3400501"><ele>452.7</ele></trkpt>
      <trkpt lat="46.1266364" lon="6.3402032"><ele>452.5</ele></trkpt>
      <trkpt lat="46.1263883" lon="6.3403563"><ele>452.2</ele></trkpt>
      <trkpt lat="46.1261403" lon="6.3405095"><ele>451.9</ele></trkpt>
      <trkpt lat="46.1258922" lon="6.3406626"><ele>451.7</ele></trkpt>
      <trkpt lat="46.1256665" lon="6.3408693"><ele>451.5</ele></trkpt>
      <trkpt lat="46.1254387" lon="6.3410778"><ele>451.5</ele></trkpt>
      <trkpt lat="46.1252829" lon="6.3411553"><ele>451.4</ele></trkpt>
      <trkpt lat="46.1250279" lon="6.3412823"><ele>451.3</ele></trkpt>
      <trkpt lat="46.1247728" lon="6.3414092"><ele>451.2</ele></trkpt>
      <trkpt lat="46.1245178" lon="6.3415361"><ele>451.2</ele></trkpt>
      <trkpt lat="46.1242758" lon="6.3416795"><ele>451.2</ele></trkpt>
      <trkpt lat="46.1240262" lon="6.3418274"><ele>451.2</ele></trkpt>
      <trkpt lat="46.1237766" lon="6.3419752"><ele>451.0</ele></trkpt>
      <trkpt lat="46.1236802" lon="6.3420160"><ele>450.8</ele></trkpt>
      <trkpt lat="46.1234213" lon="6.3421256"><ele>450.4</ele></trkpt>
      <trkpt lat="46.1231624" lon="6.3422351"><ele>450.0</ele></trkpt>
      <trkpt lat="46.1229035" lon="6.3423447"><ele>449.7</ele></trkpt>
      <trkpt lat="46.1226446" lon="6.3424543"><ele>449.3</ele></trkpt>
      <trkpt lat="46.1225190" lon="6.3425431"><ele>449.0</ele></trkpt>
      <trkpt lat="46.1222767" lon="6.3427145"><ele>448.7</ele></trkpt>
      <trkpt lat="46.1221564" lon="6.3428460"><ele>448.5</ele></trkpt>
      <trkpt lat="46.1219414" lon="6.3430811"><ele>448.3</ele></trkpt>
      <trkpt lat="46.1218370" lon="6.3432705"><ele>448.2</ele></trkpt>
      <trkpt lat="46.1216692" lon="6.3435752"><ele>448.0</ele></trkpt>
      <trkpt lat="46.1215013" lon="6.3438799"><ele>448.0</ele></trkpt>
      <trkpt lat="46.1213334" lon="6.3441846"><ele>447.8</ele></trkpt>
      <trkpt lat="46.1211497" lon="6.3444254"><ele>447.7</ele></trkpt>
      <trkpt lat="46.1210457" lon="6.3445167"><ele>447.4</ele></trkpt>
      <trkpt lat="46.1208153" lon="6.3447192"><ele>447.2</ele></trkpt>
      <trkpt lat="46.1205849" lon="6.3449217"><ele>447.0</ele></trkpt>
      <trkpt lat="46.1203298" lon="6.3450198"><ele>446.7</ele></trkpt>
      <trkpt lat="46.1200691" lon="6.3451200"><ele>446.4</ele></trkpt>
      <trkpt lat="46.1198570" lon="6.3452460"><ele>446.1</ele></trkpt>
      <trkpt lat="46.1198075" lon="6.3452861"><ele>445.7</ele></trkpt>
      <trkpt lat="46.1195724" lon="6.3454769"><ele>445.4</ele></trkpt>
      <trkpt lat="46.1193372" lon="6.3456678"><ele>445.0</ele></trkpt>
      <trkpt lat="46.1192395" lon="6.3457775"><ele>444.6</ele></trkpt>
      <trkpt lat="46.1190267" lon="6.3460167"><ele>444.3</ele></trkpt>
      <trkpt lat="46.1188138" lon="6.3462558"><ele>443.9</ele></trkpt>
      <trkpt lat="46.1186009" lon="6.3464949"><ele>443.5</ele></trkpt>
      <trkpt lat="46.1183698" lon="6.3466925"><ele>443.1</ele></trkpt>
      <trkpt lat="46.1182701" lon="6.3467492"><ele>442.7</ele></trkpt>
      <trkpt lat="46.1180191" lon="6.3468919"><ele>442.4</ele></trkpt>
      <trkpt lat="46.1177681" lon="6.3470346"><ele>442.1</ele></trkpt>
      <trkpt lat="46.1175170" lon="6.3471773"><ele>441.9</ele></trkpt>
      <trkpt lat="46.1172660" lon="6.3473200"><ele>441.7</ele></trkpt>
      <trkpt lat="46.1170150" lon="6.3474627"><ele>441.4</ele></trkpt>
      <trkpt lat="46.1168410" lon="6.3476340"><ele>441.2</ele></trkpt>
      <trkpt lat="46.1166182" lon="6.3478533"><ele>440.9</ele></trkpt>
      <trkpt lat="46.1163953" lon="6.3480727"><ele>440.7</ele></trkpt>
      <trkpt lat="46.1162821" lon="6.3481214"><ele>440.5</ele></trkpt>
      <trkpt lat="46.1160236" lon="6.3482327"><ele>440.3</ele></trkpt>
      <trkpt lat="46.1157650" lon="6.3483439"><ele>440.1</ele></trkpt>
      <trkpt lat="46.1155065" lon="6.3484552"><ele>439.9</ele></trkpt>
      <trkpt lat="46.1154855" lon="6.3484687"><ele>439.7</ele></trkpt>
      <trkpt lat="46.1152390" lon="6.3486270"><ele>439.5</ele></trkpt>
      <trkpt lat="46.1149925" lon="6.3487852"><ele>439.3</ele></trkpt>
      <trkpt lat="46.1147460" lon="6.3489435"><ele>439.1</ele></trkpt>
      <trkpt lat="46.1144995" lon="6.3491017"><ele>438.9</ele></trkpt>
      <trkpt lat="46.1142531" lon="6.3492600"><ele>438.7</ele></trkpt>
      <trkpt lat="46.1142495" lon="6.3492616"><ele>438.3</ele></trkpt>
      <trkpt lat="46.1139931" lon="6.3493830"><ele>437.9</ele></trkpt>
      <trkpt lat="46.1137368" lon="6.3495044"><ele>437.5</ele></trkpt>
      <trkpt lat="46.1134805" lon="6.3496258"><ele>437.0</ele></trkpt>
      <trkpt lat="46.1132241" lon="6.3497472"><ele>436.6</ele></trkpt>
      <trkpt lat="46.1129678" lon="6.3498686"><ele>436.2</ele></trkpt>
      <trkpt lat="46.1128895" lon="6.3499416"><ele>435.8</ele></trkpt>
      <trkpt lat="46.1126631" lon="6.3501531"><ele>435.5</ele></trkpt>
      <trkpt lat="46.1124366" lon="6.3503646"><ele>435.3</ele></trkpt>
      <trkpt lat="46.1122101" lon="6.3505761"><ele>435.1</ele></trkpt>
      <trkpt lat="46.1119837" lon="6.3507876"><ele>435.0</ele></trkpt>
      <trkpt lat="46.1117572" lon="6.3509991"><ele>434.9</ele></trkpt>
      <trkpt lat="46.1115307" lon="6.3512106"><ele>434.8</ele></trkpt>
      <trkpt lat="46.1113042" lon="6.3514221"><ele>434.7</ele></trkpt>
      <trkpt lat="46.1110778" lon="6.3516336"><ele>434.5</ele></trkpt>
      <trkpt lat="46.1108513" lon="6.3518451"><ele>434.4</ele></trkpt>
      <trkpt lat="46.1106248" lon="6.3520567"><ele>434.3</ele></trkpt>
      <trkpt lat="46.1103983" lon="6.3522682"><ele>434.2</ele></trkpt>
      <trkpt lat="46.1101719" lon="6.3524797"><ele>434.1</ele></trkpt>
      <trkpt lat="46.1099454" lon="6.3526912"><ele>434.0</ele></trkpt>
      <trkpt lat="46.1097189" lon="6.3529027"><ele>433.9</ele></trkpt>
      <trkpt lat="46.1094924" lon="6.3531142"><ele>433.8</ele></trkpt>
      <trkpt lat="46.1092660" lon="6.3533257"><ele>433.7</ele></trkpt>
      <trkpt lat="46.1090395" lon="6.3535372"><ele>433.5</ele></trkpt>
      <trkpt lat="46.1088130" lon="6.3537487"><ele>433.5</ele></trkpt>
      <trkpt lat="46.1085866" lon="6.3539602"><ele>433.5</ele></trkpt>
      <trkpt lat="46.1083601" lon="6.3541717"><ele>433.6</ele></trkpt>
      <trkpt lat="46.1081336" lon="6.3543832"><ele>433.8</ele></trkpt>
      <trkpt lat="46.1080992" lon="6.3544102"><ele>434.2</ele></trkpt>
      <trkpt lat="46.1078624" lon="6.3545966"><ele>434.6</ele></trkpt>
      <trkpt lat="46.1076256" lon="6.3547830"><ele>435.2</ele></trkpt>
      <trkpt lat="46.1073887" lon="6.3549693"><ele>435.9</ele></trkpt>
      <trkpt lat="46.1071519" lon="6.3551557"><ele>436.5</ele></trkpt>
      <trkpt lat="46.1069150" lon="6.3553421"><ele>437.2</ele></trkpt>
      <trkpt lat="46.1066782" lon="6.3555285"><ele>437.8</ele></trkpt>
      <trkpt lat="46.1064413" lon="6.3557148"><ele>438.4</ele></trkpt>
      <trkpt lat="46.1064271" lon="6.3557299"><ele>438.9</ele></trkpt>
      <trkpt lat="46.1062097" lon="6.3559603"><ele>439.2</ele></trkpt>
      <trkpt lat="46.1059923" lon="6.3561907"><ele>439.6</ele></trkpt>
      <trkpt lat="46.1057749" lon="6.3564212"><ele>439.8</ele></trkpt>
      <trkpt lat="46.1055575" lon="6.3566516"><ele>440.0</ele></trkpt>
      <trkpt lat="46.1053401" lon="6.3568820"><ele>440.2</ele></trkpt>
      <trkpt lat="46.1051227" lon="6.3571124"><ele>440.4</ele></trkpt>
      <trkpt lat="46.1049053" lon="6.3573428"><ele>440.6</ele></trkpt>
      <trkpt lat="46.1046879" lon="6.3575732"><ele>440.8</ele></trkpt>
      <trkpt lat="46.1044704" lon="6.3578037"><ele>441.0</ele></trkpt>
      <trkpt lat="46.1042530" lon="6.3580341"><ele>441.2</ele></trkpt>
      <trkpt lat="46.1040356" lon="6.3582645"><ele>441.4</ele></trkpt>
      <trkpt lat="46.1038182" lon="6.3584949"><ele>441.5</ele></trkpt>
      <trkpt lat="46.1036008" lon="6.3587253"><ele>441.7</ele></trkpt>
      <trkpt lat="46.1033834" lon="6.3589558"><ele>441.9</ele></trkpt>
      <trkpt lat="46.1031660" lon="6.3591862"><ele>442.1</ele></trkpt>
      <trkpt lat="46.1029486" lon="6.3594166"><ele>442.3</ele></trkpt>
      <trkpt lat="46.1027312" lon="6.3596470"><ele>442.5</ele></trkpt>
      <trkpt lat="46.1025138" lon="6.3598774"><ele>442.7</ele></trkpt>
      <trkpt lat="46.1022964" lon="6.3601078"><ele>442.9</ele></trkpt>
      <trkpt lat="46.1020790" lon="6.3603383"><ele>443.1</ele></trkpt>
      <trkpt lat="46.1018615" lon="6.3605687"><ele>443.3</ele></trkpt>
      <trkpt lat="46.1016441" lon="6.3607991"><ele>443.6</ele></trkpt>
      <trkpt lat="46.1014267" lon="6.3610295"><ele>443.9</ele></trkpt>
      <trkpt lat="46.1012093" lon="6.3612599"><ele>444.3</ele></trkpt>
      <trkpt lat="46.1011150" lon="6.3613396"><ele>444.8</ele></trkpt>
      <trkpt lat="46.1008822" lon="6.3615363"><ele>445.3</ele></trkpt>
      <trkpt lat="46.1006494" lon="6.3617329"><ele>445.9</ele></trkpt>
      <trkpt lat="46.1004166" lon="6.3619296"><ele>446.5</ele></trkpt>
      <trkpt lat="46.1001838" lon="6.3621262"><ele>447.2</ele></trkpt>
      <trkpt lat="46.0999510" lon="6.3623229"><ele>447.9</ele></trkpt>
      <trkpt lat="46.0997182" lon="6.3625195"><ele>448.4</ele></trkpt>
      <trkpt lat="46.0995823" lon="6.3626610"><ele>449.0</ele></trkpt>
      <trkpt lat="46.0993635" lon="6.3628886"><ele>449.4</ele></trkpt>
      <trkpt lat="46.0993425" lon="6.3629219"><ele>449.8</ele></trkpt>
      <trkpt lat="46.0991608" lon="6.3632095"><ele>450.1</ele></trkpt>
      <trkpt lat="46.0989790" lon="6.3634971"><ele>450.3</ele></trkpt>
      <trkpt lat="46.0987973" lon="6.3637846"><ele>450.5</ele></trkpt>
      <trkpt lat="46.0986156" lon="6.3640722"><ele>450.6</ele></trkpt>
      <trkpt lat="46.0984339" lon="6.3643598"><ele>450.7</ele></trkpt>
      <trkpt lat="46.0982522" lon="6.3646474"><ele>450.8</ele></trkpt>
      <trkpt lat="46.0980705" lon="6.3649350"><ele>450.9</ele></trkpt>
      <trkpt lat="46.0978887" lon="6.3652226"><ele>451.1</ele></trkpt>
      <trkpt lat="46.0978537" lon="6.3652719"><ele>451.3</ele></trkpt>
      <trkpt lat="46.0976604" lon="6.3655434"><ele>451.5</ele></trkpt>
      <trkpt lat="46.0974672" lon="6.3658149"><ele>451.7</ele></trkpt>
      <trkpt lat="46.0972740" lon="6.3660864"><ele>452.0</ele></trkpt>
      <trkpt lat="46.0970807" lon="6.3663579"><ele>452.3</ele></trkpt>
      <trkpt lat="46.0968875" lon="6.3666295"><ele>452.7</ele></trkpt>
      <trkpt lat="46.0966942" lon="6.3669010"><ele>453.0</ele></trkpt>
      <trkpt lat="46.0965189" lon="6.3671577"><ele>453.4</ele></trkpt>
      <trkpt lat="46.0963295" lon="6.3674349"><ele>453.8</ele></trkpt>
      <trkpt lat="46.0961402" lon="6.3677120"><ele>454.2</ele></trkpt>
      <trkpt lat="46.0959509" lon="6.3679892"><ele>454.6</ele></trkpt>
      <trkpt lat="46.0957615" lon="6.3682664"><ele>455.0</ele></trkpt>
      <trkpt lat="46.0955722" lon="6.3685435"><ele>455.4</ele></trkpt>
      <trkpt lat="46.0953829" lon="6.3688207"><ele>455.8</ele></trkpt>
      <trkpt lat="46.0951935" lon="6.3690979"><ele>456.2</ele></trkpt>
      <trkpt lat="46.0950042" lon="6.3693750"><ele>456.6</ele></trkpt>
      <trkpt lat="46.0948149" lon="6.3696522"><ele>457.0</ele></trkpt>
      <trkpt lat="46.0946255" lon="6.3699294"><ele>457.4</ele></trkpt>
      <trkpt lat="46.0944362" lon="6.3702065"><ele>457.7</ele></trkpt>
      <trkpt lat="46.0942468" lon="6.3704837"><ele>457.9</ele></trkpt>
      <trkpt lat="46.0940575" lon="6.3707609"><ele>458.0</ele></trkpt>
      <trkpt lat="46.0938682" lon="6.3710380"><ele>458.1</ele></trkpt>
      <trkpt lat="46.0936798" lon="6.3712925"><ele>458.0</ele></trkpt>
      <trkpt lat="46.0934829" lon="6.3715585"><ele>457.8</ele></trkpt>
      <trkpt lat="46.0932860" lon="6.3718245"><ele>457.5</ele></trkpt>
      <trkpt lat="46.0930892" lon="6.3720905"><ele>457.1</ele></trkpt>
      <trkpt lat="46.0930098" lon="6.3722208"><ele>456.8</ele></trkpt>
      <trkpt lat="46.0928317" lon="6.3725130"><ele>456.6</ele></trkpt>
      <trkpt lat="46.0926537" lon="6.3728053"><ele>456.5</ele></trkpt>
      <trkpt lat="46.0925038" lon="6.3730042"><ele>456.5</ele></trkpt>
      <trkpt lat="46.0923053" lon="6.3732676"><ele>456.5</ele></trkpt>
      <trkpt lat="46.0921068" lon="6.3735311"><ele>456.6</ele></trkpt>
      <trkpt lat="46.0919083" lon="6.3737945"><ele>456.7</ele></trkpt>
      <trkpt lat="46.0917098" lon="6.3740580"><ele>457.0</ele></trkpt>
      <trkpt lat="46.0916475" lon="6.3741834"><ele>457.1</ele></trkpt>
      <trkpt lat="46.0914904" lon="6.3744996"><ele>457.2</ele></trkpt>
      <trkpt lat="46.0913332" lon="6.3748159"><ele>457.2</ele></trkpt>
      <trkpt lat="46.0911761" lon="6.3751321"><ele>457.1</ele></trkpt>
      <trkpt lat="46.0910189" lon="6.3754483"><ele>456.9</ele></trkpt>
      <trkpt lat="46.0908618" lon="6.3757646"><ele>456.7</ele></trkpt>
      <trkpt lat="46.0907047" lon="6.3760808"><ele>456.5</ele></trkpt>
      <trkpt lat="46.0905475" lon="6.3763970"><ele>456.3</ele></trkpt>
      <trkpt lat="46.0903904" lon="6.3767132"><ele>456.1</ele></trkpt>
      <trkpt lat="46.0902332" lon="6.3770295"><ele>455.7</ele></trkpt>
      <trkpt lat="46.0902273" lon="6.3771093"><ele>455.4</ele></trkpt>
      <trkpt lat="46.0901983" lon="6.3774961"><ele>455.0</ele></trkpt>
      <trkpt lat="46.0901693" lon="6.3778829"><ele>454.8</ele></trkpt>
      <trkpt lat="46.0901403" lon="6.3782696"><ele>454.6</ele></trkpt>
      <trkpt lat="46.0901113" lon="6.3786564"><ele>454.5</ele></trkpt>
      <trkpt lat="46.0900717" lon="6.3787418"><ele>454.4</ele></trkpt>
      <trkpt lat="46.0899217" lon="6.3790652"><ele>454.5</ele></trkpt>
      <trkpt lat="46.0897717" lon="6.3793885"><ele>454.7</ele></trkpt>
      <trkpt lat="46.0896216" lon="6.3797118"><ele>455.0</ele></trkpt>
      <trkpt lat="46.0894716" lon="6.3800352"><ele>455.3</ele></trkpt>
      <trkpt lat="46.0893216" lon="6.3803585"><ele>455.7</ele></trkpt>
      <trkpt lat="46.0891716" lon="6.3806818"><ele>456.0</ele></trkpt>
      <trkpt lat="46.0890216" lon="6.3810052"><ele>456.2</ele></trkpt>
      <trkpt lat="46.0889576" lon="6.3811568"><ele>456.3</ele></trkpt>
      <trkpt lat="46.0888174" lon="6.3814891"><ele>456.3</ele></trkpt>
      <trkpt lat="46.0888088" lon="6.3815226"><ele>456.2</ele></trkpt>
      <trkpt lat="46.0887156" lon="6.3818877"><ele>456.0</ele></trkpt>
      <trkpt lat="46.0886225" lon="6.3822527"><ele>455.6</ele></trkpt>
      <trkpt lat="46.0885293" lon="6.3826178"><ele>455.2</ele></trkpt>
      <trkpt lat="46.0884361" lon="6.3829829"><ele>454.7</ele></trkpt>
      <trkpt lat="46.0883429" lon="6.3833480"><ele>454.1</ele></trkpt>
      <trkpt lat="46.0883127" lon="6.3835533"><ele>453.5</ele></trkpt>
      <trkpt lat="46.0882567" lon="6.3839339"><ele>452.9</ele></trkpt>
      <trkpt lat="46.0882008" lon="6.3843144"><ele>452.2</ele></trkpt>
      <trkpt lat="46.0881448" lon="6.3846950"><ele>451.6</ele></trkpt>
      <trkpt lat="46.0880889" lon="6.3850755"><ele>451.1</ele></trkpt>
      <trkpt lat="46.0880329" lon="6.3854561"><ele>450.5</ele></trkpt>
      <trkpt lat="46.0879770" lon="6.3858366"><ele>450.2</ele></trkpt>
      <trkpt lat="46.0879306" lon="6.3860268"><ele>450.2</ele></trkpt>
      <trkpt lat="46.0878411" lon="6.3863937"><ele>450.4</ele></trkpt>
      <trkpt lat="46.0877515" lon="6.3867607"><ele>450.9</ele></trkpt>
      <trkpt lat="46.0876469" lon="6.3870642"><ele>451.7</ele></trkpt>
      <trkpt lat="46.0875268" lon="6.3874125"><ele>452.5</ele></trkpt>
      <trkpt lat="46.0874066" lon="6.3877608"><ele>453.2</ele></trkpt>
      <trkpt lat="46.0872865" lon="6.3881091"><ele>454.0</ele></trkpt>
      <trkpt lat="46.0871664" lon="6.3884574"><ele>454.7</ele></trkpt>
      <trkpt lat="46.0871494" lon="6.3888249"><ele>455.2</ele></trkpt>
      <trkpt lat="46.0871314" lon="6.3892130"><ele>455.4</ele></trkpt>
      <trkpt lat="46.0871134" lon="6.3896011"><ele>455.5</ele></trkpt>
      <trkpt lat="46.0870955" lon="6.3899893"><ele>455.4</ele></trkpt>
      <trkpt lat="46.0870880" lon="6.3900427"><ele>455.2</ele></trkpt>
      <trkpt lat="46.0870345" lon="6.3904240"><ele>455.0</ele></trkpt>
      <trkpt lat="46.0870370" lon="6.3904885"><ele>454.9</ele></trkpt>
      <trkpt lat="46.0870520" lon="6.3908769"><ele>455.0</ele></trkpt>
      <trkpt lat="46.0870669" lon="6.3912653"><ele>455.0</ele></trkpt>
      <trkpt lat="46.0870600" lon="6.3915744"><ele>455.1</ele></trkpt>
      <trkpt lat="46.0870513" lon="6.3919632"><ele>455.2</ele></trkpt>
      <trkpt lat="46.0870425" lon="6.3923520"><ele>455.4</ele></trkpt>
      <trkpt lat="46.0869951" lon="6.3926193"><ele>455.4</ele></trkpt>
      <trkpt lat="46.0869283" lon="6.3929962"><ele>455.5</ele></trkpt>
      <trkpt lat="46.0868614" lon="6.3933730"><ele>455.4</ele></trkpt>
      <trkpt lat="46.0867945" lon="6.3937499"><ele>455.4</ele></trkpt>
      <trkpt lat="46.0867277" lon="6.3941268"><ele>455.1</ele></trkpt>
      <trkpt lat="46.0866608" lon="6.3945036"><ele>454.8</ele></trkpt>
      <trkpt lat="46.0866345" lon="6.3947688"><ele>454.3</ele></trkpt>
      <trkpt lat="46.0866375" lon="6.3948068"><ele>453.7</ele></trkpt>
      <trkpt lat="46.0866680" lon="6.3951933"><ele>453.0</ele></trkpt>
      <trkpt lat="46.0866986" lon="6.3955798"><ele>452.2</ele></trkpt>
      <trkpt lat="46.0867291" lon="6.3959663"><ele>451.3</ele></trkpt>
      <trkpt lat="46.0867596" lon="6.3963528"><ele>450.4</ele></trkpt>
      <trkpt lat="46.0867902" lon="6.3967393"><ele>449.4</ele></trkpt>
      <trkpt lat="46.0868207" lon="6.3971258"><ele>448.5</ele></trkpt>
      <trkpt lat="46.0868206" lon="6.3972690"><ele>447.6</ele></trkpt>
      <trkpt lat="46.0868205" lon="6.3976580"><ele>446.8</ele></trkpt>
      <trkpt lat="46.0868203" lon="6.3980470"><ele>446.0</ele></trkpt>
      <trkpt lat="46.0868201" lon="6.3984360"><ele>445.4</ele></trkpt>
      <trkpt lat="46.0867925" lon="6.3986401"><ele>444.9</ele></trkpt>
      <trkpt lat="46.0867408" lon="6.3990219"><ele>444.5</ele></trkpt>
      <trkpt lat="46.0866993" lon="6.3991667"><ele>444.2</ele></trkpt>
      <trkpt lat="46.0865960" lon="6.3995260"><ele>443.9</ele></trkpt>
      <trkpt lat="46.0865049" lon="6.3996973"><ele>443.8</ele></trkpt>
      <trkpt lat="46.0863406" lon="6.4000059"><ele>443.7</ele></trkpt>
      <trkpt lat="46.0862602" lon="6.4001020"><ele>443.7</ele></trkpt>
      <trkpt lat="46.0860525" lon="6.4003503"><ele>443.8</ele></trkpt>
      <trkpt lat="46.0858447" lon="6.4005985"><ele>443.9</ele></trkpt>
      <trkpt lat="46.0856650" lon="6.4007598"><ele>443.9</ele></trkpt>
      <trkpt lat="46.0854360" lon="6.4009653"><ele>444.0</ele></trkpt>
      <trkpt lat="46.0852069" lon="6.4011708"><ele>444.0</ele></trkpt>
      <trkpt lat="46.0851065" lon="6.4012362"><ele>444.0</ele></trkpt>
      <trkpt lat="46.0848606" lon="6.4013963"><ele>444.0</ele></trkpt>
      <trkpt lat="46.0848366" lon="6.4014162"><ele>444.0</ele></trkpt>
      <trkpt lat="46.0846027" lon="6.4016100"><ele>444.0</ele></trkpt>
      <trkpt lat="46.0843687" lon="6.4018037"><ele>444.0</ele></trkpt>
      <trkpt lat="46.0841348" lon="6.4019975"><ele>444.0</ele></trkpt>
      <trkpt lat="46.0839009" lon="6.4021913"><ele>444.0</ele></trkpt>
      <trkpt lat="46.0836669" lon="6.4023850"><ele>444.0</ele></trkpt>
      <trkpt lat="46.0836604" lon="6.4023920"><ele>444.0</ele></trkpt>
      <trkpt lat="46.0834434" lon="6.4026230"><ele>444.0</ele></trkpt>
      <trkpt lat="46.0833575" lon="6.4027076"><ele>444.0</ele></trkpt>
      <trkpt lat="46.0831348" lon="6.4029271"><ele>444.0</ele></trkpt>
      <trkpt lat="46.0829120" lon="6.4031466"><ele>444.0</ele></trkpt>
      <trkpt lat="46.0826893" lon="6.4033661"><ele>444.0</ele></trkpt>
      <trkpt lat="46.0826247" lon="6.4034262"><ele>444.0</ele></trkpt>
      <trkpt lat="46.0823980" lon="6.4036370"><ele>444.0</ele></trkpt>
      <trkpt lat="46.0821713" lon="6.4038479"><ele>444.0</ele></trkpt>
      <trkpt lat="46.0821707" lon="6.4038484"><ele>444.0</ele></trkpt>
      <trkpt lat="46.0819390" lon="6.4040478"><ele>444.0</ele></trkpt>
      <trkpt lat="46.0819068" lon="6.4040771"><ele>444.0</ele></trkpt>
      <trkpt lat="46.0816788" lon="6.4042850"><ele>444.1</ele></trkpt>
      <trkpt lat="46.0814508" lon="6.4044929"><ele>444.2</ele></trkpt>
      <trkpt lat="46.0812228" lon="6.4047007"><ele>444.3</ele></trkpt>
      <trkpt lat="46.0811470" lon="6.4047682"><ele>444.5</ele></trkpt>
      <trkpt lat="46.0809174" lon="6.4049725"><ele>444.7</ele></trkpt>
      <trkpt lat="46.0806878" lon="6.4051768"><ele>445.0</ele></trkpt>
      <trkpt lat="46.0804582" lon="6.4053810"><ele>445.3</ele></trkpt>
      <trkpt lat="46.0802286" lon="6.4055853"><ele>445.6</ele></trkpt>
      <trkpt lat="46.0799990" lon="6.4057896"><ele>446.0</ele></trkpt>
      <trkpt lat="46.0797694" lon="6.4059939"><ele>446.4</ele></trkpt>
      <trkpt lat="46.0795399" lon="6.4061982"><ele>446.7</ele></trkpt>
      <trkpt lat="46.0793103" lon="6.4064025"><ele>447.0</ele></trkpt>
      <trkpt lat="46.0790807" lon="6.4066068"><ele>447.2</ele></trkpt>
      <trkpt lat="46.0788511" lon="6.4068110"><ele>447.5</ele></trkpt>
      <trkpt lat="46.0787280" lon="6.4069372"><ele>447.6</ele></trkpt>
      <trkpt lat="46.0785081" lon="6.4071625"><ele>447.8</ele></trkpt>
      <trkpt lat="46.0782882" lon="6.4073879"><ele>448.0</ele></trkpt>
      <trkpt lat="46.0782387" lon="6.4074703"><ele>448.3</ele></trkpt>
      <trkpt lat="46.0780620" lon="6.4077643"><ele>448.4</ele></trkpt>
      <trkpt lat="46.0778791" lon="6.4079794"><ele>448.6</ele></trkpt>
      <trkpt lat="46.0776700" lon="6.4082252"><ele>448.7</ele></trkpt>
      <trkpt lat="46.0775685" lon="6.4083916"><ele>448.9</ele></trkpt>
      <trkpt lat="46.0776303" lon="6.4083719"><ele>449.0</ele></trkpt>
      <trkpt lat="46.0776757" lon="6.4083269"><ele>449.0</ele></trkpt>
      <trkpt lat="46.0778980" lon="6.4081065"><ele>449.0</ele></trkpt>
      <trkpt lat="46.0779673" lon="6.4081114"><ele>448.9</ele></trkpt>
      <trkpt lat="46.0779599" lon="6.4079577"><ele>448.8</ele></trkpt>
      <trkpt lat="46.0779982" lon="6.4078652"><ele>448.6</ele></trkpt>
      <trkpt lat="46.0781260" lon="6.4076663"><ele>448.4</ele></trkpt>
      <trkpt lat="46.0781637" lon="6.4075767"><ele>448.3</ele></trkpt>
      <trkpt lat="46.0781629" lon="6.4074833"><ele>448.1</ele></trkpt>
      <trkpt lat="46.0781795" lon="6.4074342"><ele>447.9</ele></trkpt>
      <trkpt lat="46.0782075" lon="6.4073519"><ele>447.9</ele></trkpt>
      <trkpt lat="46.0782282" lon="6.4073739"><ele>447.9</ele></trkpt>
      <trkpt lat="46.0781871" lon="6.4073097"><ele>448.0</ele></trkpt>
      <trkpt lat="46.0781559" lon="6.4073476"><ele>448.1</ele></trkpt>
      <trkpt lat="46.0779495" lon="6.4075981"><ele>448.3</ele></trkpt>
      <trkpt lat="46.0777431" lon="6.4078485"><ele>448.3</ele></trkpt>
      <trkpt lat="46.0775367" lon="6.4080990"><ele>448.4</ele></trkpt>
      <trkpt lat="46.0773864" lon="6.4082485"><ele>448.5</ele></trkpt>
      <trkpt lat="46.0771643" lon="6.4084693"><ele>448.5</ele></trkpt>
      <trkpt lat="46.0770814" lon="6.4085919"><ele>448.5</ele></trkpt>
      <trkpt lat="46.0771326" lon="6.4087779"><ele>448.5</ele></trkpt>
      <trkpt lat="46.0772319" lon="6.4091396"><ele>448.4</ele></trkpt>
      <trkpt lat="46.0773312" lon="6.4095012"><ele>448.3</ele></trkpt>
      <trkpt lat="46.0774305" lon="6.4098628"><ele>448.2</ele></trkpt>
      <trkpt lat="46.0775298" lon="6.4102244"><ele>448.1</ele></trkpt>
      <trkpt lat="46.0776402" lon="6.4105786"><ele>448.1</ele></trkpt>
      <trkpt lat="46.0777507" lon="6.4109334"><ele>448.0</ele></trkpt>
      <trkpt lat="46.0778613" lon="6.4112882"><ele>447.9</ele></trkpt>
      <trkpt lat="46.0779718" lon="6.4116430"><ele>447.8</ele></trkpt>
      <trkpt lat="46.0780824" lon="6.4119978"><ele>447.8</ele></trkpt>
      <trkpt lat="46.0780912" lon="6.4121128"><ele>447.7</ele></trkpt>
      <trkpt lat="46.0781210" lon="6.4124994"><ele>447.7</ele></trkpt>
      <trkpt lat="46.0781508" lon="6.4128860"><ele>447.7</ele></trkpt>
      <trkpt lat="46.0781254" lon="6.4131526"><ele>447.7</ele></trkpt>
      <trkpt lat="46.0780886" lon="6.4135379"><ele>447.7</ele></trkpt>
      <trkpt lat="46.0780518" lon="6.4139232"><ele>447.7</ele></trkpt>
      <trkpt lat="46.0780038" lon="6.4140653"><ele>447.7</ele></trkpt>
      <trkpt lat="46.0778857" lon="6.4144149"><ele>447.8</ele></trkpt>
      <trkpt lat="46.0778933" lon="6.4146533"><ele>447.9</ele></trkpt>
      <trkpt lat="46.0778914" lon="6.4148344"><ele>448.0</ele></trkpt>
      <trkpt lat="46.0778872" lon="6.4152232"><ele>448.1</ele></trkpt>
      <trkpt lat="46.0778830" lon="6.4156121"><ele>448.2</ele></trkpt>
      <trkpt lat="46.0779136" lon="6.4157184"><ele>448.3</ele></trkpt>
      <trkpt lat="46.0780170" lon="6.4160776"><ele>448.4</ele></trkpt>
      <trkpt lat="46.0781205" lon="6.4164368"><ele>448.5</ele></trkpt>
      <trkpt lat="46.0782240" lon="6.4167960"><ele>448.6</ele></trkpt>
      <trkpt lat="46.0783274" lon="6.4171552"><ele>448.7</ele></trkpt>
      <trkpt lat="46.0783862" lon="6.4173677"><ele>448.8</ele></trkpt>
      <trkpt lat="46.0784862" lon="6.4177290"><ele>448.9</ele></trkpt>
      <trkpt lat="46.0784911" lon="6.4177519"><ele>448.9</ele></trkpt>
      <trkpt lat="46.0785702" lon="6.4181237"><ele>449.0</ele></trkpt>
      <trkpt lat="46.0786494" lon="6.4184956"><ele>449.0</ele></trkpt>
      <trkpt lat="46.0787285" lon="6.4188674"><ele>449.0</ele></trkpt>
      <trkpt lat="46.0788077" lon="6.4192392"><ele>449.0</ele></trkpt>
      <trkpt lat="46.0788320" lon="6.4194168"><ele>449.0</ele></trkpt>
      <trkpt lat="46.0788842" lon="6.4197984"><ele>449.0</ele></trkpt>
      <trkpt lat="46.0789364" lon="6.4201800"><ele>449.0</ele></trkpt>
      <trkpt lat="46.0789886" lon="6.4205615"><ele>449.0</ele></trkpt>
      <trkpt lat="46.0790065" lon="6.4206380"><ele>449.0</ele></trkpt>
      <trkpt lat="46.0790120" lon="6.4206484"><ele>449.0</ele></trkpt>
      <trkpt lat="46.0791750" lon="6.4209584"><ele>448.9</ele></trkpt>
      <trkpt lat="46.0790101" lon="6.4209430"><ele>448.8</ele></trkpt>
      <trkpt lat="46.0788712" lon="6.4212762"><ele>448.7</ele></trkpt>
      <trkpt lat="46.0787278" lon="6.4214959"><ele>448.6</ele></trkpt>
      <trkpt lat="46.0785429" lon="6.4217791"><ele>448.5</ele></trkpt>
      <trkpt lat="46.0783580" lon="6.4220624"><ele>448.3</ele></trkpt>
      <trkpt lat="46.0783321" lon="6.4221305"><ele>448.0</ele></trkpt>
      <trkpt lat="46.0783604" lon="6.4221630"><ele>447.7</ele></trkpt>
      <trkpt lat="46.0784086" lon="6.4222117"><ele>447.5</ele></trkpt>
      <trkpt lat="46.0784382" lon="6.4222877"><ele>447.3</ele></trkpt>
      <trkpt lat="46.0785703" lon="6.4226269"><ele>447.2</ele></trkpt>
      <trkpt lat="46.0785443" lon="6.4229261"><ele>447.2</ele></trkpt>
      <trkpt lat="46.0785107" lon="6.4233121"><ele>447.2</ele></trkpt>
      <trkpt lat="46.0785107" lon="6.4233453"><ele>447.2</ele></trkpt>
      <trkpt lat="46.0785104" lon="6.4237342"><ele>447.3</ele></trkpt>
      <trkpt lat="46.0785100" lon="6.4241232"><ele>447.4</ele></trkpt>
      <trkpt lat="46.0784747" lon="6.4244544"><ele>447.6</ele></trkpt>
      <trkpt lat="46.0784338" lon="6.4248388"><ele>447.7</ele></trkpt>
      <trkpt lat="46.0783928" lon="6.4252232"><ele>447.9</ele></trkpt>
      <trkpt lat="46.0783518" lon="6.4256077"><ele>447.9</ele></trkpt>
      <trkpt lat="46.0783108" lon="6.4259921"><ele>448.0</ele></trkpt>
      <trkpt lat="46.0782699" lon="6.4263765"><ele>448.0</ele></trkpt>
      <trkpt lat="46.0782289" lon="6.4267609"><ele>448.0</ele></trkpt>
      <trkpt lat="46.0781879" lon="6.4271454"><ele>448.0</ele></trkpt>
      <trkpt lat="46.0781469" lon="6.4275298"><ele>448.0</ele></trkpt>
      <trkpt lat="46.0781059" lon="6.4279142"><ele>448.0</ele></trkpt>
      <trkpt lat="46.0780650" lon="6.4282986"><ele>448.0</ele></trkpt>
      <trkpt lat="46.0780240" lon="6.4286831"><ele>448.0</ele></trkpt>
      <trkpt lat="46.0780190" lon="6.4287489"><ele>448.0</ele></trkpt>
      <trkpt lat="46.0779899" lon="6.4291356"><ele>448.0</ele></trkpt>
      <trkpt lat="46.0779608" lon="6.4295223"><ele>448.0</ele></trkpt>
      <trkpt lat="46.0780123" lon="6.4297561"><ele>448.1</ele></trkpt>
      <trkpt lat="46.0779983" lon="6.4298897"><ele>448.1</ele></trkpt>
      <trkpt lat="46.0779582" lon="6.4302743"><ele>448.1</ele></trkpt>
      <trkpt lat="46.0779180" lon="6.4306589"><ele>448.2</ele></trkpt>
      <trkpt lat="46.0778778" lon="6.4310435"><ele>448.3</ele></trkpt>
      <trkpt lat="46.0778377" lon="6.4314281"><ele>448.3</ele></trkpt>
      <trkpt lat="46.0777975" lon="6.4318126"><ele>448.4</ele></trkpt>
      <trkpt lat="46.0777573" lon="6.4321972"><ele>448.5</ele></trkpt>
      <trkpt lat="46.0777172" lon="6.4325818"><ele>448.5</ele></trkpt>
      <trkpt lat="46.0776770" lon="6.4329664"><ele>448.6</ele></trkpt>
      <trkpt lat="46.0776368" lon="6.4333510"><ele>448.7</ele></trkpt>
      <trkpt lat="46.0775966" lon="6.4337356"><ele>448.8</ele></trkpt>
      <trkpt lat="46.0775565" lon="6.4341202"><ele>448.8</ele></trkpt>
      <trkpt lat="46.0775163" lon="6.4345048"><ele>448.9</ele></trkpt>
      <trkpt lat="46.0774761" lon="6.4348894"><ele>449.0</ele></trkpt>
      <trkpt lat="46.0774360" lon="6.4352740"><ele>449.1</ele></trkpt>
      <trkpt lat="46.0773958" lon="6.4356586"><ele>449.1</ele></trkpt>
      <trkpt lat="46.0773556" lon="6.4360432"><ele>449.2</ele></trkpt>
      <trkpt lat="46.0773154" lon="6.4364278"><ele>449.3</ele></trkpt>
      <trkpt lat="46.0772753" lon="6.4368124"><ele>449.4</ele></trkpt>
      <trkpt lat="46.0772351" lon="6.4371970"><ele>449.4</ele></trkpt>
      <trkpt lat="46.0771949" lon="6.4375816"><ele>449.5</ele></trkpt>
      <trkpt lat="46.0771548" lon="6.4379662"><ele>449.6</ele></trkpt>
      <trkpt lat="46.0771146" lon="6.4383508"><ele>449.7</ele></trkpt>
      <trkpt lat="46.0770744" lon="6.4387354"><ele>449.7</ele></trkpt>
      <trkpt lat="46.0770342" lon="6.4391200"><ele>449.8</ele></trkpt>
      <trkpt lat="46.0769941" lon="6.4395046"><ele>449.8</ele></trkpt>
      <trkpt lat="46.0769539" lon="6.4398892"><ele>449.9</ele></trkpt>
      <trkpt lat="46.0769202" lon="6.4400390"><ele>449.9</ele></trkpt>
      <trkpt lat="46.0768370" lon="6.4404090"><ele>450.0</ele></trkpt>
      <trkpt lat="46.0768302" lon="6.4404841"><ele>450.0</ele></trkpt>
      <trkpt lat="46.0767952" lon="6.4408697"><ele>450.0</ele></trkpt>
      <trkpt lat="46.0767602" lon="6.4412553"><ele>450.0</ele></trkpt>
      <trkpt lat="46.0767252" lon="6.4416410"><ele>450.1</ele></trkpt>
      <trkpt lat="46.0767026" lon="6.4418580"><ele>450.1</ele></trkpt>
      <trkpt lat="46.0766624" lon="6.4422426"><ele>450.2</ele></trkpt>
      <trkpt lat="46.0766223" lon="6.4426272"><ele>450.2</ele></trkpt>
      <trkpt lat="46.0765821" lon="6.4430118"><ele>450.3</ele></trkpt>
      <trkpt lat="46.0765420" lon="6.4433964"><ele>450.4</ele></trkpt>
      <trkpt lat="46.0765018" lon="6.4437810"><ele>450.5</ele></trkpt>
      <trkpt lat="46.0764617" lon="6.4441656"><ele>450.6</ele></trkpt>
      <trkpt lat="46.0764215" lon="6.4445502"><ele>450.7</ele></trkpt>
      <trkpt lat="46.0763814" lon="6.4449348"><ele>450.8</ele></trkpt>
      <trkpt lat="46.0763412" lon="6.4453193"><ele>450.9</ele></trkpt>
      <trkpt lat="46.0763011" lon="6.4457039"><ele>451.0</ele></trkpt>
      <trkpt lat="46.0762609" lon="6.4460885"><ele>451.0</ele></trkpt>
      <trkpt lat="46.0762207" lon="6.4464731"><ele>451.1</ele></trkpt>
      <trkpt lat="46.0761806" lon="6.4468577"><ele>451.2</ele></trkpt>
      <trkpt lat="46.0761404" lon="6.4472423"><ele>451.3</ele></trkpt>
      <trkpt lat="46.0761003" lon="6.4476269"><ele>451.4</ele></trkpt>
      <trkpt lat="46.0760601" lon="6.4480115"><ele>451.5</ele></trkpt>
      <trkpt lat="46.0760200" lon="6.4483961"><ele>451.6</ele></trkpt>
      <trkpt lat="46.0759798" lon="6.4487807"><ele>451.7</ele></trkpt>
      <trkpt lat="46.0759397" lon="6.4491653"><ele>451.7</ele></trkpt>
      <trkpt lat="46.0758995" lon="6.4495499"><ele>451.8</ele></trkpt>
      <trkpt lat="46.0758594" lon="6.4499345"><ele>451.9</ele></trkpt>
      <trkpt lat="46.0758271" lon="6.4501303"><ele>452.0</ele></trkpt>
      <trkpt lat="46.0757649" lon="6.4505087"><ele>452.0</ele></trkpt>
      <trkpt lat="46.0757423" lon="6.4507399"><ele>452.1</ele></trkpt>
      <trkpt lat="46.0757048" lon="6.4511250"><ele>452.2</ele></trkpt>
      <trkpt lat="46.0756672" lon="6.4515102"><ele>452.3</ele></trkpt>
      <trkpt lat="46.0756297" lon="6.4518953"><ele>452.3</ele></trkpt>
      <trkpt lat="46.0755921" lon="6.4522804"><ele>452.4</ele></trkpt>
      <trkpt lat="46.0755546" lon="6.4526656"><ele>452.5</ele></trkpt>
      <trkpt lat="46.0755170" lon="6.4530507"><ele>452.6</ele></trkpt>
      <trkpt lat="46.0754795" lon="6.4534358"><ele>452.7</ele></trkpt>
      <trkpt lat="46.0754419" lon="6.4538210"><ele>452.8</ele></trkpt>
      <trkpt lat="46.0754044" lon="6.4542061"><ele>452.8</ele></trkpt>
      <trkpt lat="46.0753851" lon="6.4543398"><ele>452.9</ele></trkpt>
      <trkpt lat="46.0753304" lon="6.4547207"><ele>452.9</ele></trkpt>
      <trkpt lat="46.0752757" lon="6.4551015"><ele>453.0</ele></trkpt>
      <trkpt lat="46.0752209" lon="6.4554823"><ele>453.0</ele></trkpt>
      <trkpt lat="46.0751616" lon="6.4557067"><ele>453.0</ele></trkpt>
      <trkpt lat="46.0751563" lon="6.4558865"><ele>453.0</ele></trkpt>
      <trkpt lat="46.0751449" lon="6.4562751"><ele>453.1</ele></trkpt>
      <trkpt lat="46.0751335" lon="6.4566637"><ele>453.1</ele></trkpt>
      <trkpt lat="46.0751050" lon="6.4569289"><ele>453.2</ele></trkpt>
      <trkpt lat="46.0750637" lon="6.4573133"><ele>453.2</ele></trkpt>
      <trkpt lat="46.0750224" lon="6.4576976"><ele>453.3</ele></trkpt>
      <trkpt lat="46.0749811" lon="6.4580819"><ele>453.4</ele></trkpt>
      <trkpt lat="46.0749398" lon="6.4584662"><ele>453.5</ele></trkpt>
      <trkpt lat="46.0748985" lon="6.4588506"><ele>453.6</ele></trkpt>
      <trkpt lat="46.0748571" lon="6.4592349"><ele>453.7</ele></trkpt>
      <trkpt lat="46.0748158" lon="6.4596192"><ele>453.8</ele></trkpt>
      <trkpt lat="46.0747745" lon="6.4600036"><ele>453.9</ele></trkpt>
      <trkpt lat="46.0747332" lon="6.4603879"><ele>454.0</ele></trkpt>
      <trkpt lat="46.0746919" lon="6.4607722"><ele>454.1</ele></trkpt>
      <trkpt lat="46.0746506" lon="6.4611565"><ele>454.2</ele></trkpt>
      <trkpt lat="46.0746093" lon="6.4615409"><ele>454.4</ele></trkpt>
      <trkpt lat="46.0745680" lon="6.4619252"><ele>454.5</ele></trkpt>
      <trkpt lat="46.0745267" lon="6.4623095"><ele>454.6</ele></trkpt>
      <trkpt lat="46.0744853" lon="6.4626938"><ele>454.6</ele></trkpt>
      <trkpt lat="46.0744440" lon="6.4630782"><ele>454.7</ele></trkpt>
      <trkpt lat="46.0744027" lon="6.4634625"><ele>454.7</ele></trkpt>
      <trkpt lat="46.0743614" lon="6.4638468"><ele>454.6</ele></trkpt>
      <trkpt lat="46.0742626" lon="6.4641944"><ele>454.7</ele></trkpt>
      <trkpt lat="46.0741603" lon="6.4645542"><ele>454.8</ele></trkpt>
      <trkpt lat="46.0740580" lon="6.4649141"><ele>454.8</ele></trkpt>
      <trkpt lat="46.0740625" lon="6.4649289"><ele>454.9</ele></trkpt>
      <trkpt lat="46.0741697" lon="6.4652858"><ele>454.9</ele></trkpt>
      <trkpt lat="46.0742769" lon="6.4656427"><ele>455.0</ele></trkpt>
      <trkpt lat="46.0743025" lon="6.4657609"><ele>455.1</ele></trkpt>
      <trkpt lat="46.0742972" lon="6.4658224"><ele>455.2</ele></trkpt>
      <trkpt lat="46.0742644" lon="6.4662084"><ele>455.3</ele></trkpt>
      <trkpt lat="46.0742315" lon="6.4665944"><ele>455.3</ele></trkpt>
      <trkpt lat="46.0741986" lon="6.4669804"><ele>455.2</ele></trkpt>
      <trkpt lat="46.0741657" lon="6.4673665"><ele>455.2</ele></trkpt>
      <trkpt lat="46.0741329" lon="6.4677525"><ele>455.2</ele></trkpt>
      <trkpt lat="46.0741000" lon="6.4681385"><ele>455.3</ele></trkpt>
      <trkpt lat="46.0740929" lon="6.4682908"><ele>455.3</ele></trkpt>
      <trkpt lat="46.0740749" lon="6.4686788"><ele>455.4</ele></trkpt>
      <trkpt lat="46.0740569" lon="6.4690668"><ele>455.5</ele></trkpt>
      <trkpt lat="46.0740389" lon="6.4694549"><ele>455.6</ele></trkpt>
      <trkpt lat="46.0740209" lon="6.4698429"><ele>455.7</ele></trkpt>
      <trkpt lat="46.0740249" lon="6.4699971"><ele>455.8</ele></trkpt>
      <trkpt lat="46.0740351" lon="6.4703857"><ele>455.9</ele></trkpt>
      <trkpt lat="46.0740452" lon="6.4707744"><ele>455.9</ele></trkpt>
      <trkpt lat="46.0740554" lon="6.4711630"><ele>456.0</ele></trkpt>
      <trkpt lat="46.0740656" lon="6.4715516"><ele>456.0</ele></trkpt>
      <trkpt lat="46.0740757" lon="6.4719403"><ele>456.1</ele></trkpt>
      <trkpt lat="46.0740988" lon="6.4721639"><ele>456.2</ele></trkpt>
      <trkpt lat="46.0741384" lon="6.4725486"><ele>456.3</ele></trkpt>
      <trkpt lat="46.0741780" lon="6.4729333"><ele>456.4</ele></trkpt>
      <trkpt lat="46.0742176" lon="6.4733180"><ele>456.5</ele></trkpt>
      <trkpt lat="46.0742573" lon="6.4737026"><ele>456.6</ele></trkpt>
      <trkpt lat="46.0742969" lon="6.4740873"><ele>456.7</ele></trkpt>
      <trkpt lat="46.0743365" lon="6.4744720"><ele>456.8</ele></trkpt>
      <trkpt lat="46.0743865" lon="6.4747182"><ele>456.9</ele></trkpt>
      <trkpt lat="46.0744624" lon="6.4750914"><ele>456.9</ele></trkpt>
      <trkpt lat="46.0745382" lon="6.4754646"><ele>457.0</ele></trkpt>
      <trkpt lat="46.0746141" lon="6.4758379"><ele>457.0</ele></trkpt>
      <trkpt lat="46.0746899" lon="6.4762111"><ele>457.0</ele></trkpt>
      <trkpt lat="46.0747658" lon="6.4765843"><ele>457.0</ele></trkpt>
      <trkpt lat="46.0748416" lon="6.4769576"><ele>457.0</ele></trkpt>
      <trkpt lat="46.0749167" lon="6.4772316"><ele>457.0</ele></trkpt>
      <trkpt lat="46.0750157" lon="6.4775934"><ele>457.1</ele></trkpt>
      <trkpt lat="46.0751148" lon="6.4779552"><ele>457.2</ele></trkpt>
      <trkpt lat="46.0751195" lon="6.4779685"><ele>457.3</ele></trkpt>
      <trkpt lat="46.0752435" lon="6.4783139"><ele>457.4</ele></trkpt>
      <trkpt lat="46.0753675" lon="6.4786593"><ele>457.5</ele></trkpt>
      <trkpt lat="46.0754915" lon="6.4790047"><ele>457.6</ele></trkpt>
      <trkpt lat="46.0755776" lon="6.4792774"><ele>457.6</ele></trkpt>
      <trkpt lat="46.0756893" lon="6.4796314"><ele>457.8</ele></trkpt>
      <trkpt lat="46.0758010" lon="6.4799854"><ele>457.9</ele></trkpt>
      <trkpt lat="46.0756032" lon="6.4802012"><ele>458.1</ele></trkpt>
      <trkpt lat="46.0755503" lon="6.4804079"><ele>458.3</ele></trkpt>
      <trkpt lat="46.0754568" lon="6.4807728"><ele>458.5</ele></trkpt>
      <trkpt lat="46.0753634" lon="6.4811376"><ele>459.0</ele></trkpt>
      <trkpt lat="46.0753221" lon="6.4812478"><ele>459.5</ele></trkpt>
      <trkpt lat="46.0751939" lon="6.4815900"><ele>460.1</ele></trkpt>
      <trkpt lat="46.0751914" lon="6.4815950"><ele>460.7</ele></trkpt>
      <trkpt lat="46.0750337" lon="6.4819106"><ele>461.2</ele></trkpt>
      <trkpt lat="46.0751003" lon="6.4819039"><ele>461.7</ele></trkpt>
      <trkpt lat="46.0750924" lon="6.4819465"><ele>462.1</ele></trkpt>
      <trkpt lat="46.0750233" lon="6.4823225"><ele>462.3</ele></trkpt>
      <trkpt lat="46.0750087" lon="6.4823472"><ele>462.6</ele></trkpt>
      <trkpt lat="46.0748332" lon="6.4826426"><ele>462.5</ele></trkpt>
      <trkpt lat="46.0747154" lon="6.4828244"><ele>462.4</ele></trkpt>
      <trkpt lat="46.0745312" lon="6.4831087"><ele>462.3</ele></trkpt>
      <trkpt lat="46.0744974" lon="6.4832731"><ele>462.0</ele></trkpt>
      <trkpt lat="46.0744835" lon="6.4833155"><ele>461.6</ele></trkpt>
      <trkpt lat="46.0743682" lon="6.4836670"><ele>461.1</ele></trkpt>
      <trkpt lat="46.0741176" lon="6.4836628"><ele>460.7</ele></trkpt>
      <trkpt lat="46.0738478" lon="6.4836583"><ele>460.4</ele></trkpt>
      <trkpt lat="46.0735780" lon="6.4836538"><ele>460.1</ele></trkpt>
      <trkpt lat="46.0733669" lon="6.4835556"><ele>459.8</ele></trkpt>
      <trkpt lat="46.0731102" lon="6.4834362"><ele>459.6</ele></trkpt>
      <trkpt lat="46.0730338" lon="6.4833649"><ele>459.4</ele></trkpt>
      <trkpt lat="46.0730307" lon="6.4833644"><ele>459.3</ele></trkpt>
      <trkpt lat="46.0727624" lon="6.4833236"><ele>459.4</ele></trkpt>
      <trkpt lat="46.0726335" lon="6.4834246"><ele>459.5</ele></trkpt>
      <trkpt lat="46.0726316" lon="6.4837750"><ele>459.5</ele></trkpt>
      <trkpt lat="46.0726313" lon="6.4837647"><ele>459.5</ele></trkpt>
      <trkpt lat="46.0726202" lon="6.4833762"><ele>459.5</ele></trkpt>
      <trkpt lat="46.0726996" lon="6.4832176"><ele>459.4</ele></trkpt>
      <trkpt lat="46.0726740" lon="6.4830052"><ele>459.3</ele></trkpt>
      <trkpt lat="46.0726277" lon="6.4826221"><ele>459.2</ele></trkpt>
      <trkpt lat="46.0725814" lon="6.4822390"><ele>459.0</ele></trkpt>
      <trkpt lat="46.0725352" lon="6.4818558"><ele>458.8</ele></trkpt>
      <trkpt lat="46.0724889" lon="6.4814727"><ele>458.7</ele></trkpt>
      <trkpt lat="46.0724426" lon="6.4810896"><ele>458.5</ele></trkpt>
      <trkpt lat="46.0723964" lon="6.4807064"><ele>458.2</ele></trkpt>
      <trkpt lat="46.0723501" lon="6.4803233"><ele>458.0</ele></trkpt>
      <trkpt lat="46.0723040" lon="6.4802048"><ele>457.9</ele></trkpt>
      <trkpt lat="46.0721720" lon="6.4798656"><ele>457.7</ele></trkpt>
      <trkpt lat="46.0720400" lon="6.4795264"><ele>457.5</ele></trkpt>
      <trkpt lat="46.0720163" lon="6.4794077"><ele>457.3</ele></trkpt>
      <trkpt lat="46.0719867" lon="6.4793219"><ele>457.2</ele></trkpt>
      <trkpt lat="46.0719669" lon="6.4792887"><ele>457.0</ele></trkpt>
      <trkpt lat="46.0717912" lon="6.4789936"><ele>457.0</ele></trkpt>
      <trkpt lat="46.0716957" lon="6.4790597"><ele>457.0</ele></trkpt>
      <trkpt lat="46.0716623" lon="6.4792742"><ele>457.0</ele></trkpt>
      <trkpt lat="46.0716532" lon="6.4793170"><ele>457.1</ele></trkpt>
      <trkpt lat="46.0715742" lon="6.4796889"><ele>457.2</ele></trkpt>
      <trkpt lat="46.0714953" lon="6.4800607"><ele>457.4</ele></trkpt>
      <trkpt lat="46.0714163" lon="6.4804326"><ele>457.7</ele></trkpt>
      <trkpt lat="46.0713373" lon="6.4808044"><ele>457.9</ele></trkpt>
      <trkpt lat="46.0713209" lon="6.4810578"><ele>458.1</ele></trkpt>
      <trkpt lat="46.0712958" lon="6.4814450"><ele>458.4</ele></trkpt>
      <trkpt lat="46.0713033" lon="6.4815894"><ele>458.5</ele></trkpt>
      <trkpt lat="46.0713235" lon="6.4819772"><ele>458.7</ele></trkpt>
      <trkpt lat="46.0713350" lon="6.4820454"><ele>458.8</ele></trkpt>
      <trkpt lat="46.0713989" lon="6.4824232"><ele>458.9</ele></trkpt>
      <trkpt lat="46.0714628" lon="6.4828011"><ele>458.9</ele></trkpt>
      <trkpt lat="46.0715470" lon="6.4830577"><ele>459.0</ele></trkpt>
      <trkpt lat="46.0715751" lon="6.4831214"><ele>459.1</ele></trkpt>
      <trkpt lat="46.0717200" lon="6.4834495"><ele>459.2</ele></trkpt>
      <trkpt lat="46.0717384" lon="6.4834793"><ele>459.3</ele></trkpt>
      <trkpt lat="46.0719182" lon="6.4837693"><ele>459.4</ele></trkpt>
      <trkpt lat="46.0720979" lon="6.4840593"><ele>459.5</ele></trkpt>
      <trkpt lat="46.0722777" lon="6.4843493"><ele>459.6</ele></trkpt>
      <trkpt lat="46.0723122" lon="6.4844131"><ele>459.7</ele></trkpt>
      <trkpt lat="46.0724784" lon="6.4847194"><ele>459.8</ele></trkpt>
      <trkpt lat="46.0726446" lon="6.4850258"><ele>459.9</ele></trkpt>
      <trkpt lat="46.0727277" lon="6.4852557"><ele>459.9</ele></trkpt>
      <trkpt lat="46.0727294" lon="6.4852626"><ele>460.0</ele></trkpt>
      <trkpt lat="46.0728227" lon="6.4856275"><ele>460.0</ele></trkpt>
      <trkpt lat="46.0729161" lon="6.4859924"><ele>460.1</ele></trkpt>
      <trkpt lat="46.0729275" lon="6.4862810"><ele>460.2</ele></trkpt>
      <trkpt lat="46.0729428" lon="6.4866693"><ele>460.2</ele></trkpt>
      <trkpt lat="46.0729197" lon="6.4868735"><ele>460.2</ele></trkpt>
      <trkpt lat="46.0728762" lon="6.4872573"><ele>460.3</ele></trkpt>
      <trkpt lat="46.0728414" lon="6.4874030"><ele>460.3</ele></trkpt>
      <trkpt lat="46.0727536" lon="6.4877707"><ele>460.3</ele></trkpt>
      <trkpt lat="46.0727069" lon="6.4879066"><ele>460.4</ele></trkpt>
      <trkpt lat="46.0725872" lon="6.4882552"><ele>460.4</ele></trkpt>
      <trkpt lat="46.0724675" lon="6.4886037"><ele>460.4</ele></trkpt>
      <trkpt lat="46.0723479" lon="6.4889523"><ele>460.4</ele></trkpt>
      <trkpt lat="46.0722282" lon="6.4893008"><ele>460.5</ele></trkpt>
      <trkpt lat="46.0721085" lon="6.4896493"><ele>460.5</ele></trkpt>
      <trkpt lat="46.0719888" lon="6.4899979"><ele>460.6</ele></trkpt>
      <trkpt lat="46.0718691" lon="6.4903464"><ele>460.6</ele></trkpt>
      <trkpt lat="46.0717495" lon="6.4906949"><ele>460.7</ele></trkpt>
      <trkpt lat="46.0716298" lon="6.4910435"><ele>460.8</ele></trkpt>
      <trkpt lat="46.0715101" lon="6.4913920"><ele>460.8</ele></trkpt>
      <trkpt lat="46.0713904" lon="6.4917406"><ele>460.9</ele></trkpt>
      <trkpt lat="46.0712708" lon="6.4920891"><ele>460.9</ele></trkpt>
      <trkpt lat="46.0711511" lon="6.4924376"><ele>460.9</ele></trkpt>
      <trkpt lat="46.0710814" lon="6.4924785"><ele>461.0</ele></trkpt>
      <trkpt lat="46.0709325" lon="6.4925645"><ele>461.0</ele></trkpt>
      <trkpt lat="46.0709297" lon="6.4926601"><ele>460.9</ele></trkpt>
      <trkpt lat="46.0709185" lon="6.4930487"><ele>460.9</ele></trkpt>
      <trkpt lat="46.0709073" lon="6.4934372"><ele>460.8</ele></trkpt>
      <trkpt lat="46.0709118" lon="6.4935720"><ele>460.7</ele></trkpt>
      <trkpt lat="46.0709248" lon="6.4939604"><ele>460.5</ele></trkpt>
      <trkpt lat="46.0709377" lon="6.4943489"><ele>460.3</ele></trkpt>
      <trkpt lat="46.0709413" lon="6.4943675"><ele>460.1</ele></trkpt>
      <trkpt lat="46.0710142" lon="6.4947419"><ele>460.0</ele></trkpt>
      <trkpt lat="46.0710870" lon="6.4951164"><ele>459.9</ele></trkpt>
      <trkpt lat="46.0711598" lon="6.4954908"><ele>459.9</ele></trkpt>
      <trkpt lat="46.0712859" lon="6.4957719"><ele>460.0</ele></trkpt>
      <trkpt lat="46.0714323" lon="6.4960985"><ele>460.2</ele></trkpt>
      <trkpt lat="46.0714305" lon="6.4961321"><ele>460.5</ele></trkpt>
      <trkpt lat="46.0714294" lon="6.4961343"><ele>460.8</ele></trkpt>
      <trkpt lat="46.0712690" lon="6.4964470"><ele>461.2</ele></trkpt>
      <trkpt lat="46.0712042" lon="6.4964840"><ele>461.5</ele></trkpt>
      <trkpt lat="46.0709533" lon="6.4966271"><ele>461.8</ele></trkpt>
      <trkpt lat="46.0707025" lon="6.4967703"><ele>462.1</ele></trkpt>
      <trkpt lat="46.0704516" lon="6.4969134"><ele>462.4</ele></trkpt>
      <trkpt lat="46.0702008" lon="6.4970566"><ele>462.6</ele></trkpt>
      <trkpt lat="46.0701922" lon="6.4970662"><ele>462.7</ele></trkpt>
      <trkpt lat="46.0702922" lon="6.4970339"><ele>462.8</ele></trkpt>
      <trkpt lat="46.0705555" lon="6.4969489"><ele>463.0</ele></trkpt>
      <trkpt lat="46.0708188" lon="6.4968639"><ele>463.2</ele></trkpt>
      <trkpt lat="46.0710820" lon="6.4967789"><ele>463.3</ele></trkpt>
      <trkpt lat="46.0711486" lon="6.4967685"><ele>463.6</ele></trkpt>
      <trkpt lat="46.0714168" lon="6.4967265"><ele>463.9</ele></trkpt>
      <trkpt lat="46.0716034" lon="6.4968136"><ele>464.0</ele></trkpt>
      <trkpt lat="46.0716198" lon="6.4968326"><ele>463.9</ele></trkpt>
      <trkpt lat="46.0718298" lon="6.4970768"><ele>463.7</ele></trkpt>
      <trkpt lat="46.0720398" lon="6.4973209"><ele>463.4</ele></trkpt>
      <trkpt lat="46.0721907" lon="6.4974929"><ele>463.1</ele></trkpt>
      <trkpt lat="46.0724023" lon="6.4977341"><ele>462.7</ele></trkpt>
      <trkpt lat="46.0726030" lon="6.4978702"><ele>462.2</ele></trkpt>
      <trkpt lat="46.0728471" lon="6.4980359"><ele>461.6</ele></trkpt>
      <trkpt lat="46.0730912" lon="6.4982015"><ele>461.0</ele></trkpt>
      <trkpt lat="46.0733353" lon="6.4983671"><ele>460.6</ele></trkpt>
      <trkpt lat="46.0735794" lon="6.4985328"><ele>460.5</ele></trkpt>
      <trkpt lat="46.0737067" lon="6.4986693"><ele>460.4</ele></trkpt>
      <trkpt lat="46.0739231" lon="6.4989015"><ele>460.4</ele></trkpt>
      <trkpt lat="46.0739813" lon="6.4989941"><ele>460.5</ele></trkpt>
      <trkpt lat="46.0741623" lon="6.4992825"><ele>460.5</ele></trkpt>
      <trkpt lat="46.0742164" lon="6.4994195"><ele>460.6</ele></trkpt>
      <trkpt lat="46.0743498" lon="6.4997576"><ele>460.7</ele></trkpt>
      <trkpt lat="46.0743642" lon="6.4998218"><ele>460.8</ele></trkpt>
      <trkpt lat="46.0744470" lon="6.5001919"><ele>460.9</ele></trkpt>
      <trkpt lat="46.0744480" lon="6.5002382"><ele>460.9</ele></trkpt>
      <trkpt lat="46.0744567" lon="6.5006269"><ele>461.0</ele></trkpt>
      <trkpt lat="46.0744653" lon="6.5010156"><ele>461.0</ele></trkpt>
      <trkpt lat="46.0744739" lon="6.5014044"><ele>461.0</ele></trkpt>
      <trkpt lat="46.0744826" lon="6.5017931"><ele>461.1</ele></trkpt>
      <trkpt lat="46.0744912" lon="6.5021818"><ele>461.2</ele></trkpt>
      <trkpt lat="46.0744999" lon="6.5025705"><ele>461.2</ele></trkpt>
      <trkpt lat="46.0745251" lon="6.5029512"><ele>461.3</ele></trkpt>
      <trkpt lat="46.0745264" lon="6.5029623"><ele>461.4</ele></trkpt>
      <trkpt lat="46.0745724" lon="6.5033456"><ele>461.5</ele></trkpt>
      <trkpt lat="46.0746183" lon="6.5037288"><ele>461.6</ele></trkpt>
      <trkpt lat="46.0746642" lon="6.5041121"><ele>461.8</ele></trkpt>
      <trkpt lat="46.0747101" lon="6.5044953"><ele>461.8</ele></trkpt>
      <trkpt lat="46.0747560" lon="6.5048785"><ele>461.9</ele></trkpt>
      <trkpt lat="46.0748020" lon="6.5052618"><ele>462.0</ele></trkpt>
      <trkpt lat="46.0748479" lon="6.5056450"><ele>462.1</ele></trkpt>
      <trkpt lat="46.0748938" lon="6.5060283"><ele>462.2</ele></trkpt>
      <trkpt lat="46.0749397" lon="6.5064115"><ele>462.2</ele></trkpt>
      <trkpt lat="46.0749857" lon="6.5067947"><ele>462.3</ele></trkpt>
      <trkpt lat="46.0750316" lon="6.5071780"><ele>462.4</ele></trkpt>
      <trkpt lat="46.0750775" lon="6.5075612"><ele>462.5</ele></trkpt>
      <trkpt lat="46.0751234" lon="6.5079445"><ele>462.6</ele></trkpt>
      <trkpt lat="46.0751694" lon="6.5083277"><ele>462.6</ele></trkpt>
      <trkpt lat="46.0752153" lon="6.5087109"><ele>462.7</ele></trkpt>
      <trkpt lat="46.0752612" lon="6.5090942"><ele>462.8</ele></trkpt>
      <trkpt lat="46.0753071" lon="6.5094774"><ele>462.8</ele></trkpt>
      <trkpt lat="46.0753531" lon="6.5098606"><ele>462.9</ele></trkpt>
      <trkpt lat="46.0754157" lon="6.5100889"><ele>462.9</ele></trkpt>
      <trkpt lat="46.0755148" lon="6.5104506"><ele>463.0</ele></trkpt>
      <trkpt lat="46.0756140" lon="6.5108123"><ele>463.0</ele></trkpt>
      <trkpt lat="46.0756580" lon="6.5109260"><ele>463.0</ele></trkpt>
      <trkpt lat="46.0757893" lon="6.5112656"><ele>463.0</ele></trkpt>
      <trkpt lat="46.0759207" lon="6.5116053"><ele>463.1</ele></trkpt>
      <trkpt lat="46.0760500" lon="6.5118433"><ele>463.2</ele></trkpt>
      <trkpt lat="46.0762163" lon="6.5121496"><ele>463.3</ele></trkpt>
      <trkpt lat="46.0763587" lon="6.5123499"><ele>463.4</ele></trkpt>
      <trkpt lat="46.0765518" lon="6.5126215"><ele>463.5</ele></trkpt>
      <trkpt lat="46.0767449" lon="6.5128931"><ele>463.6</ele></trkpt>
      <trkpt lat="46.0768003" lon="6.5130045"><ele>463.7</ele></trkpt>
      <trkpt lat="46.0769574" lon="6.5133206"><ele>463.8</ele></trkpt>
      <trkpt lat="46.0769477" lon="6.5133524"><ele>463.9</ele></trkpt>
      <trkpt lat="46.0768392" lon="6.5137085"><ele>464.0</ele></trkpt>
      <trkpt lat="46.0767307" lon="6.5140646"><ele>464.0</ele></trkpt>
      <trkpt lat="46.0766665" lon="6.5142895"><ele>464.0</ele></trkpt>
      <trkpt lat="46.0765638" lon="6.5146492"><ele>464.1</ele></trkpt>
      <trkpt lat="46.0764612" lon="6.5150088"><ele>464.1</ele></trkpt>
      <trkpt lat="46.0764257" lon="6.5153516"><ele>464.2</ele></trkpt>
      <trkpt lat="46.0763858" lon="6.5157363"><ele>464.3</ele></trkpt>
      <trkpt lat="46.0763460" lon="6.5161209"><ele>464.4</ele></trkpt>
      <trkpt lat="46.0763061" lon="6.5165056"><ele>464.5</ele></trkpt>
      <trkpt lat="46.0762663" lon="6.5168902"><ele>464.6</ele></trkpt>
      <trkpt lat="46.0762264" lon="6.5172749"><ele>464.7</ele></trkpt>
      <trkpt lat="46.0761865" lon="6.5176596"><ele>464.8</ele></trkpt>
      <trkpt lat="46.0761467" lon="6.5180442"><ele>465.0</ele></trkpt>
      <trkpt lat="46.0761068" lon="6.5184289"><ele>465.1</ele></trkpt>
      <trkpt lat="46.0760670" lon="6.5188135"><ele>465.2</ele></trkpt>
      <trkpt lat="46.0760271" lon="6.5191982"><ele>465.3</ele></trkpt>
      <trkpt lat="46.0759873" lon="6.5195828"><ele>465.5</ele></trkpt>
      <trkpt lat="46.0759474" lon="6.5199675"><ele>465.6</ele></trkpt>
      <trkpt lat="46.0759076" lon="6.5203521"><ele>465.7</ele></trkpt>
      <trkpt lat="46.0758677" lon="6.5207368"><ele>465.7</ele></trkpt>
      <trkpt lat="46.0758279" lon="6.5211215"><ele>465.8</ele></trkpt>
      <trkpt lat="46.0758183" lon="6.5213355"><ele>465.9</ele></trkpt>
      <trkpt lat="46.0758009" lon="6.5217236"><ele>465.9</ele></trkpt>
      <trkpt lat="46.0757835" lon="6.5221117"><ele>466.0</ele></trkpt>
      <trkpt lat="46.0757661" lon="6.5224998"><ele>466.0</ele></trkpt>
      <trkpt lat="46.0757811" lon="6.5227523"><ele>466.0</ele></trkpt>
      <trkpt lat="46.0758041" lon="6.5231398"><ele>466.1</ele></trkpt>
      <trkpt lat="46.0758272" lon="6.5235273"><ele>466.2</ele></trkpt>
      <trkpt lat="46.0758502" lon="6.5239148"><ele>466.3</ele></trkpt>
      <trkpt lat="46.0758502" lon="6.5239704"><ele>466.4</ele></trkpt>
      <trkpt lat="46.0758501" lon="6.5243593"><ele>466.4</ele></trkpt>
      <trkpt lat="46.0758289" lon="6.5245349"><ele>466.5</ele></trkpt>
      <trkpt lat="46.0758072" lon="6.5245883"><ele>466.5</ele></trkpt>
      <trkpt lat="46.0756707" lon="6.5249238"><ele>466.5</ele></trkpt>
      <trkpt lat="46.0755658" lon="6.5251508"><ele>466.5</ele></trkpt>
      <trkpt lat="46.0754917" lon="6.5252412"><ele>466.5</ele></trkpt>
      <trkpt lat="46.0752857" lon="6.5254924"><ele>466.4</ele></trkpt>
      <trkpt lat="46.0750797" lon="6.5257435"><ele>466.3</ele></trkpt>
      <trkpt lat="46.0748737" lon="6.5259947"><ele>466.3</ele></trkpt>
      <trkpt lat="46.0746677" lon="6.5262458"><ele>466.3</ele></trkpt>
      <trkpt lat="46.0744617" lon="6.5264970"><ele>466.3</ele></trkpt>
      <trkpt lat="46.0746216" lon="6.5263188"><ele>466.3</ele></trkpt>
      <trkpt lat="46.0748351" lon="6.5260810"><ele>466.4</ele></trkpt>
      <trkpt lat="46.0750485" lon="6.5258431"><ele>466.6</ele></trkpt>
      <trkpt lat="46.0752620" lon="6.5256053"><ele>466.8</ele></trkpt>
      <trkpt lat="46.0754755" lon="6.5253675"><ele>466.9</ele></trkpt>
      <trkpt lat="46.0755170" lon="6.5254055"><ele>467.0</ele></trkpt>
      <trkpt lat="46.0757447" lon="6.5256141"><ele>467.0</ele></trkpt>
      <trkpt lat="46.0759724" lon="6.5258227"><ele>467.0</ele></trkpt>
      <trkpt lat="46.0759620" lon="6.5261641"><ele>467.0</ele></trkpt>
      <trkpt lat="46.0759502" lon="6.5265527"><ele>466.9</ele></trkpt>
      <trkpt lat="46.0759958" lon="6.5269296"><ele>466.8</ele></trkpt>
      <trkpt lat="46.0760028" lon="6.5271158"><ele>466.7</ele></trkpt>
      <trkpt lat="46.0760174" lon="6.5275042"><ele>466.5</ele></trkpt>
      <trkpt lat="46.0760320" lon="6.5278925"><ele>466.3</ele></trkpt>
      <trkpt lat="46.0760466" lon="6.5282809"><ele>466.2</ele></trkpt>
      <trkpt lat="46.0760612" lon="6.5286692"><ele>466.2</ele></trkpt>
      <trkpt lat="46.0760758" lon="6.5290576"><ele>466.1</ele></trkpt>
      <trkpt lat="46.0760904" lon="6.5294459"><ele>466.1</ele></trkpt>
      <trkpt lat="46.0761050" lon="6.5298343"><ele>466.1</ele></trkpt>
      <trkpt lat="46.0760907" lon="6.5300885"><ele>466.0</ele></trkpt>
      <trkpt lat="46.0760690" lon="6.5304761"><ele>466.0</ele></trkpt>
      <trkpt lat="46.0760472" lon="6.5308638"><ele>466.0</ele></trkpt>
      <trkpt lat="46.0760254" lon="6.5312514"><ele>466.0</ele></trkpt>
      <trkpt lat="46.0760037" lon="6.5316391"><ele>466.0</ele></trkpt>
      <trkpt lat="46.0759819" lon="6.5320267"><ele>465.9</ele></trkpt>
      <trkpt lat="46.0759602" lon="6.5324144"><ele>465.8</ele></trkpt>
      <trkpt lat="46.0759384" lon="6.5328021"><ele>465.8</ele></trkpt>
      <trkpt lat="46.0759121" lon="6.5330375"><ele>465.9</ele></trkpt>
      <trkpt lat="46.0758693" lon="6.5334215"><ele>466.0</ele></trkpt>
      <trkpt lat="46.0758635" lon="6.5335443"><ele>466.1</ele></trkpt>
      <trkpt lat="46.0758453" lon="6.5339323"><ele>466.3</ele></trkpt>
      <trkpt lat="46.0758270" lon="6.5343203"><ele>466.5</ele></trkpt>
      <trkpt lat="46.0758233" lon="6.5343462"><ele>466.7</ele></trkpt>
      <trkpt lat="46.0757689" lon="6.5347271"><ele>467.1</ele></trkpt>
      <trkpt lat="46.0757560" lon="6.5348358"><ele>467.5</ele></trkpt>
      <trkpt lat="46.0757102" lon="6.5352191"><ele>467.7</ele></trkpt>
      <trkpt lat="46.0756645" lon="6.5356024"><ele>467.8</ele></trkpt>
      <trkpt lat="46.0756188" lon="6.5359857"><ele>467.9</ele></trkpt>
      <trkpt lat="46.0755730" lon="6.5363690"><ele>467.9</ele></trkpt>
      <trkpt lat="46.0755267" lon="6.5365501"><ele>467.9</ele></trkpt>
      <trkpt lat="46.0754333" lon="6.5369150"><ele>467.9</ele></trkpt>
      <trkpt lat="46.0753812" lon="6.5372400"><ele>468.0</ele></trkpt>
      <trkpt lat="46.0753204" lon="6.5376189"><ele>468.0</ele></trkpt>
      <trkpt lat="46.0752596" lon="6.5379978"><ele>468.1</ele></trkpt>
      <trkpt lat="46.0752592" lon="6.5380057"><ele>468.2</ele></trkpt>
      <trkpt lat="46.0752424" lon="6.5383938"><ele>468.4</ele></trkpt>
      <trkpt lat="46.0752257" lon="6.5387820"><ele>468.5</ele></trkpt>
      <trkpt lat="46.0752028" lon="6.5390375"><ele>468.7</ele></trkpt>
      <trkpt lat="46.0751818" lon="6.5391654"><ele>468.7</ele></trkpt>
      <trkpt lat="46.0751197" lon="6.5395438"><ele>468.7</ele></trkpt>
      <trkpt lat="46.0750576" lon="6.5399223"><ele>468.8</ele></trkpt>
      <trkpt lat="46.0749955" lon="6.5403008"><ele>468.9</ele></trkpt>
      <trkpt lat="46.0749333" lon="6.5406792"><ele>469.0</ele></trkpt>
      <trkpt lat="46.0748712" lon="6.5410577"><ele>469.0</ele></trkpt>
      <trkpt lat="46.0748967" lon="6.5413743"><ele>469.1</ele></trkpt>
      <trkpt lat="46.0749277" lon="6.5417606"><ele>469.2</ele></trkpt>
      <trkpt lat="46.0748864" lon="6.5418098"><ele>469.3</ele></trkpt>
      <trkpt lat="46.0748641" lon="6.5418806"><ele>469.4</ele></trkpt>
      <trkpt lat="46.0748449" lon="6.5419341"><ele>469.6</ele></trkpt>
      <trkpt lat="46.0747208" lon="6.5422794"><ele>469.7</ele></trkpt>
      <trkpt lat="46.0745967" lon="6.5426248"><ele>469.7</ele></trkpt>
      <trkpt lat="46.0745368" lon="6.5429176"><ele>469.7</ele></trkpt>
      <trkpt lat="46.0744605" lon="6.5432906"><ele>469.8</ele></trkpt>
      <trkpt lat="46.0743842" lon="6.5436636"><ele>469.9</ele></trkpt>
      <trkpt lat="46.0742791" lon="6.5439986"><ele>470.1</ele></trkpt>
      <trkpt lat="46.0742320" lon="6.5442051"><ele>470.4</ele></trkpt>
      <trkpt lat="46.0741478" lon="6.5445745"><ele>470.7</ele></trkpt>
      <trkpt lat="46.0740635" lon="6.5449440"><ele>471.0</ele></trkpt>
      <trkpt lat="46.0739793" lon="6.5453135"><ele>471.2</ele></trkpt>
      <trkpt lat="46.0738951" lon="6.5456829"><ele>471.4</ele></trkpt>
      <trkpt lat="46.0738108" lon="6.5460524"><ele>471.6</ele></trkpt>
      <trkpt lat="46.0738394" lon="6.5464353"><ele>471.8</ele></trkpt>
      <trkpt lat="46.0738682" lon="6.5468220"><ele>471.9</ele></trkpt>
      <trkpt lat="46.0738970" lon="6.5472087"><ele>471.9</ele></trkpt>
      <trkpt lat="46.0739259" lon="6.5475954"><ele>472.0</ele></trkpt>
      <trkpt lat="46.0739696" lon="6.5477833"><ele>471.9</ele></trkpt>
      <trkpt lat="46.0740555" lon="6.5481520"><ele>471.9</ele></trkpt>
      <trkpt lat="46.0741276" lon="6.5483079"><ele>471.9</ele></trkpt>
      <trkpt lat="46.0741200" lon="6.5483775"><ele>471.8</ele></trkpt>
      <trkpt lat="46.0739889" lon="6.5480382"><ele>471.7</ele></trkpt>
      <trkpt lat="46.0738411" lon="6.5480115"><ele>471.6</ele></trkpt>
      <trkpt lat="46.0737743" lon="6.5480034"><ele>471.5</ele></trkpt>
      <trkpt lat="46.0735054" lon="6.5479712"><ele>471.5</ele></trkpt>
      <trkpt lat="46.0734230" lon="6.5479928"><ele>471.4</ele></trkpt>
      <trkpt lat="46.0733672" lon="6.5481017"><ele>471.5</ele></trkpt>
      <trkpt lat="46.0732070" lon="6.5484147"><ele>471.6</ele></trkpt>
      <trkpt lat="46.0731935" lon="6.5484719"><ele>471.6</ele></trkpt>
      <trkpt lat="46.0731062" lon="6.5488399"><ele>471.8</ele></trkpt>
      <trkpt lat="46.0730190" lon="6.5492079"><ele>471.9</ele></trkpt>
      <trkpt lat="46.0729318" lon="6.5495759"><ele>472.1</ele></trkpt>
      <trkpt lat="46.0729247" lon="6.5495980"><ele>472.3</ele></trkpt>
      <trkpt lat="46.0728115" lon="6.5499510"><ele>472.5</ele></trkpt>
      <trkpt lat="46.0726983" lon="6.5503040"><ele>472.6</ele></trkpt>
      <trkpt lat="46.0725852" lon="6.5506570"><ele>472.7</ele></trkpt>
      <trkpt lat="46.0724720" lon="6.5510100"><ele>472.7</ele></trkpt>
      <trkpt lat="46.0723588" lon="6.5513630"><ele>472.8</ele></trkpt>
      <trkpt lat="46.0722456" lon="6.5517160"><ele>472.9</ele></trkpt>
      <trkpt lat="46.0721324" lon="6.5520691"><ele>472.9</ele></trkpt>
      <trkpt lat="46.0720192" lon="6.5524221"><ele>473.0</ele></trkpt>
      <trkpt lat="46.0719060" lon="6.5527751"><ele>473.0</ele></trkpt>
      <trkpt lat="46.0717887" lon="6.5530630"><ele>473.1</ele></trkpt>
      <trkpt lat="46.0716522" lon="6.5533984"><ele>473.2</ele></trkpt>
      <trkpt lat="46.0715156" lon="6.5537338"><ele>473.3</ele></trkpt>
      <trkpt lat="46.0713790" lon="6.5540692"><ele>473.4</ele></trkpt>
      <trkpt lat="46.0712425" lon="6.5544046"><ele>473.5</ele></trkpt>
      <trkpt lat="46.0711059" lon="6.5547400"><ele>473.6</ele></trkpt>
      <trkpt lat="46.0709693" lon="6.5550754"><ele>473.6</ele></trkpt>
      <trkpt lat="46.0708328" lon="6.5554107"><ele>473.6</ele></trkpt>
      <trkpt lat="46.0706962" lon="6.5557461"><ele>473.6</ele></trkpt>
      <trkpt lat="46.0706823" lon="6.5557678"><ele>473.6</ele></trkpt>
      <trkpt lat="46.0704991" lon="6.5560534"><ele>473.7</ele></trkpt>
      <trkpt lat="46.0704008" lon="6.5563002"><ele>473.7</ele></trkpt>
      <trkpt lat="46.0702665" lon="6.5566375"><ele>473.7</ele></trkpt>
      <trkpt lat="46.0701322" lon="6.5569747"><ele>473.8</ele></trkpt>
      <trkpt lat="46.0699978" lon="6.5573120"><ele>473.9</ele></trkpt>
      <trkpt lat="46.0698635" lon="6.5576492"><ele>474.1</ele></trkpt>
      <trkpt lat="46.0697292" lon="6.5579865"><ele>474.2</ele></trkpt>
      <trkpt lat="46.0695949" lon="6.5583237"><ele>474.4</ele></trkpt>
      <trkpt lat="46.0694605" lon="6.5586610"><ele>474.5</ele></trkpt>
      <trkpt lat="46.0693262" lon="6.5589982"><ele>474.7</ele></trkpt>
      <trkpt lat="46.0693049" lon="6.5590407"><ele>474.8</ele></trkpt>
      <trkpt lat="46.0691468" lon="6.5593558"><ele>474.8</ele></trkpt>
      <trkpt lat="46.0689886" lon="6.5596709"><ele>474.9</ele></trkpt>
      <trkpt lat="46.0689805" lon="6.5596912"><ele>475.0</ele></trkpt>
      <trkpt lat="46.0688460" lon="6.5600283"><ele>475.1</ele></trkpt>
      <trkpt lat="46.0687115" lon="6.5603654"><ele>475.2</ele></trkpt>
      <trkpt lat="46.0687094" lon="6.5603734"><ele>475.3</ele></trkpt>
      <trkpt lat="46.0686156" lon="6.5607380"><ele>475.3</ele></trkpt>
      <trkpt lat="46.0685217" lon="6.5611026"><ele>475.5</ele></trkpt>
      <trkpt lat="46.0684931" lon="6.5611314"><ele>475.7</ele></trkpt>
      <trkpt lat="46.0682721" lon="6.5613544"><ele>475.8</ele></trkpt>
      <trkpt lat="46.0681712" lon="6.5616137"><ele>475.9</ele></trkpt>
      <trkpt lat="46.0681418" lon="6.5618178"><ele>476.0</ele></trkpt>
      <trkpt lat="46.0680030" lon="6.5620479"><ele>476.0</ele></trkpt>
      <trkpt lat="46.0679019" lon="6.5623039"><ele>476.0</ele></trkpt>
      <trkpt lat="46.0677685" lon="6.5626419"><ele>476.1</ele></trkpt>
      <trkpt lat="46.0676483" lon="6.5628940"><ele>476.1</ele></trkpt>
      <trkpt lat="46.0674956" lon="6.5632146"><ele>476.0</ele></trkpt>
      <trkpt lat="46.0673429" lon="6.5635351"><ele>476.0</ele></trkpt>
      <trkpt lat="46.0672569" lon="6.5636628"><ele>476.0</ele></trkpt>
      <trkpt lat="46.0670690" lon="6.5639418"><ele>476.1</ele></trkpt>
      <trkpt lat="46.0668811" lon="6.5642209"><ele>476.1</ele></trkpt>
      <trkpt lat="46.0667414" lon="6.5644482"><ele>476.2</ele></trkpt>
      <trkpt lat="46.0665624" lon="6.5647392"><ele>476.3</ele></trkpt>
      <trkpt lat="46.0663834" lon="6.5650302"><ele>476.3</ele></trkpt>
      <trkpt lat="46.0662045" lon="6.5653212"><ele>476.4</ele></trkpt>
      <trkpt lat="46.0660255" lon="6.5656121"><ele>476.5</ele></trkpt>
      <trkpt lat="46.0658465" lon="6.5659031"><ele>476.6</ele></trkpt>
      <trkpt lat="46.0656676" lon="6.5661941"><ele>476.7</ele></trkpt>
      <trkpt lat="46.0654886" lon="6.5664851"><ele>476.8</ele></trkpt>
      <trkpt lat="46.0654733" lon="6.5665234"><ele>476.9</ele></trkpt>
      <trkpt lat="46.0653387" lon="6.5668605"><ele>476.9</ele></trkpt>
      <trkpt lat="46.0652041" lon="6.5671975"><ele>476.9</ele></trkpt>
      <trkpt lat="46.0650999" lon="6.5674113"><ele>477.0</ele></trkpt>
      <trkpt lat="46.0649448" lon="6.5677295"><ele>477.0</ele></trkpt>
      <trkpt lat="46.0647897" lon="6.5680476"><ele>477.0</ele></trkpt>
      <trkpt lat="46.0647772" lon="6.5680720"><ele>477.0</ele></trkpt>
      <trkpt lat="46.0646172" lon="6.5683851"><ele>477.1</ele></trkpt>
      <trkpt lat="46.0644573" lon="6.5686982"><ele>477.2</ele></trkpt>
      <trkpt lat="46.0642973" lon="6.5690113"><ele>477.3</ele></trkpt>
      <trkpt lat="46.0641373" lon="6.5693244"><ele>477.4</ele></trkpt>
      <trkpt lat="46.0642146" lon="6.5695747"><ele>477.5</ele></trkpt>
      <trkpt lat="46.0641348" lon="6.5696136"><ele>477.6</ele></trkpt>
      <trkpt lat="46.0640811" lon="6.5697091"><ele>477.7</ele></trkpt>
      <trkpt lat="46.0639112" lon="6.5700111"><ele>477.8</ele></trkpt>
      <trkpt lat="46.0638854" lon="6.5700655"><ele>477.9</ele></trkpt>
      <trkpt lat="46.0637333" lon="6.5703866"><ele>478.0</ele></trkpt>
      <trkpt lat="46.0635812" lon="6.5707078"><ele>478.2</ele></trkpt>
      <trkpt lat="46.0634291" lon="6.5710289"><ele>478.4</ele></trkpt>
      <trkpt lat="46.0633523" lon="6.5711460"><ele>478.6</ele></trkpt>
      <trkpt lat="46.0631669" lon="6.5714285"><ele>478.8</ele></trkpt>
      <trkpt lat="46.0629815" lon="6.5717110"><ele>479.0</ele></trkpt>
      <trkpt lat="46.0629426" lon="6.5717545"><ele>479.2</ele></trkpt>
      <trkpt lat="46.0627293" lon="6.5719926"><ele>479.4</ele></trkpt>
      <trkpt lat="46.0625160" lon="6.5722307"><ele>479.6</ele></trkpt>
      <trkpt lat="46.0623027" lon="6.5724688"><ele>479.7</ele></trkpt>
      <trkpt lat="46.0620894" lon="6.5727069"><ele>479.8</ele></trkpt>
      <trkpt lat="46.0618761" lon="6.5729450"><ele>479.8</ele></trkpt>
      <trkpt lat="46.0616628" lon="6.5731831"><ele>479.9</ele></trkpt>
      <trkpt lat="46.0614496" lon="6.5734212"><ele>479.9</ele></trkpt>
      <trkpt lat="46.0613064" lon="6.5735511"><ele>479.9</ele></trkpt>
      <trkpt lat="46.0610781" lon="6.5737584"><ele>480.0</ele></trkpt>
      <trkpt lat="46.0608499" lon="6.5739657"><ele>480.0</ele></trkpt>
      <trkpt lat="46.0606216" lon="6.5741729"><ele>479.9</ele></trkpt>
      <trkpt lat="46.0603933" lon="6.5743802"><ele>479.9</ele></trkpt>
      <trkpt lat="46.0601651" lon="6.5745874"><ele>479.8</ele></trkpt>
      <trkpt lat="46.0599368" lon="6.5747947"><ele>479.8</ele></trkpt>
      <trkpt lat="46.0597559" lon="6.5750178"><ele>479.8</ele></trkpt>
      <trkpt lat="46.0595509" lon="6.5752706"><ele>479.8</ele></trkpt>
      <trkpt lat="46.0594834" lon="6.5753721"><ele>479.9</ele></trkpt>
      <trkpt lat="46.0592968" lon="6.5756529"><ele>479.9</ele></trkpt>
      <trkpt lat="46.0591102" lon="6.5759337"><ele>480.0</ele></trkpt>
      <trkpt lat="46.0589606" lon="6.5762315"><ele>480.1</ele></trkpt>
      <trkpt lat="46.0588024" lon="6.5765465"><ele>480.2</ele></trkpt>
      <trkpt lat="46.0586443" lon="6.5768614"><ele>480.3</ele></trkpt>
      <trkpt lat="46.0585795" lon="6.5769556"><ele>480.4</ele></trkpt>
      <trkpt lat="46.0583896" lon="6.5772318"><ele>480.5</ele></trkpt>
      <trkpt lat="46.0583800" lon="6.5772476"><ele>480.6</ele></trkpt>
      <trkpt lat="46.0582017" lon="6.5775394"><ele>480.6</ele></trkpt>
      <trkpt lat="46.0580234" lon="6.5778311"><ele>480.6</ele></trkpt>
      <trkpt lat="46.0578451" lon="6.5781229"><ele>480.7</ele></trkpt>
      <trkpt lat="46.0576668" lon="6.5784147"><ele>480.7</ele></trkpt>
      <trkpt lat="46.0576650" lon="6.5784169"><ele>480.8</ele></trkpt>
      <trkpt lat="46.0574621" lon="6.5786732"><ele>481.1</ele></trkpt>
      <trkpt lat="46.0572592" lon="6.5789294"><ele>481.4</ele></trkpt>
      <trkpt lat="46.0570562" lon="6.5791856"><ele>481.8</ele></trkpt>
      <trkpt lat="46.0568533" lon="6.5794418"><ele>482.4</ele></trkpt>
      <trkpt lat="46.0567602" lon="6.5795868"><ele>483.2</ele></trkpt>
      <trkpt lat="46.0567437" lon="6.5797184"><ele>483.9</ele></trkpt>
      <trkpt lat="46.0567320" lon="6.5797484"><ele>484.6</ele></trkpt>
      <trkpt lat="46.0565997" lon="6.5800872"><ele>485.2</ele></trkpt>
      <trkpt lat="46.0564361" lon="6.5800666"><ele>485.5</ele></trkpt>
      <trkpt lat="46.0564787" lon="6.5800967"><ele>485.4</ele></trkpt>
      <trkpt lat="46.0565178" lon="6.5800170"><ele>485.3</ele></trkpt>
      <trkpt lat="46.0565455" lon="6.5799732"><ele>485.4</ele></trkpt>
      <trkpt lat="46.0567272" lon="6.5796858"><ele>485.1</ele></trkpt>
      <trkpt lat="46.0567976" lon="6.5795250"><ele>485.0</ele></trkpt>
      <trkpt lat="46.0567383" lon="6.5795976"><ele>484.9</ele></trkpt>
      <trkpt lat="46.0567172" lon="6.5797982"><ele>484.7</ele></trkpt>
      <trkpt lat="46.0567198" lon="6.5798300"><ele>484.6</ele></trkpt>
      <trkpt lat="46.0567518" lon="6.5802160"><ele>484.9</ele></trkpt>
      <trkpt lat="46.0568014" lon="6.5803683"><ele>485.3</ele></trkpt>
      <trkpt lat="46.0568366" lon="6.5805516"><ele>485.7</ele></trkpt>
      <trkpt lat="46.0568183" lon="6.5807578"><ele>485.9</ele></trkpt>
      <trkpt lat="46.0566323" lon="6.5808779"><ele>486.0</ele></trkpt>
      <trkpt lat="46.0565960" lon="6.5808898"><ele>485.9</ele></trkpt>
      <trkpt lat="46.0563330" lon="6.5809762"><ele>485.9</ele></trkpt>
      <trkpt lat="46.0560699" lon="6.5810626"><ele>486.0</ele></trkpt>
      <trkpt lat="46.0558527" lon="6.5810269"><ele>486.2</ele></trkpt>
      <trkpt lat="46.0555846" lon="6.5809829"><ele>486.2</ele></trkpt>
      <trkpt lat="46.0554009" lon="6.5810091"><ele>486.2</ele></trkpt>
      <trkpt lat="46.0551324" lon="6.5810474"><ele>486.1</ele></trkpt>
      <trkpt lat="46.0548640" lon="6.5810856"><ele>485.9</ele></trkpt>
      <trkpt lat="46.0548292" lon="6.5810853"><ele>485.7</ele></trkpt>
      <trkpt lat="46.0545595" lon="6.5810825"><ele>485.6</ele></trkpt>
      <trkpt lat="46.0544978" lon="6.5807777"><ele>485.5</ele></trkpt>
      <trkpt lat="46.0544057" lon="6.5807863"><ele>485.3</ele></trkpt>
      <trkpt lat="46.0541365" lon="6.5808114"><ele>485.1</ele></trkpt>
      <trkpt lat="46.0538673" lon="6.5808365"><ele>485.0</ele></trkpt>
      <trkpt lat="46.0536609" lon="6.5809907"><ele>484.9</ele></trkpt>
      <trkpt lat="46.0534213" lon="6.5811696"><ele>485.0</ele></trkpt>
      <trkpt lat="46.0533808" lon="6.5812438"><ele>485.2</ele></trkpt>
      <trkpt lat="46.0533310" lon="6.5812879"><ele>485.3</ele></trkpt>
      <trkpt lat="46.0531012" lon="6.5814916"><ele>485.4</ele></trkpt>
      <trkpt lat="46.0528714" lon="6.5816953"><ele>485.6</ele></trkpt>
      <trkpt lat="46.0526416" lon="6.5818990"><ele>485.7</ele></trkpt>
      <trkpt lat="46.0524118" lon="6.5821027"><ele>485.7</ele></trkpt>
      <trkpt lat="46.0521820" lon="6.5823064"><ele>485.8</ele></trkpt>
      <trkpt lat="46.0519664" lon="6.5825044"><ele>485.7</ele></trkpt>
      <trkpt lat="46.0517389" lon="6.5827134"><ele>485.6</ele></trkpt>
      <trkpt lat="46.0515114" lon="6.5829224"><ele>485.4</ele></trkpt>
      <trkpt lat="46.0513228" lon="6.5831466"><ele>485.3</ele></trkpt>
      <trkpt lat="46.0511148" lon="6.5833940"><ele>485.2</ele></trkpt>
      <trkpt lat="46.0510765" lon="6.5834532"><ele>485.1</ele></trkpt>
      <trkpt lat="46.0508927" lon="6.5837378"><ele>485.0</ele></trkpt>
      <trkpt lat="46.0507088" lon="6.5840223"><ele>484.8</ele></trkpt>
      <trkpt lat="46.0505250" lon="6.5843068"><ele>484.8</ele></trkpt>
      <trkpt lat="46.0503412" lon="6.5845913"><ele>484.9</ele></trkpt>
      <trkpt lat="46.0501573" lon="6.5848759"><ele>485.0</ele></trkpt>
      <trkpt lat="46.0500473" lon="6.5850044"><ele>485.1</ele></trkpt>
      <trkpt lat="46.0499413" lon="6.5852197"><ele>485.2</ele></trkpt>
      <trkpt lat="46.0497853" lon="6.5855369"><ele>485.3</ele></trkpt>
      <trkpt lat="46.0496292" lon="6.5858540"><ele>485.4</ele></trkpt>
      <trkpt lat="46.0494732" lon="6.5861711"><ele>485.5</ele></trkpt>
      <trkpt lat="46.0493172" lon="6.5864882"><ele>485.7</ele></trkpt>
      <trkpt lat="46.0491611" lon="6.5868053"><ele>485.9</ele></trkpt>
      <trkpt lat="46.0490051" lon="6.5871225"><ele>486.0</ele></trkpt>
      <trkpt lat="46.0489953" lon="6.5871727"><ele>486.2</ele></trkpt>
      <trkpt lat="46.0489221" lon="6.5875469"><ele>486.3</ele></trkpt>
      <trkpt lat="46.0488069" lon="6.5878254"><ele>486.3</ele></trkpt>
      <trkpt lat="46.0486687" lon="6.5881592"><ele>486.4</ele></trkpt>
      <trkpt lat="46.0485306" lon="6.5884931"><ele>486.4</ele></trkpt>
      <trkpt lat="46.0483924" lon="6.5888270"><ele>486.5</ele></trkpt>
      <trkpt lat="46.0482543" lon="6.5891609"><ele>486.5</ele></trkpt>
      <trkpt lat="46.0481161" lon="6.5894948"><ele>486.5</ele></trkpt>
      <trkpt lat="46.0480670" lon="6.5895897"><ele>486.5</ele></trkpt>
      <trkpt lat="46.0479059" lon="6.5899015"><ele>486.6</ele></trkpt>
      <trkpt lat="46.0478616" lon="6.5899580"><ele>486.7</ele></trkpt>
      <trkpt lat="46.0476597" lon="6.5902158"><ele>486.9</ele></trkpt>
      <trkpt lat="46.0474578" lon="6.5904736"><ele>487.1</ele></trkpt>
      <trkpt lat="46.0473864" lon="6.5905986"><ele>487.2</ele></trkpt>
      <trkpt lat="46.0472149" lon="6.5908988"><ele>487.1</ele></trkpt>
      <trkpt lat="46.0471505" lon="6.5911461"><ele>487.0</ele></trkpt>
      <trkpt lat="46.0471437" lon="6.5913274"><ele>486.8</ele></trkpt>
      <trkpt lat="46.0471335" lon="6.5913508"><ele>486.7</ele></trkpt>
      <trkpt lat="46.0469903" lon="6.5916803"><ele>486.5</ele></trkpt>
      <trkpt lat="46.0469458" lon="6.5919241"><ele>486.2</ele></trkpt>
      <trkpt lat="46.0468773" lon="6.5923001"><ele>485.9</ele></trkpt>
      <trkpt lat="46.0468087" lon="6.5926760"><ele>485.6</ele></trkpt>
      <trkpt lat="46.0467402" lon="6.5930520"><ele>485.4</ele></trkpt>
      <trkpt lat="46.0466716" lon="6.5934280"><ele>485.4</ele></trkpt>
      <trkpt lat="46.0466031" lon="6.5938039"><ele>485.4</ele></trkpt>
      <trkpt lat="46.0465992" lon="6.5938343"><ele>485.5</ele></trkpt>
      <trkpt lat="46.0465504" lon="6.5942166"><ele>485.5</ele></trkpt>
      <trkpt lat="46.0465017" lon="6.5945989"><ele>485.6</ele></trkpt>
      <trkpt lat="46.0464529" lon="6.5949812"><ele>485.7</ele></trkpt>
      <trkpt lat="46.0463910" lon="6.5953358"><ele>485.8</ele></trkpt>
      <trkpt lat="46.0463252" lon="6.5957127"><ele>485.9</ele></trkpt>
      <trkpt lat="46.0462594" lon="6.5960897"><ele>486.0</ele></trkpt>
      <trkpt lat="46.0461936" lon="6.5964667"><ele>486.0</ele></trkpt>
      <trkpt lat="46.0461278" lon="6.5968437"><ele>486.0</ele></trkpt>
      <trkpt lat="46.0461012" lon="6.5970648"><ele>486.0</ele></trkpt>
      <trkpt lat="46.0460552" lon="6.5974478"><ele>486.0</ele></trkpt>
      <trkpt lat="46.0460092" lon="6.5978308"><ele>486.0</ele></trkpt>
      <trkpt lat="46.0459632" lon="6.5982138"><ele>486.0</ele></trkpt>
      <trkpt lat="46.0459172" lon="6.5985969"><ele>486.1</ele></trkpt>
      <trkpt lat="46.0458711" lon="6.5989799"><ele>486.2</ele></trkpt>
      <trkpt lat="46.0458485" lon="6.5991013"><ele>486.3</ele></trkpt>
      <trkpt lat="46.0457783" lon="6.5994766"><ele>486.5</ele></trkpt>
      <trkpt lat="46.0457082" lon="6.5998520"><ele>486.7</ele></trkpt>
      <trkpt lat="46.0456381" lon="6.6002273"><ele>486.9</ele></trkpt>
      <trkpt lat="46.0455679" lon="6.6006027"><ele>487.1</ele></trkpt>
      <trkpt lat="46.0454978" lon="6.6009780"><ele>487.4</ele></trkpt>
      <trkpt lat="46.0454277" lon="6.6013533"><ele>487.7</ele></trkpt>
      <trkpt lat="46.0453575" lon="6.6017287"><ele>487.9</ele></trkpt>
      <trkpt lat="46.0453399" lon="6.6018525"><ele>488.3</ele></trkpt>
      <trkpt lat="46.0452946" lon="6.6020900"><ele>488.6</ele></trkpt>
      <trkpt lat="46.0452231" lon="6.6024648"><ele>488.8</ele></trkpt>
      <trkpt lat="46.0451516" lon="6.6028396"><ele>489.1</ele></trkpt>
      <trkpt lat="46.0450801" lon="6.6032144"><ele>489.3</ele></trkpt>
      <trkpt lat="46.0449828" lon="6.6033907"><ele>489.5</ele></trkpt>
      <trkpt lat="46.0448149" lon="6.6036950"><ele>489.7</ele></trkpt>
      <trkpt lat="46.0446470" lon="6.6039993"><ele>489.9</ele></trkpt>
      <trkpt lat="46.0444791" lon="6.6043036"><ele>490.1</ele></trkpt>
      <trkpt lat="46.0444688" lon="6.6043173"><ele>490.2</ele></trkpt>
      <trkpt lat="46.0442701" lon="6.6045803"><ele>490.4</ele></trkpt>
      <trkpt lat="46.0440715" lon="6.6048433"><ele>490.6</ele></trkpt>
      <trkpt lat="46.0438728" lon="6.6051063"><ele>490.8</ele></trkpt>
      <trkpt lat="46.0437874" lon="6.6051890"><ele>491.0</ele></trkpt>
      <trkpt lat="46.0435634" lon="6.6054057"><ele>491.3</ele></trkpt>
      <trkpt lat="46.0433394" lon="6.6056224"><ele>491.5</ele></trkpt>
      <trkpt lat="46.0431154" lon="6.6058391"><ele>491.6</ele></trkpt>
      <trkpt lat="46.0428796" lon="6.6059636"><ele>491.8</ele></trkpt>
      <trkpt lat="46.0426262" lon="6.6060974"><ele>491.9</ele></trkpt>
      <trkpt lat="46.0423729" lon="6.6062311"><ele>492.0</ele></trkpt>
      <trkpt lat="46.0421196" lon="6.6063649"><ele>492.1</ele></trkpt>
      <trkpt lat="46.0419976" lon="6.6064708"><ele>492.2</ele></trkpt>
      <trkpt lat="46.0418361" lon="6.6065345"><ele>492.3</ele></trkpt>
      <trkpt lat="46.0415759" lon="6.6066370"><ele>492.3</ele></trkpt>
      <trkpt lat="46.0413156" lon="6.6067396"><ele>492.2</ele></trkpt>
      <trkpt lat="46.0410554" lon="6.6068421"><ele>492.2</ele></trkpt>
      <trkpt lat="46.0407951" lon="6.6069446"><ele>492.1</ele></trkpt>
      <trkpt lat="46.0406898" lon="6.6067900"><ele>492.0</ele></trkpt>
      <trkpt lat="46.0406074" lon="6.6066783"><ele>491.9</ele></trkpt>
      <trkpt lat="46.0405974" lon="6.6066677"><ele>491.7</ele></trkpt>
      <trkpt lat="46.0403799" lon="6.6064378"><ele>491.5</ele></trkpt>
      <trkpt lat="46.0401624" lon="6.6062078"><ele>491.2</ele></trkpt>
      <trkpt lat="46.0401233" lon="6.6061801"><ele>491.0</ele></trkpt>
      <trkpt lat="46.0398812" lon="6.6060086"><ele>490.9</ele></trkpt>
      <trkpt lat="46.0396391" lon="6.6058371"><ele>490.8</ele></trkpt>
      <trkpt lat="46.0393969" lon="6.6056657"><ele>490.9</ele></trkpt>
      <trkpt lat="46.0392376" lon="6.6056257"><ele>491.0</ele></trkpt>
      <trkpt lat="46.0392095" lon="6.6056337"><ele>491.2</ele></trkpt>
      <trkpt lat="46.0389449" lon="6.6057095"><ele>491.3</ele></trkpt>
      <trkpt lat="46.0386803" lon="6.6057853"><ele>491.5</ele></trkpt>
      <trkpt lat="46.0386670" lon="6.6057942"><ele>491.6</ele></trkpt>
      <trkpt lat="46.0384223" lon="6.6059578"><ele>491.7</ele></trkpt>
      <trkpt lat="46.0381775" lon="6.6061215"><ele>491.9</ele></trkpt>
      <trkpt lat="46.0379328" lon="6.6062851"><ele>491.9</ele></trkpt>
      <trkpt lat="46.0377657" lon="6.6065844"><ele>491.8</ele></trkpt>
      <trkpt lat="46.0376973" lon="6.6067752"><ele>491.6</ele></trkpt>
      <trkpt lat="46.0375734" lon="6.6071205"><ele>491.4</ele></trkpt>
      <trkpt lat="46.0375381" lon="6.6074949"><ele>491.4</ele></trkpt>
      <trkpt lat="46.0375019" lon="6.6078801"><ele>491.4</ele></trkpt>
      <trkpt lat="46.0374263" lon="6.6081179"><ele>491.6</ele></trkpt>
      <trkpt lat="46.0373412" lon="6.6081315"><ele>491.7</ele></trkpt>
      <trkpt lat="46.0370730" lon="6.6081746"><ele>491.8</ele></trkpt>
      <trkpt lat="46.0370405" lon="6.6081944"><ele>492.1</ele></trkpt>
      <trkpt lat="46.0367920" lon="6.6083458"><ele>492.4</ele></trkpt>
      <trkpt lat="46.0367684" lon="6.6087298"><ele>492.7</ele></trkpt>
      <trkpt lat="46.0367447" lon="6.6091170"><ele>493.1</ele></trkpt>
      <trkpt lat="46.0366343" lon="6.6093858"><ele>493.2</ele></trkpt>
      <trkpt lat="46.0364225" lon="6.6094819"><ele>493.3</ele></trkpt>
      <trkpt lat="46.0361652" lon="6.6095987"><ele>493.4</ele></trkpt>
      <trkpt lat="46.0359078" lon="6.6097155"><ele>493.4</ele></trkpt>
      <trkpt lat="46.0356505" lon="6.6098322"><ele>493.4</ele></trkpt>
      <trkpt lat="46.0353932" lon="6.6099490"><ele>493.3</ele></trkpt>
      <trkpt lat="46.0351358" lon="6.6100658"><ele>493.2</ele></trkpt>
      <trkpt lat="46.0350884" lon="6.6101859"><ele>493.2</ele></trkpt>
      <trkpt lat="46.0349550" lon="6.6105237"><ele>493.2</ele></trkpt>
      <trkpt lat="46.0349075" lon="6.6106469"><ele>493.3</ele></trkpt>
      <trkpt lat="46.0349024" lon="6.6106535"><ele>493.4</ele></trkpt>
      <trkpt lat="46.0347009" lon="6.6109121"><ele>493.6</ele></trkpt>
      <trkpt lat="46.0344995" lon="6.6111706"><ele>493.8</ele></trkpt>
      <trkpt lat="46.0342981" lon="6.6114291"><ele>494.0</ele></trkpt>
      <trkpt lat="46.0341031" lon="6.6115723"><ele>494.5</ele></trkpt>
      <trkpt lat="46.0338628" lon="6.6117489"><ele>495.1</ele></trkpt>
      <trkpt lat="46.0336326" lon="6.6118008"><ele>495.8</ele></trkpt>
      <trkpt lat="46.0335883" lon="6.6117963"><ele>496.5</ele></trkpt>
      <trkpt lat="46.0333191" lon="6.6117693"><ele>497.1</ele></trkpt>
      <trkpt lat="46.0330500" lon="6.6117422"><ele>497.6</ele></trkpt>
      <trkpt lat="46.0327808" lon="6.6117152"><ele>498.0</ele></trkpt>
      <trkpt lat="46.0327132" lon="6.6117306"><ele>498.4</ele></trkpt>
      <trkpt lat="46.0324467" lon="6.6117911"><ele>498.8</ele></trkpt>
      <trkpt lat="46.0321802" lon="6.6118517"><ele>499.0</ele></trkpt>
      <trkpt lat="46.0319137" lon="6.6119122"><ele>499.0</ele></trkpt>
      <trkpt lat="46.0316472" lon="6.6119728"><ele>499.0</ele></trkpt>
      <trkpt lat="46.0313807" lon="6.6120333"><ele>499.1</ele></trkpt>
      <trkpt lat="46.0313554" lon="6.6120237"><ele>499.2</ele></trkpt>
      <trkpt lat="46.0310946" lon="6.6119245"><ele>499.4</ele></trkpt>
      <trkpt lat="46.0308337" lon="6.6118253"><ele>499.5</ele></trkpt>
      <trkpt lat="46.0305728" lon="6.6117261"><ele>499.7</ele></trkpt>
      <trkpt lat="46.0304637" lon="6.6116920"><ele>499.9</ele></trkpt>
      <trkpt lat="46.0302000" lon="6.6116095"><ele>500.1</ele></trkpt>
      <trkpt lat="46.0301283" lon="6.6115761"><ele>500.2</ele></trkpt>
      <trkpt lat="46.0298716" lon="6.6114565"><ele>500.2</ele></trkpt>
      <trkpt lat="46.0298316" lon="6.6114199"><ele>500.1</ele></trkpt>
      <trkpt lat="46.0296040" lon="6.6112112"><ele>500.0</ele></trkpt>
      <trkpt lat="46.0293765" lon="6.6110025"><ele>500.0</ele></trkpt>
      <trkpt lat="46.0293635" lon="6.6109992"><ele>499.9</ele></trkpt>
      <trkpt lat="46.0290977" lon="6.6109323"><ele>499.8</ele></trkpt>
      <trkpt lat="46.0288319" lon="6.6108654"><ele>499.7</ele></trkpt>
      <trkpt lat="46.0285662" lon="6.6107984"><ele>499.6</ele></trkpt>
      <trkpt lat="46.0283004" lon="6.6107315"><ele>499.5</ele></trkpt>
      <trkpt lat="46.0280346" lon="6.6106646"><ele>499.6</ele></trkpt>
      <trkpt lat="46.0277689" lon="6.6105977"><ele>499.7</ele></trkpt>
      <trkpt lat="46.0277517" lon="6.6105967"><ele>499.9</ele></trkpt>
      <trkpt lat="46.0274822" lon="6.6105808"><ele>500.1</ele></trkpt>
      <trkpt lat="46.0272126" lon="6.6105650"><ele>500.4</ele></trkpt>
      <trkpt lat="46.0269430" lon="6.6105491"><ele>500.6</ele></trkpt>
      <trkpt lat="46.0266735" lon="6.6105333"><ele>500.9</ele></trkpt>
      <trkpt lat="46.0264039" lon="6.6105174"><ele>501.1</ele></trkpt>
      <trkpt lat="46.0261704" lon="6.6104063"><ele>501.2</ele></trkpt>
      <trkpt lat="46.0259142" lon="6.6102845"><ele>501.3</ele></trkpt>
      <trkpt lat="46.0256580" lon="6.6101626"><ele>501.2</ele></trkpt>
      <trkpt lat="46.0254018" lon="6.6100407"><ele>501.1</ele></trkpt>
      <trkpt lat="46.0252716" lon="6.6100603"><ele>500.9</ele></trkpt>
      <trkpt lat="46.0250032" lon="6.6101005"><ele>500.8</ele></trkpt>
      <trkpt lat="46.0247349" lon="6.6101408"><ele>500.7</ele></trkpt>
      <trkpt lat="46.0246151" lon="6.6102278"><ele>500.7</ele></trkpt>
      <trkpt lat="46.0243742" lon="6.6104028"><ele>500.6</ele></trkpt>
      <trkpt lat="46.0241333" lon="6.6105778"><ele>500.7</ele></trkpt>
      <trkpt lat="46.0238924" lon="6.6107527"><ele>500.8</ele></trkpt>
      <trkpt lat="46.0238319" lon="6.6108205"><ele>501.1</ele></trkpt>
      <trkpt lat="46.0236190" lon="6.6110591"><ele>501.3</ele></trkpt>
      <trkpt lat="46.0234169" lon="6.6111285"><ele>501.6</ele></trkpt>
      <trkpt lat="46.0231545" lon="6.6112187"><ele>501.8</ele></trkpt>
      <trkpt lat="46.0229481" lon="6.6113444"><ele>502.1</ele></trkpt>
      <trkpt lat="46.0226996" lon="6.6114957"><ele>502.3</ele></trkpt>
      <trkpt lat="46.0226356" lon="6.6115774"><ele>502.5</ele></trkpt>
      <trkpt lat="46.0224335" lon="6.6118350"><ele>502.6</ele></trkpt>
      <trkpt lat="46.0222315" lon="6.6120925"><ele>502.7</ele></trkpt>
      <trkpt lat="46.0220295" lon="6.6123501"><ele>502.7</ele></trkpt>
      <trkpt lat="46.0218241" lon="6.6125389"><ele>502.6</ele></trkpt>
      <trkpt lat="46.0215967" lon="6.6127480"><ele>502.6</ele></trkpt>
      <trkpt lat="46.0213693" lon="6.6129571"><ele>502.6</ele></trkpt>
      <trkpt lat="46.0213189" lon="6.6129954"><ele>502.5</ele></trkpt>
      <trkpt lat="46.0210802" lon="6.6131765"><ele>502.4</ele></trkpt>
      <trkpt lat="46.0210555" lon="6.6132063"><ele>502.3</ele></trkpt>
      <trkpt lat="46.0208488" lon="6.6134561"><ele>502.3</ele></trkpt>
      <trkpt lat="46.0206422" lon="6.6137059"><ele>502.4</ele></trkpt>
      <trkpt lat="46.0206025" lon="6.6137364"><ele>502.4</ele></trkpt>
      <trkpt lat="46.0203645" lon="6.6139196"><ele>502.6</ele></trkpt>
      <trkpt lat="46.0203275" lon="6.6139308"><ele>502.9</ele></trkpt>
      <trkpt lat="46.0200634" lon="6.6140105"><ele>503.2</ele></trkpt>
      <trkpt lat="46.0200030" lon="6.6139912"><ele>503.4</ele></trkpt>
      <trkpt lat="46.0197396" lon="6.6139068"><ele>503.6</ele></trkpt>
      <trkpt lat="46.0194763" lon="6.6138224"><ele>503.7</ele></trkpt>
      <trkpt lat="46.0193358" lon="6.6138253"><ele>503.8</ele></trkpt>
      <trkpt lat="46.0190661" lon="6.6138308"><ele>503.8</ele></trkpt>
      <trkpt lat="46.0187963" lon="6.6138364"><ele>503.9</ele></trkpt>
      <trkpt lat="46.0185265" lon="6.6138419"><ele>503.7</ele></trkpt>
      <trkpt lat="46.0182663" lon="6.6137844"><ele>503.5</ele></trkpt>
      <trkpt lat="46.0179996" lon="6.6137256"><ele>503.3</ele></trkpt>
      <trkpt lat="46.0177329" lon="6.6136667"><ele>503.2</ele></trkpt>
      <trkpt lat="46.0174663" lon="6.6136079"><ele>503.3</ele></trkpt>
      <trkpt lat="46.0171996" lon="6.6135490"><ele>503.6</ele></trkpt>
      <trkpt lat="46.0170872" lon="6.6134948"><ele>503.8</ele></trkpt>
      <trkpt lat="46.0168314" lon="6.6133714"><ele>504.1</ele></trkpt>
      <trkpt lat="46.0165756" lon="6.6132479"><ele>504.4</ele></trkpt>
      <trkpt lat="46.0164444" lon="6.6133758"><ele>504.7</ele></trkpt>
      <trkpt lat="46.0162209" lon="6.6135935"><ele>504.8</ele></trkpt>
      <trkpt lat="46.0159974" lon="6.6138111"><ele>504.9</ele></trkpt>
      <trkpt lat="46.0157740" lon="6.6140288"><ele>504.9</ele></trkpt>
      <trkpt lat="46.0157384" lon="6.6140747"><ele>504.9</ele></trkpt>
      <trkpt lat="46.0155375" lon="6.6143339"><ele>504.8</ele></trkpt>
      <trkpt lat="46.0155690" lon="6.6145879"><ele>504.7</ele></trkpt>
      <trkpt lat="46.0156164" lon="6.6149704"><ele>504.5</ele></trkpt>
      <trkpt lat="46.0156638" lon="6.6153528"><ele>504.3</ele></trkpt>
      <trkpt lat="46.0156680" lon="6.6153600"><ele>504.0</ele></trkpt>
      <trkpt lat="46.0158416" lon="6.6156574"><ele>503.9</ele></trkpt>
      <trkpt lat="46.0160152" lon="6.6159548"><ele>503.8</ele></trkpt>
      <trkpt lat="46.0161888" lon="6.6162521"><ele>503.7</ele></trkpt>
      <trkpt lat="46.0163625" lon="6.6165495"><ele>503.6</ele></trkpt>
      <trkpt lat="46.0165361" lon="6.6168469"><ele>503.5</ele></trkpt>
      <trkpt lat="46.0167097" lon="6.6171442"><ele>503.4</ele></trkpt>
      <trkpt lat="46.0168833" lon="6.6174416"><ele>503.3</ele></trkpt>
      <trkpt lat="46.0170570" lon="6.6177390"><ele>503.2</ele></trkpt>
      <trkpt lat="46.0172306" lon="6.6180363"><ele>503.2</ele></trkpt>
      <trkpt lat="46.0172362" lon="6.6180607"><ele>503.1</ele></trkpt>
      <trkpt lat="46.0172218" lon="6.6181074"><ele>503.1</ele></trkpt>
      <trkpt lat="46.0171120" lon="6.6184623"><ele>503.1</ele></trkpt>
      <trkpt lat="46.0169617" lon="6.6185658"><ele>503.1</ele></trkpt>
      <trkpt lat="46.0167183" lon="6.6187335"><ele>503.2</ele></trkpt>
      <trkpt lat="46.0164750" lon="6.6189013"><ele>503.2</ele></trkpt>
      <trkpt lat="46.0162316" lon="6.6190690"><ele>503.3</ele></trkpt>
      <trkpt lat="46.0159883" lon="6.6192367"><ele>503.4</ele></trkpt>
      <trkpt lat="46.0157449" lon="6.6194044"><ele>503.4</ele></trkpt>
      <trkpt lat="46.0155015" lon="6.6195721"><ele>503.5</ele></trkpt>
      <trkpt lat="46.0152582" lon="6.6197398"><ele>503.6</ele></trkpt>
      <trkpt lat="46.0150148" lon="6.6199075"><ele>503.7</ele></trkpt>
      <trkpt lat="46.0147715" lon="6.6200752"><ele>503.7</ele></trkpt>
      <trkpt lat="46.0145281" lon="6.6202430"><ele>503.8</ele></trkpt>
      <trkpt lat="46.0142847" lon="6.6204107"><ele>503.9</ele></trkpt>
      <trkpt lat="46.0140414" lon="6.6205784"><ele>503.9</ele></trkpt>
      <trkpt lat="46.0138724" lon="6.6208136"><ele>504.0</ele></trkpt>
      <trkpt lat="46.0136785" lon="6.6210837"><ele>504.1</ele></trkpt>
      <trkpt lat="46.0134846" lon="6.6213538"><ele>504.2</ele></trkpt>
      <trkpt lat="46.0134484" lon="6.6213812"><ele>504.3</ele></trkpt>
      <trkpt lat="46.0132096" lon="6.6215619"><ele>504.5</ele></trkpt>
      <trkpt lat="46.0129708" lon="6.6217426"><ele>504.7</ele></trkpt>
      <trkpt lat="46.0127320" lon="6.6219234"><ele>504.9</ele></trkpt>
      <trkpt lat="46.0124931" lon="6.6221041"><ele>505.1</ele></trkpt>
      <trkpt lat="46.0122543" lon="6.6222849"><ele>505.2</ele></trkpt>
      <trkpt lat="46.0120155" lon="6.6224656"><ele>505.3</ele></trkpt>
      <trkpt lat="46.0119670" lon="6.6225170"><ele>505.4</ele></trkpt>
      <trkpt lat="46.0119543" lon="6.6225481"><ele>505.4</ele></trkpt>
      <trkpt lat="46.0118170" lon="6.6228825"><ele>505.4</ele></trkpt>
      <trkpt lat="46.0118204" lon="6.6230532"><ele>505.3</ele></trkpt>
      <trkpt lat="46.0118283" lon="6.6234415"><ele>505.3</ele></trkpt>
      <trkpt lat="46.0118115" lon="6.6234842"><ele>505.3</ele></trkpt>
      <trkpt lat="46.0116786" lon="6.6238223"><ele>505.3</ele></trkpt>
      <trkpt lat="46.0115244" lon="6.6239287"><ele>505.4</ele></trkpt>
      <trkpt lat="46.0112811" lon="6.6240966"><ele>505.5</ele></trkpt>
      <trkpt lat="46.0110378" lon="6.6242645"><ele>505.6</ele></trkpt>
      <trkpt lat="46.0107945" lon="6.6244324"><ele>505.8</ele></trkpt>
      <trkpt lat="46.0105512" lon="6.6246003"><ele>506.0</ele></trkpt>
      <trkpt lat="46.0103079" lon="6.6247682"><ele>506.2</ele></trkpt>
      <trkpt lat="46.0100646" lon="6.6249361"><ele>506.5</ele></trkpt>
      <trkpt lat="46.0098213" lon="6.6251040"><ele>506.7</ele></trkpt>
      <trkpt lat="46.0095780" lon="6.6252718"><ele>506.9</ele></trkpt>
      <trkpt lat="46.0093347" lon="6.6254397"><ele>507.1</ele></trkpt>
      <trkpt lat="46.0090914" lon="6.6256076"><ele>507.3</ele></trkpt>
      <trkpt lat="46.0088481" lon="6.6257755"><ele>507.5</ele></trkpt>
      <trkpt lat="46.0086048" lon="6.6259434"><ele>507.7</ele></trkpt>
      <trkpt lat="46.0083615" lon="6.6261113"><ele>507.9</ele></trkpt>
      <trkpt lat="46.0081396" lon="6.6262223"><ele>508.1</ele></trkpt>
      <trkpt lat="46.0078848" lon="6.6263499"><ele>508.2</ele></trkpt>
      <trkpt lat="46.0076300" lon="6.6264775"><ele>508.4</ele></trkpt>
      <trkpt lat="46.0073751" lon="6.6266050"><ele>508.5</ele></trkpt>
      <trkpt lat="46.0071203" lon="6.6267326"><ele>508.6</ele></trkpt>
      <trkpt lat="46.0068655" lon="6.6268602"><ele>508.7</ele></trkpt>
      <trkpt lat="46.0068039" lon="6.6268786"><ele>508.8</ele></trkpt>
      <trkpt lat="46.0065398" lon="6.6269578"><ele>508.9</ele></trkpt>
      <trkpt lat="46.0062757" lon="6.6270369"><ele>508.9</ele></trkpt>
      <trkpt lat="46.0060115" lon="6.6271161"><ele>508.9</ele></trkpt>
      <trkpt lat="46.0057474" lon="6.6271953"><ele>508.9</ele></trkpt>
      <trkpt lat="46.0054833" lon="6.6272744"><ele>508.9</ele></trkpt>
      <trkpt lat="46.0052191" lon="6.6273536"><ele>509.0</ele></trkpt>
      <trkpt lat="46.0049550" lon="6.6274327"><ele>509.0</ele></trkpt>
      <trkpt lat="46.0046909" lon="6.6275119"><ele>509.0</ele></trkpt>
      <trkpt lat="46.0044267" lon="6.6275911"><ele>509.1</ele></trkpt>
      <trkpt lat="46.0041626" lon="6.6276702"><ele>509.1</ele></trkpt>
      <trkpt lat="46.0039383" lon="6.6277132"><ele>509.2</ele></trkpt>
      <trkpt lat="46.0036708" lon="6.6277644"><ele>509.3</ele></trkpt>
      <trkpt lat="46.0034034" lon="6.6278156"><ele>509.4</ele></trkpt>
      <trkpt lat="46.0031359" lon="6.6278668"><ele>509.5</ele></trkpt>
      <trkpt lat="46.0028685" lon="6.6279180"><ele>509.6</ele></trkpt>
      <trkpt lat="46.0026011" lon="6.6279692"><ele>509.7</ele></trkpt>
      <trkpt lat="46.0023336" lon="6.6280204"><ele>509.8</ele></trkpt>
      <trkpt lat="46.0020662" lon="6.6280716"><ele>509.9</ele></trkpt>
      <trkpt lat="46.0017987" lon="6.6281228"><ele>510.1</ele></trkpt>
      <trkpt lat="46.0015313" lon="6.6281740"><ele>510.2</ele></trkpt>
      <trkpt lat="46.0012639" lon="6.6282252"><ele>510.3</ele></trkpt>
      <trkpt lat="46.0009964" lon="6.6282764"><ele>510.4</ele></trkpt>
      <trkpt lat="46.0007290" lon="6.6283277"><ele>510.5</ele></trkpt>
      <trkpt lat="46.0004615" lon="6.6283789"><ele>510.6</ele></trkpt>
      <trkpt lat="46.0001941" lon="6.6284301"><ele>510.8</ele></trkpt>
      <trkpt lat="45.9999267" lon="6.6284813"><ele>510.9</ele></trkpt>
      <trkpt lat="45.9996592" lon="6.6285325"><ele>511.0</ele></trkpt>
      <trkpt lat="45.9993918" lon="6.6285837"><ele>511.1</ele></trkpt>
      <trkpt lat="45.9991243" lon="6.6286349"><ele>511.2</ele></trkpt>
      <trkpt lat="45.9988569" lon="6.6286861"><ele>511.4</ele></trkpt>
      <trkpt lat="45.9985894" lon="6.6287373"><ele>511.5</ele></trkpt>
      <trkpt lat="45.9983220" lon="6.6287885"><ele>511.6</ele></trkpt>
      <trkpt lat="45.9980546" lon="6.6288397"><ele>511.7</ele></trkpt>
      <trkpt lat="45.9977871" lon="6.6288909"><ele>511.8</ele></trkpt>
      <trkpt lat="45.9975197" lon="6.6289421"><ele>512.0</ele></trkpt>
      <trkpt lat="45.9972522" lon="6.6289933"><ele>512.1</ele></trkpt>
      <trkpt lat="45.9969848" lon="6.6290445"><ele>512.2</ele></trkpt>
      <trkpt lat="45.9967174" lon="6.6290957"><ele>512.3</ele></trkpt>
      <trkpt lat="45.9964499" lon="6.6291469"><ele>512.4</ele></trkpt>
      <trkpt lat="45.9961825" lon="6.6291981"><ele>512.5</ele></trkpt>
      <trkpt lat="45.9959150" lon="6.6292494"><ele>512.6</ele></trkpt>
      <trkpt lat="45.9956476" lon="6.6293006"><ele>512.7</ele></trkpt>
      <trkpt lat="45.9953801" lon="6.6293518"><ele>512.8</ele></trkpt>
      <trkpt lat="45.9953663" lon="6.6294325"><ele>513.0</ele></trkpt>
      <trkpt lat="45.9953015" lon="6.6298095"><ele>513.2</ele></trkpt>
      <trkpt lat="45.9952367" lon="6.6301865"><ele>513.4</ele></trkpt>
      <trkpt lat="45.9951232" lon="6.6302276"><ele>513.6</ele></trkpt>
      <trkpt lat="45.9948616" lon="6.6303224"><ele>513.9</ele></trkpt>
      <trkpt lat="45.9946787" lon="6.6303688"><ele>514.3</ele></trkpt>
      <trkpt lat="45.9944130" lon="6.6304361"><ele>514.7</ele></trkpt>
      <trkpt lat="45.9941473" lon="6.6305034"><ele>515.1</ele></trkpt>
      <trkpt lat="45.9938816" lon="6.6305707"><ele>515.5</ele></trkpt>
      <trkpt lat="45.9936159" lon="6.6306380"><ele>515.8</ele></trkpt>
      <trkpt lat="45.9933502" lon="6.6307053"><ele>516.1</ele></trkpt>
      <trkpt lat="45.9932839" lon="6.6307141"><ele>516.4</ele></trkpt>
      <trkpt lat="45.9930152" lon="6.6307496"><ele>516.6</ele></trkpt>
      <trkpt lat="45.9927466" lon="6.6307851"><ele>516.7</ele></trkpt>
      <trkpt lat="45.9924779" lon="6.6308206"><ele>516.8</ele></trkpt>
      <trkpt lat="45.9922092" lon="6.6308561"><ele>516.8</ele></trkpt>
      <trkpt lat="45.9919406" lon="6.6308916"><ele>516.8</ele></trkpt>
      <trkpt lat="45.9916719" lon="6.6309271"><ele>516.6</ele></trkpt>
      <trkpt lat="45.9916497" lon="6.6311057"><ele>516.5</ele></trkpt>
      <trkpt lat="45.9916106" lon="6.6312396"><ele>516.6</ele></trkpt>
      <trkpt lat="45.9915048" lon="6.6312986"><ele>516.7</ele></trkpt>
      <trkpt lat="45.9912533" lon="6.6314389"><ele>516.9</ele></trkpt>
      <trkpt lat="45.9911617" lon="6.6314737"><ele>517.3</ele></trkpt>
      <trkpt lat="45.9909009" lon="6.6315729"><ele>517.8</ele></trkpt>
      <trkpt lat="45.9906400" lon="6.6316720"><ele>518.4</ele></trkpt>
      <trkpt lat="45.9903792" lon="6.6317712"><ele>519.1</ele></trkpt>
      <trkpt lat="45.9901183" lon="6.6318704"><ele>519.9</ele></trkpt>
      <trkpt lat="45.9898575" lon="6.6319695"><ele>520.7</ele></trkpt>
      <trkpt lat="45.9895966" lon="6.6320687"><ele>521.5</ele></trkpt>
      <trkpt lat="45.9894999" lon="6.6320859"><ele>522.2</ele></trkpt>
      <trkpt lat="45.9892321" lon="6.6321337"><ele>522.8</ele></trkpt>
      <trkpt lat="45.9889644" lon="6.6321816"><ele>523.4</ele></trkpt>
      <trkpt lat="45.9886966" lon="6.6322294"><ele>523.9</ele></trkpt>
      <trkpt lat="45.9884289" lon="6.6322772"><ele>524.3</ele></trkpt>
      <trkpt lat="45.9881611" lon="6.6323250"><ele>524.7</ele></trkpt>
      <trkpt lat="45.9878934" lon="6.6323728"><ele>525.2</ele></trkpt>
      <trkpt lat="45.9876257" lon="6.6324206"><ele>525.7</ele></trkpt>
      <trkpt lat="45.9873579" lon="6.6324684"><ele>526.1</ele></trkpt>
      <trkpt lat="45.9870902" lon="6.6325162"><ele>526.6</ele></trkpt>
      <trkpt lat="45.9868224" lon="6.6325640"><ele>527.1</ele></trkpt>
      <trkpt lat="45.9865547" lon="6.6326118"><ele>527.7</ele></trkpt>
      <trkpt lat="45.9862869" lon="6.6326596"><ele>528.3</ele></trkpt>
      <trkpt lat="45.9860644" lon="6.6326569"><ele>529.0</ele></trkpt>
      <trkpt lat="45.9857947" lon="6.6326535"><ele>529.7</ele></trkpt>
      <trkpt lat="45.9855249" lon="6.6326502"><ele>530.4</ele></trkpt>
      <trkpt lat="45.9852551" lon="6.6326469"><ele>531.1</ele></trkpt>
      <trkpt lat="45.9849853" lon="6.6326435"><ele>531.9</ele></trkpt>
      <trkpt lat="45.9847155" lon="6.6326402"><ele>532.6</ele></trkpt>
      <trkpt lat="45.9844626" lon="6.6326787"><ele>533.4</ele></trkpt>
      <trkpt lat="45.9841943" lon="6.6327195"><ele>534.1</ele></trkpt>
      <trkpt lat="45.9839260" lon="6.6327603"><ele>534.7</ele></trkpt>
      <trkpt lat="45.9837777" lon="6.6328153"><ele>535.1</ele></trkpt>
      <trkpt lat="45.9835165" lon="6.6329122"><ele>535.4</ele></trkpt>
      <trkpt lat="45.9832552" lon="6.6330091"><ele>535.7</ele></trkpt>
      <trkpt lat="45.9830808" lon="6.6331249"><ele>535.8</ele></trkpt>
      <trkpt lat="45.9828358" lon="6.6332874"><ele>535.8</ele></trkpt>
      <trkpt lat="45.9825907" lon="6.6334500"><ele>535.7</ele></trkpt>
      <trkpt lat="45.9823457" lon="6.6336126"><ele>535.5</ele></trkpt>
      <trkpt lat="45.9821007" lon="6.6337751"><ele>535.1</ele></trkpt>
      <trkpt lat="45.9818557" lon="6.6339377"><ele>534.7</ele></trkpt>
      <trkpt lat="45.9816107" lon="6.6341003"><ele>534.2</ele></trkpt>
      <trkpt lat="45.9813657" lon="6.6342629"><ele>533.6</ele></trkpt>
      <trkpt lat="45.9812397" lon="6.6343887"><ele>533.0</ele></trkpt>
      <trkpt lat="45.9810180" lon="6.6346100"><ele>532.2</ele></trkpt>
      <trkpt lat="45.9807963" lon="6.6348313"><ele>531.4</ele></trkpt>
      <trkpt lat="45.9805747" lon="6.6350527"><ele>530.6</ele></trkpt>
      <trkpt lat="45.9803530" lon="6.6352740"><ele>529.6</ele></trkpt>
      <trkpt lat="45.9801313" lon="6.6354953"><ele>528.6</ele></trkpt>
      <trkpt lat="45.9799097" lon="6.6357166"><ele>527.6</ele></trkpt>
      <trkpt lat="45.9796880" lon="6.6359379"><ele>526.6</ele></trkpt>
      <trkpt lat="45.9794663" lon="6.6361593"><ele>525.6</ele></trkpt>
      <trkpt lat="45.9792447" lon="6.6363806"><ele>524.7</ele></trkpt>
      <trkpt lat="45.9790230" lon="6.6366019"><ele>523.9</ele></trkpt>
      <trkpt lat="45.9788013" lon="6.6368232"><ele>523.2</ele></trkpt>
      <trkpt lat="45.9785797" lon="6.6370446"><ele>522.6</ele></trkpt>
      <trkpt lat="45.9785003" lon="6.6370981"><ele>522.2</ele></trkpt>
      <trkpt lat="45.9782560" lon="6.6372628"><ele>522.0</ele></trkpt>
      <trkpt lat="45.9780117" lon="6.6374276"><ele>521.9</ele></trkpt>
      <trkpt lat="45.9777855" lon="6.6375174"><ele>521.9</ele></trkpt>
      <trkpt lat="45.9775254" lon="6.6376206"><ele>522.1</ele></trkpt>
      <trkpt lat="45.9772653" lon="6.6377239"><ele>522.4</ele></trkpt>
      <trkpt lat="45.9770052" lon="6.6378271"><ele>522.7</ele></trkpt>
      <trkpt lat="45.9767451" lon="6.6379303"><ele>523.0</ele></trkpt>
      <trkpt lat="45.9764850" lon="6.6380335"><ele>523.3</ele></trkpt>
      <trkpt lat="45.9764014" lon="6.6380739"><ele>523.5</ele></trkpt>
      <trkpt lat="45.9761456" lon="6.6381974"><ele>523.7</ele></trkpt>
      <trkpt lat="45.9758898" lon="6.6383210"><ele>523.8</ele></trkpt>
      <trkpt lat="45.9757385" lon="6.6383615"><ele>523.9</ele></trkpt>
      <trkpt lat="45.9754733" lon="6.6384325"><ele>523.9</ele></trkpt>
      <trkpt lat="45.9752080" lon="6.6385035"><ele>524.0</ele></trkpt>
      <trkpt lat="45.9749428" lon="6.6385745"><ele>524.0</ele></trkpt>
      <trkpt lat="45.9746775" lon="6.6386455"><ele>524.0</ele></trkpt>
      <trkpt lat="45.9745579" lon="6.6386504"><ele>524.0</ele></trkpt>
      <trkpt lat="45.9742882" lon="6.6386614"><ele>524.1</ele></trkpt>
      <trkpt lat="45.9741083" lon="6.6386255"><ele>524.2</ele></trkpt>
      <trkpt lat="45.9738411" lon="6.6385721"><ele>524.5</ele></trkpt>
      <trkpt lat="45.9735738" lon="6.6385187"><ele>524.9</ele></trkpt>
      <trkpt lat="45.9733832" lon="6.6384583"><ele>525.3</ele></trkpt>
      <trkpt lat="45.9731197" lon="6.6383749"><ele>525.9</ele></trkpt>
      <trkpt lat="45.9728562" lon="6.6382914"><ele>526.5</ele></trkpt>
      <trkpt lat="45.9725927" lon="6.6382079"><ele>527.3</ele></trkpt>
      <trkpt lat="45.9723292" lon="6.6381245"><ele>528.2</ele></trkpt>
      <trkpt lat="45.9720658" lon="6.6380410"><ele>529.0</ele></trkpt>
      <trkpt lat="45.9718023" lon="6.6379575"><ele>529.9</ele></trkpt>
      <trkpt lat="45.9715388" lon="6.6378740"><ele>530.8</ele></trkpt>
      <trkpt lat="45.9712753" lon="6.6377906"><ele>531.7</ele></trkpt>
      <trkpt lat="45.9710118" lon="6.6377071"><ele>532.6</ele></trkpt>
      <trkpt lat="45.9707483" lon="6.6376236"><ele>533.4</ele></trkpt>
      <trkpt lat="45.9704848" lon="6.6375401"><ele>534.3</ele></trkpt>
      <trkpt lat="45.9702214" lon="6.6374567"><ele>535.2</ele></trkpt>
      <trkpt lat="45.9699579" lon="6.6373732"><ele>536.1</ele></trkpt>
      <trkpt lat="45.9696944" lon="6.6372897"><ele>536.9</ele></trkpt>
      <trkpt lat="45.9694309" lon="6.6372062"><ele>537.8</ele></trkpt>
      <trkpt lat="45.9691674" lon="6.6371228"><ele>538.4</ele></trkpt>
      <trkpt lat="45.9689039" lon="6.6370393"><ele>539.0</ele></trkpt>
      <trkpt lat="45.9686404" lon="6.6369558"><ele>539.4</ele></trkpt>
      <trkpt lat="45.9685472" lon="6.6368847"><ele>539.6</ele></trkpt>
      <trkpt lat="45.9685001" lon="6.6367347"><ele>539.7</ele></trkpt>
      <trkpt lat="45.9684820" lon="6.6366659"><ele>539.7</ele></trkpt>
      <trkpt lat="45.9683863" lon="6.6363029"><ele>539.5</ele></trkpt>
      <trkpt lat="45.9683049" lon="6.6361407"><ele>539.2</ele></trkpt>
      <trkpt lat="45.9681469" lon="6.6358261"><ele>538.7</ele></trkpt>
      <trkpt lat="45.9679888" lon="6.6355115"><ele>538.2</ele></trkpt>
      <trkpt lat="45.9679636" lon="6.6354497"><ele>537.5</ele></trkpt>
      <trkpt lat="45.9678272" lon="6.6351148"><ele>536.9</ele></trkpt>
      <trkpt lat="45.9677780" lon="6.6348710"><ele>536.1</ele></trkpt>
      <trkpt lat="45.9677027" lon="6.6344982"><ele>535.3</ele></trkpt>
      <trkpt lat="45.9676274" lon="6.6341255"><ele>534.4</ele></trkpt>
      <trkpt lat="45.9676029" lon="6.6339336"><ele>533.4</ele></trkpt>
      <trkpt lat="45.9675540" lon="6.6335519"><ele>532.3</ele></trkpt>
      <trkpt lat="45.9675613" lon="6.6334346"><ele>531.2</ele></trkpt>
      <trkpt lat="45.9675853" lon="6.6330479"><ele>530.0</ele></trkpt>
      <trkpt lat="45.9676093" lon="6.6326613"><ele>528.8</ele></trkpt>
      <trkpt lat="45.9676333" lon="6.6322747"><ele>527.5</ele></trkpt>
      <trkpt lat="45.9676573" lon="6.6318881"><ele>526.4</ele></trkpt>
      <trkpt lat="45.9676813" lon="6.6315014"><ele>525.3</ele></trkpt>
      <trkpt lat="45.9677053" lon="6.6311148"><ele>524.6</ele></trkpt>
      <trkpt lat="45.9677292" lon="6.6307282"><ele>524.0</ele></trkpt>
      <trkpt lat="45.9677053" lon="6.6306613"><ele>523.5</ele></trkpt>
      <trkpt lat="45.9676913" lon="6.6306453"><ele>523.3</ele></trkpt>
      <trkpt lat="45.9674801" lon="6.6304038"><ele>523.2</ele></trkpt>
      <trkpt lat="45.9673514" lon="6.6303875"><ele>523.2</ele></trkpt>
      <trkpt lat="45.9670826" lon="6.6303535"><ele>523.5</ele></trkpt>
      <trkpt lat="45.9668139" lon="6.6303194"><ele>523.7</ele></trkpt>
      <trkpt lat="45.9665451" lon="6.6302853"><ele>523.9</ele></trkpt>
      <trkpt lat="45.9662764" lon="6.6302513"><ele>524.1</ele></trkpt>
      <trkpt lat="45.9661439" lon="6.6302656"><ele>524.3</ele></trkpt>
      <trkpt lat="45.9658748" lon="6.6302946"><ele>524.4</ele></trkpt>
      <trkpt lat="45.9658516" lon="6.6303047"><ele>524.6</ele></trkpt>
      <trkpt lat="45.9655932" lon="6.6304164"><ele>524.8</ele></trkpt>
      <trkpt lat="45.9654943" lon="6.6305393"><ele>524.9</ele></trkpt>
      <trkpt lat="45.9652901" lon="6.6307930"><ele>525.0</ele></trkpt>
      <trkpt lat="45.9651744" lon="6.6308184"><ele>525.0</ele></trkpt>
      <trkpt lat="45.9651109" lon="6.6308705"><ele>525.1</ele></trkpt>
      <trkpt lat="45.9648764" lon="6.6310625"><ele>525.1</ele></trkpt>
      <trkpt lat="45.9646365" lon="6.6311683"><ele>525.1</ele></trkpt>
      <trkpt lat="45.9643786" lon="6.6312821"><ele>525.1</ele></trkpt>
      <trkpt lat="45.9642225" lon="6.6312931"><ele>525.2</ele></trkpt>
      <trkpt lat="45.9639531" lon="6.6313121"><ele>525.2</ele></trkpt>
      <trkpt lat="45.9639371" lon="6.6313175"><ele>525.4</ele></trkpt>
      <trkpt lat="45.9636744" lon="6.6314062"><ele>525.5</ele></trkpt>
      <trkpt lat="45.9634118" lon="6.6314949"><ele>525.6</ele></trkpt>
      <trkpt lat="45.9633587" lon="6.6315426"><ele>525.6</ele></trkpt>
      <trkpt lat="45.9631299" lon="6.6317482"><ele>525.6</ele></trkpt>
      <trkpt lat="45.9630665" lon="6.6318460"><ele>525.6</ele></trkpt>
      <trkpt lat="45.9628824" lon="6.6321298"><ele>525.6</ele></trkpt>
      <trkpt lat="45.9627355" lon="6.6322753"><ele>525.6</ele></trkpt>
      <trkpt lat="45.9625785" lon="6.6323528"><ele>525.6</ele></trkpt>
      <trkpt lat="45.9623234" lon="6.6324788"><ele>525.5</ele></trkpt>
      <trkpt lat="45.9620682" lon="6.6326048"><ele>525.5</ele></trkpt>
      <trkpt lat="45.9618130" lon="6.6327309"><ele>525.5</ele></trkpt>
      <trkpt lat="45.9615578" lon="6.6328569"><ele>525.7</ele></trkpt>
      <trkpt lat="45.9613027" lon="6.6329829"><ele>525.8</ele></trkpt>
      <trkpt lat="45.9610475" lon="6.6331089"><ele>525.9</ele></trkpt>
      <trkpt lat="45.9607923" lon="6.6332349"><ele>526.0</ele></trkpt>
      <trkpt lat="45.9605371" lon="6.6333609"><ele>526.1</ele></trkpt>
      <trkpt lat="45.9602819" lon="6.6334869"><ele>526.2</ele></trkpt>
      <trkpt lat="45.9600268" lon="6.6336130"><ele>526.4</ele></trkpt>
      <trkpt lat="45.9597716" lon="6.6337390"><ele>526.5</ele></trkpt>
      <trkpt lat="45.9595164" lon="6.6338650"><ele>526.6</ele></trkpt>
      <trkpt lat="45.9592612" lon="6.6339910"><ele>526.7</ele></trkpt>
      <trkpt lat="45.9590060" lon="6.6341170"><ele>526.8</ele></trkpt>
      <trkpt lat="45.9587509" lon="6.6342430"><ele>526.9</ele></trkpt>
      <trkpt lat="45.9584957" lon="6.6343690"><ele>527.0</ele></trkpt>
      <trkpt lat="45.9582405" lon="6.6344950"><ele>527.2</ele></trkpt>
      <trkpt lat="45.9579853" lon="6.6346211"><ele>527.3</ele></trkpt>
      <trkpt lat="45.9577301" lon="6.6347471"><ele>527.4</ele></trkpt>
      <trkpt lat="45.9574750" lon="6.6348731"><ele>527.5</ele></trkpt>
      <trkpt lat="45.9572198" lon="6.6349991"><ele>527.6</ele></trkpt>
      <trkpt lat="45.9569646" lon="6.6351251"><ele>527.7</ele></trkpt>
      <trkpt lat="45.9567094" lon="6.6352511"><ele>527.8</ele></trkpt>
      <trkpt lat="45.9564543" lon="6.6353771"><ele>527.9</ele></trkpt>
      <trkpt lat="45.9562384" lon="6.6354577"><ele>527.9</ele></trkpt>
      <trkpt lat="45.9559772" lon="6.6355552"><ele>527.9</ele></trkpt>
      <trkpt lat="45.9557161" lon="6.6356527"><ele>528.0</ele></trkpt>
      <trkpt lat="45.9554550" lon="6.6357502"><ele>528.0</ele></trkpt>
      <trkpt lat="45.9551938" lon="6.6358477"><ele>528.1</ele></trkpt>
      <trkpt lat="45.9549327" lon="6.6359451"><ele>528.2</ele></trkpt>
      <trkpt lat="45.9547523" lon="6.6360003"><ele>528.3</ele></trkpt>
      <trkpt lat="45.9544884" lon="6.6360810"><ele>528.4</ele></trkpt>
      <trkpt lat="45.9542245" lon="6.6361616"><ele>528.6</ele></trkpt>
      <trkpt lat="45.9539606" lon="6.6362423"><ele>528.8</ele></trkpt>
      <trkpt lat="45.9536967" lon="6.6363230"><ele>529.0</ele></trkpt>
      <trkpt lat="45.9534328" lon="6.6364037"><ele>529.2</ele></trkpt>
      <trkpt lat="45.9531689" lon="6.6364843"><ele>529.4</ele></trkpt>
      <trkpt lat="45.9529050" lon="6.6365650"><ele>529.6</ele></trkpt>
      <trkpt lat="45.9526411" lon="6.6366457"><ele>529.8</ele></trkpt>
      <trkpt lat="45.9523772" lon="6.6367264"><ele>530.0</ele></trkpt>
      <trkpt lat="45.9521133" lon="6.6368070"><ele>530.2</ele></trkpt>
      <trkpt lat="45.9518494" lon="6.6368877"><ele>530.4</ele></trkpt>
      <trkpt lat="45.9515855" lon="6.6369684"><ele>530.6</ele></trkpt>
      <trkpt lat="45.9513216" lon="6.6370491"><ele>530.8</ele></trkpt>
      <trkpt lat="45.9510577" lon="6.6371297"><ele>531.0</ele></trkpt>
      <trkpt lat="45.9507938" lon="6.6372104"><ele>531.2</ele></trkpt>
      <trkpt lat="45.9505299" lon="6.6372911"><ele>531.4</ele></trkpt>
      <trkpt lat="45.9502660" lon="6.6373718"><ele>531.6</ele></trkpt>
      <trkpt lat="45.9500021" lon="6.6374524"><ele>531.9</ele></trkpt>
      <trkpt lat="45.9497382" lon="6.6375331"><ele>532.1</ele></trkpt>
      <trkpt lat="45.9494743" lon="6.6376138"><ele>532.3</ele></trkpt>
      <trkpt lat="45.9492104" lon="6.6376945"><ele>532.5</ele></trkpt>
      <trkpt lat="45.9489465" lon="6.6377751"><ele>532.7</ele></trkpt>
      <trkpt lat="45.9486826" lon="6.6378558"><ele>532.9</ele></trkpt>
      <trkpt lat="45.9484187" lon="6.6379365"><ele>533.1</ele></trkpt>
      <trkpt lat="45.9481548" lon="6.6380172"><ele>533.3</ele></trkpt>
      <trkpt lat="45.9478909" lon="6.6380978"><ele>533.5</ele></trkpt>
      <trkpt lat="45.9476270" lon="6.6381785"><ele>533.7</ele></trkpt>
      <trkpt lat="45.9473631" lon="6.6382592"><ele>533.9</ele></trkpt>
      <trkpt lat="45.9470992" lon="6.6383399"><ele>534.1</ele></trkpt>
      <trkpt lat="45.9468353" lon="6.6384205"><ele>534.3</ele></trkpt>
      <trkpt lat="45.9465714" lon="6.6385012"><ele>534.5</ele></trkpt>
      <trkpt lat="45.9463075" lon="6.6385819"><ele>534.6</ele></trkpt>
      <trkpt lat="45.9460436" lon="6.6386626"><ele>534.8</ele></trkpt>
      <trkpt lat="45.9460112" lon="6.6386662"><ele>534.9</ele></trkpt>
      <trkpt lat="45.9458735" lon="6.6387452"><ele>535.0</ele></trkpt>
      <trkpt lat="45.9456970" lon="6.6387961"><ele>535.1</ele></trkpt>
      <trkpt lat="45.9454325" lon="6.6388724"><ele>535.2</ele></trkpt>
      <trkpt lat="45.9451680" lon="6.6389488"><ele>535.3</ele></trkpt>
      <trkpt lat="45.9449035" lon="6.6390251"><ele>535.4</ele></trkpt>
      <trkpt lat="45.9446389" lon="6.6391015"><ele>535.5</ele></trkpt>
      <trkpt lat="45.9443744" lon="6.6391778"><ele>535.6</ele></trkpt>
      <trkpt lat="45.9441099" lon="6.6392542"><ele>535.8</ele></trkpt>
      <trkpt lat="45.9438454" lon="6.6393305"><ele>536.0</ele></trkpt>
      <trkpt lat="45.9435809" lon="6.6394069"><ele>536.2</ele></trkpt>
      <trkpt lat="45.9434253" lon="6.6394941"><ele>536.5</ele></trkpt>
      <trkpt lat="45.9431739" lon="6.6396350"><ele>536.7</ele></trkpt>
      <trkpt lat="45.9429226" lon="6.6397759"><ele>537.0</ele></trkpt>
      <trkpt lat="45.9426712" lon="6.6399167"><ele>537.2</ele></trkpt>
      <trkpt lat="45.9424198" lon="6.6400576"><ele>537.5</ele></trkpt>
      <trkpt lat="45.9423155" lon="6.6401423"><ele>537.7</ele></trkpt>
      <trkpt lat="45.9420806" lon="6.6403331"><ele>537.9</ele></trkpt>
      <trkpt lat="45.9418457" lon="6.6405238"><ele>538.1</ele></trkpt>
      <trkpt lat="45.9416107" lon="6.6407146"><ele>538.3</ele></trkpt>
      <trkpt lat="45.9413758" lon="6.6409054"><ele>538.4</ele></trkpt>
      <trkpt lat="45.9411409" lon="6.6410961"><ele>538.6</ele></trkpt>
      <trkpt lat="45.9409059" lon="6.6412869"><ele>538.7</ele></trkpt>
      <trkpt lat="45.9406710" lon="6.6414776"><ele>539.0</ele></trkpt>
      <trkpt lat="45.9405617" lon="6.6415465"><ele>539.3</ele></trkpt>
      <trkpt lat="45.9403146" lon="6.6417023"><ele>539.5</ele></trkpt>
      <trkpt lat="45.9402583" lon="6.6416871"><ele>539.7</ele></trkpt>
      <trkpt lat="45.9399931" lon="6.6416153"><ele>539.9</ele></trkpt>
      <trkpt lat="45.9400462" lon="6.6414285"><ele>540.1</ele></trkpt>
      <trkpt lat="45.9399631" lon="6.6413227"><ele>540.4</ele></trkpt>
      <trkpt lat="45.9397854" lon="6.6414507"><ele>540.7</ele></trkpt>
      <trkpt lat="45.9396662" lon="6.6415239"><ele>540.9</ele></trkpt>
      <trkpt lat="45.9394181" lon="6.6416763"><ele>540.9</ele></trkpt>
      <trkpt lat="45.9391700" lon="6.6418286"><ele>540.9</ele></trkpt>
      <trkpt lat="45.9389218" lon="6.6419810"><ele>540.9</ele></trkpt>
      <trkpt lat="45.9388017" lon="6.6420376"><ele>540.9</ele></trkpt>
      <trkpt lat="45.9385453" lon="6.6421584"><ele>540.9</ele></trkpt>
      <trkpt lat="45.9382889" lon="6.6422792"><ele>540.9</ele></trkpt>
      <trkpt lat="45.9380325" lon="6.6424000"><ele>540.8</ele></trkpt>
      <trkpt lat="45.9378934" lon="6.6424855"><ele>540.7</ele></trkpt>
      <trkpt lat="45.9376453" lon="6.6426380"><ele>540.7</ele></trkpt>
      <trkpt lat="45.9373972" lon="6.6427905"><ele>540.7</ele></trkpt>
      <trkpt lat="45.9371491" lon="6.6429430"><ele>540.8</ele></trkpt>
      <trkpt lat="45.9369010" lon="6.6430955"><ele>541.0</ele></trkpt>
      <trkpt lat="45.9366530" lon="6.6432480"><ele>541.1</ele></trkpt>
      <trkpt lat="45.9364049" lon="6.6434005"><ele>541.3</ele></trkpt>
      <trkpt lat="45.9361568" lon="6.6435530"><ele>541.5</ele></trkpt>
      <trkpt lat="45.9359087" lon="6.6437054"><ele>541.6</ele></trkpt>
      <trkpt lat="45.9356606" lon="6.6438579"><ele>541.8</ele></trkpt>
      <trkpt lat="45.9354126" lon="6.6440104"><ele>542.0</ele></trkpt>
      <trkpt lat="45.9351645" lon="6.6441629"><ele>542.1</ele></trkpt>
      <trkpt lat="45.9349164" lon="6.6443154"><ele>542.3</ele></trkpt>
      <trkpt lat="45.9346683" lon="6.6444679"><ele>542.5</ele></trkpt>
      <trkpt lat="45.9344202" lon="6.6446204"><ele>542.6</ele></trkpt>
      <trkpt lat="45.9341722" lon="6.6447729"><ele>542.7</ele></trkpt>
      <trkpt lat="45.9339241" lon="6.6449253"><ele>542.8</ele></trkpt>
      <trkpt lat="45.9336862" lon="6.6450554"><ele>542.9</ele></trkpt>
      <trkpt lat="45.9334341" lon="6.6451934"><ele>543.0</ele></trkpt>
      <trkpt lat="45.9331819" lon="6.6453313"><ele>543.1</ele></trkpt>
      <trkpt lat="45.9329297" lon="6.6454692"><ele>543.2</ele></trkpt>
      <trkpt lat="45.9328477" lon="6.6455170"><ele>543.3</ele></trkpt>
      <trkpt lat="45.9325976" lon="6.6456625"><ele>543.4</ele></trkpt>
      <trkpt lat="45.9323476" lon="6.6458081"><ele>543.5</ele></trkpt>
      <trkpt lat="45.9320975" lon="6.6459537"><ele>543.6</ele></trkpt>
      <trkpt lat="45.9320239" lon="6.6459923"><ele>543.7</ele></trkpt>
      <trkpt lat="45.9317705" lon="6.6461253"><ele>543.8</ele></trkpt>
      <trkpt lat="45.9315170" lon="6.6462583"><ele>543.9</ele></trkpt>
      <trkpt lat="45.9314346" lon="6.6463172"><ele>543.9</ele></trkpt>
      <trkpt lat="45.9311931" lon="6.6464899"><ele>544.0</ele></trkpt>
      <trkpt lat="45.9309515" lon="6.6466625"><ele>544.0</ele></trkpt>
      <trkpt lat="45.9307099" lon="6.6468352"><ele>544.0</ele></trkpt>
      <trkpt lat="45.9304683" lon="6.6470079"><ele>544.1</ele></trkpt>
      <trkpt lat="45.9302267" lon="6.6471805"><ele>544.1</ele></trkpt>
      <trkpt lat="45.9299851" lon="6.6473532"><ele>544.2</ele></trkpt>
      <trkpt lat="45.9297720" lon="6.6475491"><ele>544.3</ele></trkpt>
      <trkpt lat="45.9295446" lon="6.6477580"><ele>544.5</ele></trkpt>
      <trkpt lat="45.9293173" lon="6.6479669"><ele>544.7</ele></trkpt>
      <trkpt lat="45.9290900" lon="6.6481758"><ele>544.9</ele></trkpt>
      <trkpt lat="45.9290829" lon="6.6481831"><ele>545.2</ele></trkpt>
      <trkpt lat="45.9288641" lon="6.6484100"><ele>545.5</ele></trkpt>
      <trkpt lat="45.9286452" lon="6.6486368"><ele>545.8</ele></trkpt>
      <trkpt lat="45.9284264" lon="6.6488637"><ele>546.0</ele></trkpt>
      <trkpt lat="45.9282075" lon="6.6490905"><ele>546.3</ele></trkpt>
      <trkpt lat="45.9281062" lon="6.6492235"><ele>546.5</ele></trkpt>
      <trkpt lat="45.9279069" lon="6.6494849"><ele>546.7</ele></trkpt>
      <trkpt lat="45.9277076" lon="6.6497464"><ele>546.8</ele></trkpt>
      <trkpt lat="45.9275083" lon="6.6500078"><ele>546.9</ele></trkpt>
      <trkpt lat="45.9273090" lon="6.6502693"><ele>546.9</ele></trkpt>
      <trkpt lat="45.9272809" lon="6.6503122"><ele>547.0</ele></trkpt>
      <trkpt lat="45.9270956" lon="6.6505942"><ele>547.0</ele></trkpt>
      <trkpt lat="45.9269104" lon="6.6508762"><ele>547.1</ele></trkpt>
      <trkpt lat="45.9267252" lon="6.6511582"><ele>547.2</ele></trkpt>
      <trkpt lat="45.9266047" lon="6.6513949"><ele>547.3</ele></trkpt>
      <trkpt lat="45.9264454" lon="6.6517079"><ele>547.5</ele></trkpt>
      <trkpt lat="45.9262860" lon="6.6520209"><ele>547.6</ele></trkpt>
      <trkpt lat="45.9261267" lon="6.6523339"><ele>547.8</ele></trkpt>
      <trkpt lat="45.9260455" lon="6.6525268"><ele>548.0</ele></trkpt>
      <trkpt lat="45.9259058" lon="6.6528586"><ele>548.1</ele></trkpt>
      <trkpt lat="45.9257661" lon="6.6531904"><ele>548.3</ele></trkpt>
      <trkpt lat="45.9256264" lon="6.6535222"><ele>548.5</ele></trkpt>
      <trkpt lat="45.9254866" lon="6.6538540"><ele>548.6</ele></trkpt>
      <trkpt lat="45.9253469" lon="6.6541858"><ele>548.7</ele></trkpt>
      <trkpt lat="45.9252072" lon="6.6545176"><ele>548.8</ele></trkpt>
      <trkpt lat="45.9250927" lon="6.6547498"><ele>548.8</ele></trkpt>
      <trkpt lat="45.9249367" lon="6.6550662"><ele>548.6</ele></trkpt>
      <trkpt lat="45.9247807" lon="6.6553826"><ele>548.4</ele></trkpt>
      <trkpt lat="45.9246173" lon="6.6553558"><ele>548.2</ele></trkpt>
      <trkpt lat="45.9244317" lon="6.6551100"><ele>548.1</ele></trkpt>
      <trkpt lat="45.9242332" lon="6.6548473"><ele>548.0</ele></trkpt>
      <trkpt lat="45.9240348" lon="6.6545845"><ele>548.1</ele></trkpt>
      <trkpt lat="45.9238745" lon="6.6544240"><ele>548.2</ele></trkpt>
      <trkpt lat="45.9236531" lon="6.6542023"><ele>548.3</ele></trkpt>
      <trkpt lat="45.9236213" lon="6.6541830"><ele>548.6</ele></trkpt>
      <trkpt lat="45.9233729" lon="6.6540318"><ele>548.9</ele></trkpt>
      <trkpt lat="45.9232422" lon="6.6543480"><ele>549.4</ele></trkpt>
      <trkpt lat="45.9231045" lon="6.6546815"><ele>549.8</ele></trkpt>
      <trkpt lat="45.9229667" lon="6.6550150"><ele>550.1</ele></trkpt>
      <trkpt lat="45.9228289" lon="6.6553484"><ele>550.4</ele></trkpt>
      <trkpt lat="45.9226912" lon="6.6556819"><ele>550.6</ele></trkpt>
      <trkpt lat="45.9225534" lon="6.6560154"><ele>550.7</ele></trkpt>
      <trkpt lat="45.9224156" lon="6.6563488"><ele>550.8</ele></trkpt>
      <trkpt lat="45.9222779" lon="6.6566823"><ele>551.0</ele></trkpt>
      <trkpt lat="45.9221401" lon="6.6570158"><ele>551.1</ele></trkpt>
      <trkpt lat="45.9220024" lon="6.6573493"><ele>551.2</ele></trkpt>
      <trkpt lat="45.9218646" lon="6.6576827"><ele>551.4</ele></trkpt>
      <trkpt lat="45.9217268" lon="6.6580162"><ele>551.5</ele></trkpt>
      <trkpt lat="45.9215891" lon="6.6583497"><ele>551.6</ele></trkpt>
      <trkpt lat="45.9214513" lon="6.6586831"><ele>551.7</ele></trkpt>
      <trkpt lat="45.9213135" lon="6.6590166"><ele>551.8</ele></trkpt>
      <trkpt lat="45.9212652" lon="6.6591200"><ele>551.9</ele></trkpt>
      <trkpt lat="45.9211148" lon="6.6594419"><ele>552.1</ele></trkpt>
      <trkpt lat="45.9209644" lon="6.6597639"><ele>552.2</ele></trkpt>
      <trkpt lat="45.9208990" lon="6.6599360"><ele>552.4</ele></trkpt>
      <trkpt lat="45.9207698" lon="6.6602765"><ele>552.6</ele></trkpt>
      <trkpt lat="45.9206406" lon="6.6606170"><ele>552.9</ele></trkpt>
      <trkpt lat="45.9205113" lon="6.6609574"><ele>553.1</ele></trkpt>
      <trkpt lat="45.9203821" lon="6.6612979"><ele>553.3</ele></trkpt>
      <trkpt lat="45.9202529" lon="6.6616383"><ele>553.5</ele></trkpt>
      <trkpt lat="45.9201770" lon="6.6618048"><ele>553.6</ele></trkpt>
      <trkpt lat="45.9200290" lon="6.6621291"><ele>553.8</ele></trkpt>
      <trkpt lat="45.9198811" lon="6.6624534"><ele>553.8</ele></trkpt>
      <trkpt lat="45.9197331" lon="6.6627777"><ele>553.9</ele></trkpt>
      <trkpt lat="45.9195852" lon="6.6631021"><ele>553.9</ele></trkpt>
      <trkpt lat="45.9194373" lon="6.6634264"><ele>553.9</ele></trkpt>
      <trkpt lat="45.9192893" lon="6.6637507"><ele>553.9</ele></trkpt>
      <trkpt lat="45.9191414" lon="6.6640750"><ele>554.0</ele></trkpt>
      <trkpt lat="45.9189934" lon="6.6643993"><ele>554.0</ele></trkpt>
      <trkpt lat="45.9188455" lon="6.6647237"><ele>554.0</ele></trkpt>
      <trkpt lat="45.9187845" lon="6.6648296"><ele>554.0</ele></trkpt>
      <trkpt lat="45.9186125" lon="6.6651284"><ele>554.1</ele></trkpt>
      <trkpt lat="45.9184405" lon="6.6654271"><ele>554.2</ele></trkpt>
      <trkpt lat="45.9182685" lon="6.6657259"><ele>554.3</ele></trkpt>
      <trkpt lat="45.9181286" lon="6.6660077"><ele>554.5</ele></trkpt>
      <trkpt lat="45.9179718" lon="6.6663233"><ele>554.6</ele></trkpt>
      <trkpt lat="45.9179290" lon="6.6665241"><ele>554.7</ele></trkpt>
      <trkpt lat="45.9178657" lon="6.6666222"><ele>554.8</ele></trkpt>
      <trkpt lat="45.9178679" lon="6.6668190"><ele>554.9</ele></trkpt>
      <trkpt lat="45.9178881" lon="6.6667997"><ele>555.0</ele></trkpt>
      <trkpt lat="45.9180085" lon="6.6667614"><ele>555.1</ele></trkpt>
      <trkpt lat="45.9181502" lon="6.6668541"><ele>555.2</ele></trkpt>
      <trkpt lat="45.9181707" lon="6.6668821"><ele>555.3</ele></trkpt>
      <trkpt lat="45.9183663" lon="6.6671492"><ele>555.4</ele></trkpt>
      <trkpt lat="45.9185620" lon="6.6674162"><ele>555.5</ele></trkpt>
      <trkpt lat="45.9185890" lon="6.6674798"><ele>555.6</ele></trkpt>
      <trkpt lat="45.9187295" lon="6.6678109"><ele>555.8</ele></trkpt>
      <trkpt lat="45.9187465" lon="6.6679468"><ele>556.1</ele></trkpt>
      <trkpt lat="45.9187941" lon="6.6683286"><ele>556.5</ele></trkpt>
      <trkpt lat="45.9187924" lon="6.6683419"><ele>556.9</ele></trkpt>
      <trkpt lat="45.9187451" lon="6.6687237"><ele>557.3</ele></trkpt>
      <trkpt lat="45.9186977" lon="6.6691055"><ele>557.6</ele></trkpt>
      <trkpt lat="45.9186504" lon="6.6694873"><ele>558.0</ele></trkpt>
      <trkpt lat="45.9186031" lon="6.6698691"><ele>558.3</ele></trkpt>
      <trkpt lat="45.9185985" lon="6.6699856"><ele>558.7</ele></trkpt>
      <trkpt lat="45.9185834" lon="6.6703728"><ele>558.9</ele></trkpt>
      <trkpt lat="45.9186449" lon="6.6706600"><ele>559.1</ele></trkpt>
      <trkpt lat="45.9186979" lon="6.6708086"><ele>559.3</ele></trkpt>
      <trkpt lat="45.9187143" lon="6.6708337"><ele>559.3</ele></trkpt>
      <trkpt lat="45.9188995" lon="6.6711158"><ele>559.3</ele></trkpt>
      <trkpt lat="45.9190846" lon="6.6713980"><ele>559.3</ele></trkpt>
      <trkpt lat="45.9192697" lon="6.6716801"><ele>559.3</ele></trkpt>
      <trkpt lat="45.9194548" lon="6.6719622"><ele>559.2</ele></trkpt>
      <trkpt lat="45.9195356" lon="6.6722315"><ele>559.0</ele></trkpt>
      <trkpt lat="45.9196424" lon="6.6725876"><ele>558.8</ele></trkpt>
      <trkpt lat="45.9197492" lon="6.6729438"><ele>558.6</ele></trkpt>
      <trkpt lat="45.9198264" lon="6.6730125"><ele>558.6</ele></trkpt>
      <trkpt lat="45.9200558" lon="6.6732166"><ele>558.6</ele></trkpt>
      <trkpt lat="45.9202853" lon="6.6734207"><ele>558.6</ele></trkpt>
      <trkpt lat="45.9203196" lon="6.6734779"><ele>558.7</ele></trkpt>
      <trkpt lat="45.9204957" lon="6.6737717"><ele>558.9</ele></trkpt>
      <trkpt lat="45.9204918" lon="6.6737880"><ele>559.1</ele></trkpt>
      <trkpt lat="45.9204059" lon="6.6741557"><ele>559.4</ele></trkpt>
      <trkpt lat="45.9203200" lon="6.6745233"><ele>559.7</ele></trkpt>
      <trkpt lat="45.9202341" lon="6.6748909"><ele>560.0</ele></trkpt>
      <trkpt lat="45.9201482" lon="6.6752586"><ele>560.2</ele></trkpt>
      <trkpt lat="45.9200623" lon="6.6756262"><ele>560.3</ele></trkpt>
      <trkpt lat="45.9199764" lon="6.6759939"><ele>560.4</ele></trkpt>
      <trkpt lat="45.9198905" lon="6.6763615"><ele>560.6</ele></trkpt>
      <trkpt lat="45.9198046" lon="6.6767291"><ele>560.7</ele></trkpt>
      <trkpt lat="45.9197187" lon="6.6770968"><ele>560.8</ele></trkpt>
      <trkpt lat="45.9196328" lon="6.6774644"><ele>561.0</ele></trkpt>
      <trkpt lat="45.9195469" lon="6.6778320"><ele>561.1</ele></trkpt>
      <trkpt lat="45.9194610" lon="6.6781997"><ele>561.2</ele></trkpt>
      <trkpt lat="45.9193751" lon="6.6785673"><ele>561.4</ele></trkpt>
      <trkpt lat="45.9192892" lon="6.6789350"><ele>561.5</ele></trkpt>
      <trkpt lat="45.9192033" lon="6.6793026"><ele>561.6</ele></trkpt>
      <trkpt lat="45.9191174" lon="6.6796702"><ele>561.8</ele></trkpt>
      <trkpt lat="45.9190315" lon="6.6800379"><ele>561.9</ele></trkpt>
      <trkpt lat="45.9189456" lon="6.6804055"><ele>562.0</ele></trkpt>
      <trkpt lat="45.9188597" lon="6.6807731"><ele>562.2</ele></trkpt>
      <trkpt lat="45.9187738" lon="6.6811408"><ele>562.3</ele></trkpt>
      <trkpt lat="45.9186879" lon="6.6815084"><ele>562.4</ele></trkpt>
      <trkpt lat="45.9186020" lon="6.6818761"><ele>562.6</ele></trkpt>
      <trkpt lat="45.9185161" lon="6.6822437"><ele>562.7</ele></trkpt>
      <trkpt lat="45.9184302" lon="6.6826113"><ele>562.8</ele></trkpt>
      <trkpt lat="45.9183443" lon="6.6829790"><ele>563.0</ele></trkpt>
      <trkpt lat="45.9182584" lon="6.6833466"><ele>563.1</ele></trkpt>
      <trkpt lat="45.9181725" lon="6.6837142"><ele>563.2</ele></trkpt>
      <trkpt lat="45.9180866" lon="6.6840819"><ele>563.4</ele></trkpt>
      <trkpt lat="45.9180007" lon="6.6844495"><ele>563.5</ele></trkpt>
      <trkpt lat="45.9179148" lon="6.6848172"><ele>563.7</ele></trkpt>
      <trkpt lat="45.9178289" lon="6.6851848"><ele>563.8</ele></trkpt>
      <trkpt lat="45.9177430" lon="6.6855524"><ele>564.0</ele></trkpt>
      <trkpt lat="45.9177316" lon="6.6856546"><ele>564.3</ele></trkpt>
      <trkpt lat="45.9176889" lon="6.6860375"><ele>564.5</ele></trkpt>
      <trkpt lat="45.9176462" lon="6.6864204"><ele>564.8</ele></trkpt>
      <trkpt lat="45.9176034" lon="6.6868033"><ele>565.1</ele></trkpt>
      <trkpt lat="45.9175607" lon="6.6871862"><ele>565.4</ele></trkpt>
      <trkpt lat="45.9175180" lon="6.6875692"><ele>565.8</ele></trkpt>
      <trkpt lat="45.9174753" lon="6.6879521"><ele>566.1</ele></trkpt>
      <trkpt lat="45.9174326" lon="6.6883350"><ele>566.5</ele></trkpt>
      <trkpt lat="45.9173899" lon="6.6887179"><ele>566.8</ele></trkpt>
      <trkpt lat="45.9173472" lon="6.6891008"><ele>567.2</ele></trkpt>
      <trkpt lat="45.9173044" lon="6.6894837"><ele>567.6</ele></trkpt>
      <trkpt lat="45.9172617" lon="6.6898667"><ele>567.9</ele></trkpt>
      <trkpt lat="45.9172190" lon="6.6902496"><ele>568.3</ele></trkpt>
      <trkpt lat="45.9171763" lon="6.6906325"><ele>568.6</ele></trkpt>
      <trkpt lat="45.9171336" lon="6.6910154"><ele>569.0</ele></trkpt>
      <trkpt lat="45.9170909" lon="6.6913983"><ele>569.3</ele></trkpt>
      <trkpt lat="45.9170482" lon="6.6917813"><ele>569.7</ele></trkpt>
      <trkpt lat="45.9170054" lon="6.6921642"><ele>570.0</ele></trkpt>
      <trkpt lat="45.9169627" lon="6.6925471"><ele>570.4</ele></trkpt>
      <trkpt lat="45.9169200" lon="6.6929300"><ele>570.6</ele></trkpt>
      <trkpt lat="45.9168971" lon="6.6930406"><ele>570.8</ele></trkpt>
      <trkpt lat="45.9168199" lon="6.6934122"><ele>571.0</ele></trkpt>
      <trkpt lat="45.9167427" lon="6.6937838"><ele>571.1</ele></trkpt>
      <trkpt lat="45.9165713" lon="6.6939939"><ele>571.3</ele></trkpt>
      <trkpt lat="45.9166096" lon="6.6941484"><ele>571.5</ele></trkpt>
      <trkpt lat="45.9166096" lon="6.6942351"><ele>571.7</ele></trkpt>
      <trkpt lat="45.9166097" lon="6.6946229"><ele>571.8</ele></trkpt>
      <trkpt lat="45.9166098" lon="6.6950107"><ele>572.0</ele></trkpt>
      <trkpt lat="45.9166099" lon="6.6953985"><ele>572.3</ele></trkpt>
      <trkpt lat="45.9166099" lon="6.6957863"><ele>572.6</ele></trkpt>
      <trkpt lat="45.9166124" lon="6.6958273"><ele>572.9</ele></trkpt>
      <trkpt lat="45.9166354" lon="6.6962137"><ele>573.1</ele></trkpt>
      <trkpt lat="45.9166584" lon="6.6966000"><ele>573.4</ele></trkpt>
      <trkpt lat="45.9166917" lon="6.6967872"><ele>573.6</ele></trkpt>
      <trkpt lat="45.9167586" lon="6.6971629"><ele>573.8</ele></trkpt>
      <trkpt lat="45.9167813" lon="6.6972461"><ele>574.1</ele></trkpt>
      <trkpt lat="45.9168799" lon="6.6976071"><ele>574.3</ele></trkpt>
      <trkpt lat="45.9169785" lon="6.6979680"><ele>574.4</ele></trkpt>
      <trkpt lat="45.9170771" lon="6.6983290"><ele>574.6</ele></trkpt>
      <trkpt lat="45.9171757" lon="6.6986900"><ele>574.8</ele></trkpt>
      <trkpt lat="45.9172743" lon="6.6990510"><ele>575.0</ele></trkpt>
      <trkpt lat="45.9173729" lon="6.6994120"><ele>575.2</ele></trkpt>
      <trkpt lat="45.9174715" lon="6.6997730"><ele>575.4</ele></trkpt>
      <trkpt lat="45.9175701" lon="6.7001340"><ele>575.6</ele></trkpt>
      <trkpt lat="45.9176687" lon="6.7004949"><ele>575.8</ele></trkpt>
      <trkpt lat="45.9177673" lon="6.7008559"><ele>576.0</ele></trkpt>
      <trkpt lat="45.9178658" lon="6.7012169"><ele>576.2</ele></trkpt>
      <trkpt lat="45.9179644" lon="6.7015779"><ele>576.3</ele></trkpt>
      <trkpt lat="45.9180630" lon="6.7019389"><ele>576.5</ele></trkpt>
      <trkpt lat="45.9181616" lon="6.7022999"><ele>576.7</ele></trkpt>
      <trkpt lat="45.9181619" lon="6.7023007"><ele>576.8</ele></trkpt>
      <trkpt lat="45.9182551" lon="6.7026647"><ele>577.0</ele></trkpt>
      <trkpt lat="45.9182416" lon="6.7029064"><ele>577.1</ele></trkpt>
      <trkpt lat="45.9182953" lon="6.7030696"><ele>577.3</ele></trkpt>
      <trkpt lat="45.9183059" lon="6.7031018"><ele>577.4</ele></trkpt>
      <trkpt lat="45.9184215" lon="6.7034522"><ele>577.6</ele></trkpt>
      <trkpt lat="45.9185371" lon="6.7038026"><ele>577.8</ele></trkpt>
      <trkpt lat="45.9185657" lon="6.7039043"><ele>578.1</ele></trkpt>
      <trkpt lat="45.9186668" lon="6.7042638"><ele>578.3</ele></trkpt>
      <trkpt lat="45.9187680" lon="6.7046234"><ele>578.6</ele></trkpt>
      <trkpt lat="45.9188691" lon="6.7049829"><ele>578.9</ele></trkpt>
      <trkpt lat="45.9189703" lon="6.7053424"><ele>579.2</ele></trkpt>
      <trkpt lat="45.9190714" lon="6.7057020"><ele>579.5</ele></trkpt>
      <trkpt lat="45.9191726" lon="6.7060615"><ele>579.8</ele></trkpt>
      <trkpt lat="45.9192737" lon="6.7064210"><ele>580.1</ele></trkpt>
      <trkpt lat="45.9193749" lon="6.7067805"><ele>580.4</ele></trkpt>
      <trkpt lat="45.9194760" lon="6.7071401"><ele>580.7</ele></trkpt>
      <trkpt lat="45.9195772" lon="6.7074996"><ele>581.0</ele></trkpt>
      <trkpt lat="45.9196783" lon="6.7078591"><ele>581.3</ele></trkpt>
      <trkpt lat="45.9197795" lon="6.7082187"><ele>581.6</ele></trkpt>
      <trkpt lat="45.9198806" lon="6.7085782"><ele>582.0</ele></trkpt>
      <trkpt lat="45.9199561" lon="6.7088725"><ele>582.3</ele></trkpt>
      <trkpt lat="45.9200495" lon="6.7092363"><ele>582.7</ele></trkpt>
      <trkpt lat="45.9201428" lon="6.7096002"><ele>583.0</ele></trkpt>
      <trkpt lat="45.9202362" lon="6.7099641"><ele>583.4</ele></trkpt>
      <trkpt lat="45.9203296" lon="6.7103280"><ele>583.7</ele></trkpt>
      <trkpt lat="45.9204229" lon="6.7106918"><ele>584.1</ele></trkpt>
      <trkpt lat="45.9205163" lon="6.7110557"><ele>584.5</ele></trkpt>
      <trkpt lat="45.9206096" lon="6.7114196"><ele>584.9</ele></trkpt>
      <trkpt lat="45.9206694" lon="6.7116221"><ele>585.3</ele></trkpt>
      <trkpt lat="45.9207748" lon="6.7119792"><ele>585.7</ele></trkpt>
      <trkpt lat="45.9208801" lon="6.7123362"><ele>586.1</ele></trkpt>
      <trkpt lat="45.9209855" lon="6.7126933"><ele>586.5</ele></trkpt>
      <trkpt lat="45.9210908" lon="6.7130503"><ele>586.9</ele></trkpt>
      <trkpt lat="45.9211962" lon="6.7134073"><ele>587.2</ele></trkpt>
      <trkpt lat="45.9213016" lon="6.7137644"><ele>587.4</ele></trkpt>
      <trkpt lat="45.9213196" lon="6.7137534"><ele>587.7</ele></trkpt>
      <trkpt lat="45.9215684" lon="6.7136032"><ele>587.8</ele></trkpt>
      <trkpt lat="45.9218171" lon="6.7134529"><ele>587.9</ele></trkpt>
      <trkpt lat="45.9220658" lon="6.7133027"><ele>588.0</ele></trkpt>
      <trkpt lat="45.9223146" lon="6.7131524"><ele>588.0</ele></trkpt>
      <trkpt lat="45.9225633" lon="6.7130021"><ele>588.0</ele></trkpt>
      <trkpt lat="45.9228120" lon="6.7128519"><ele>588.1</ele></trkpt>
      <trkpt lat="45.9230607" lon="6.7127016"><ele>588.1</ele></trkpt>
      <trkpt lat="45.9233095" lon="6.7125514"><ele>588.3</ele></trkpt>
      <trkpt lat="45.9235592" lon="6.7124563"><ele>588.4</ele></trkpt>
      <trkpt lat="45.9238200" lon="6.7123570"><ele>588.6</ele></trkpt>
      <trkpt lat="45.9240808" lon="6.7122577"><ele>588.9</ele></trkpt>
      <trkpt lat="45.9243416" lon="6.7121584"><ele>589.2</ele></trkpt>
      <trkpt lat="45.9244619" lon="6.7124228"><ele>589.5</ele></trkpt>
      <trkpt lat="45.9246095" lon="6.7127474"><ele>589.8</ele></trkpt>
      <trkpt lat="45.9247572" lon="6.7130721"><ele>590.1</ele></trkpt>
      <trkpt lat="45.9249048" lon="6.7133967"><ele>590.5</ele></trkpt>
      <trkpt lat="45.9250192" lon="6.7136099"><ele>590.8</ele></trkpt>
      <trkpt lat="45.9251840" lon="6.7139170"><ele>591.1</ele></trkpt>
      <trkpt lat="45.9252802" lon="6.7140009"><ele>591.2</ele></trkpt>
      <trkpt lat="45.9253982" lon="6.7139989"><ele>591.3</ele></trkpt>
      <trkpt lat="45.9254193" lon="6.7139325"><ele>591.3</ele></trkpt>
      <trkpt lat="45.9253094" lon="6.7138087"><ele>591.3</ele></trkpt>
      <trkpt lat="45.9250970" lon="6.7135696"><ele>591.2</ele></trkpt>
      <trkpt lat="45.9250511" lon="6.7134701"><ele>591.0</ele></trkpt>
      <trkpt lat="45.9249019" lon="6.7131470"><ele>590.8</ele></trkpt>
      <trkpt lat="45.9247527" lon="6.7128238"><ele>590.5</ele></trkpt>
      <trkpt lat="45.9246034" lon="6.7125007"><ele>590.2</ele></trkpt>
      <trkpt lat="45.9245139" lon="6.7123882"><ele>590.0</ele></trkpt>
      <trkpt lat="45.9244484" lon="6.7123867"><ele>589.7</ele></trkpt>
      <trkpt lat="45.9241786" lon="6.7123805"><ele>589.4</ele></trkpt>
      <trkpt lat="45.9241076" lon="6.7123766"><ele>589.1</ele></trkpt>
      <trkpt lat="45.9238380" lon="6.7123617"><ele>588.8</ele></trkpt>
      <trkpt lat="45.9236271" lon="6.7124606"><ele>588.5</ele></trkpt>
      <trkpt lat="45.9233707" lon="6.7125810"><ele>588.2</ele></trkpt>
      <trkpt lat="45.9232213" lon="6.7126311"><ele>588.0</ele></trkpt>
      <trkpt lat="45.9229585" lon="6.7127191"><ele>587.9</ele></trkpt>
      <trkpt lat="45.9227816" lon="6.7128516"><ele>587.8</ele></trkpt>
      <trkpt lat="45.9225424" lon="6.7130308"><ele>587.7</ele></trkpt>
      <trkpt lat="45.9223031" lon="6.7132101"><ele>587.7</ele></trkpt>
      <trkpt lat="45.9220639" lon="6.7133894"><ele>587.6</ele></trkpt>
      <trkpt lat="45.9218246" lon="6.7135686"><ele>587.6</ele></trkpt>
      <trkpt lat="45.9216958" lon="6.7135531"><ele>587.6</ele></trkpt>
      <trkpt lat="45.9214270" lon="6.7135209"><ele>587.5</ele></trkpt>
      <trkpt lat="45.9212648" lon="6.7135352"><ele>587.3</ele></trkpt>
      <trkpt lat="45.9209956" lon="6.7135591"><ele>587.1</ele></trkpt>
      <trkpt lat="45.9207999" lon="6.7134339"><ele>586.8</ele></trkpt>
      <trkpt lat="45.9205534" lon="6.7132762"><ele>586.5</ele></trkpt>
      <trkpt lat="45.9203070" lon="6.7131185"><ele>586.2</ele></trkpt>
      <trkpt lat="45.9200605" lon="6.7129608"><ele>585.8</ele></trkpt>
      <trkpt lat="45.9198140" lon="6.7128030"><ele>585.5</ele></trkpt>
      <trkpt lat="45.9195675" lon="6.7126453"><ele>585.1</ele></trkpt>
      <trkpt lat="45.9193210" lon="6.7124876"><ele>584.9</ele></trkpt>
      <trkpt lat="45.9190746" lon="6.7123299"><ele>584.6</ele></trkpt>
      <trkpt lat="45.9188281" lon="6.7121722"><ele>584.3</ele></trkpt>
      <trkpt lat="45.9186763" lon="6.7119715"><ele>584.1</ele></trkpt>
      <trkpt lat="45.9185035" lon="6.7118473"><ele>583.9</ele></trkpt>
      <trkpt lat="45.9182621" lon="6.7116739"><ele>583.7</ele></trkpt>
      <trkpt lat="45.9180208" lon="6.7115005"><ele>583.5</ele></trkpt>
      <trkpt lat="45.9177795" lon="6.7113271"><ele>583.3</ele></trkpt>
      <trkpt lat="45.9175382" lon="6.7111536"><ele>583.1</ele></trkpt>
      <trkpt lat="45.9174531" lon="6.7110997"><ele>582.8</ele></trkpt>
      <trkpt lat="45.9172063" lon="6.7109431"><ele>582.6</ele></trkpt>
      <trkpt lat="45.9169594" lon="6.7107866"><ele>582.3</ele></trkpt>
      <trkpt lat="45.9167126" lon="6.7106300"><ele>582.0</ele></trkpt>
      <trkpt lat="45.9164658" lon="6.7104735"><ele>581.7</ele></trkpt>
      <trkpt lat="45.9162189" lon="6.7103169"><ele>581.5</ele></trkpt>
      <trkpt lat="45.9159721" lon="6.7101603"><ele>581.2</ele></trkpt>
      <trkpt lat="45.9157315" lon="6.7099924"><ele>581.0</ele></trkpt>
      <trkpt lat="45.9154888" lon="6.7098229"><ele>580.8</ele></trkpt>
      <trkpt lat="45.9152461" lon="6.7096535"><ele>580.6</ele></trkpt>
      <trkpt lat="45.9150034" lon="6.7094841"><ele>580.5</ele></trkpt>
      <trkpt lat="45.9147607" lon="6.7093147"><ele>580.4</ele></trkpt>
      <trkpt lat="45.9145180" lon="6.7091452"><ele>580.3</ele></trkpt>
      <trkpt lat="45.9144824" lon="6.7091242"><ele>580.2</ele></trkpt>
      <trkpt lat="45.9142329" lon="6.7089768"><ele>580.0</ele></trkpt>
      <trkpt lat="45.9139833" lon="6.7088294"><ele>579.9</ele></trkpt>
      <trkpt lat="45.9137338" lon="6.7086820"><ele>579.8</ele></trkpt>
      <trkpt lat="45.9136319" lon="6.7085776"><ele>579.8</ele></trkpt>
      <trkpt lat="45.9134122" lon="6.7083525"><ele>579.8</ele></trkpt>
      <trkpt lat="45.9132572" lon="6.7083206"><ele>579.8</ele></trkpt>
      <trkpt lat="45.9131929" lon="6.7082790"><ele>579.8</ele></trkpt>
      <trkpt lat="45.9129468" lon="6.7081198"><ele>579.8</ele></trkpt>
      <trkpt lat="45.9127415" lon="6.7079727"><ele>579.8</ele></trkpt>
      <trkpt lat="45.9125001" lon="6.7077996"><ele>579.9</ele></trkpt>
      <trkpt lat="45.9122587" lon="6.7076266"><ele>579.9</ele></trkpt>
      <trkpt lat="45.9121650" lon="6.7075628"><ele>580.0</ele></trkpt>
      <trkpt lat="45.9119211" lon="6.7073969"><ele>580.0</ele></trkpt>
      <trkpt lat="45.9116772" lon="6.7072311"><ele>580.0</ele></trkpt>
      <trkpt lat="45.9114334" lon="6.7070652"><ele>580.0</ele></trkpt>
      <trkpt lat="45.9111895" lon="6.7068993"><ele>580.0</ele></trkpt>
      <trkpt lat="45.9109456" lon="6.7067334"><ele>580.0</ele></trkpt>
      <trkpt lat="45.9107018" lon="6.7065676"><ele>580.1</ele></trkpt>
      <trkpt lat="45.9104579" lon="6.7064017"><ele>580.2</ele></trkpt>
      <trkpt lat="45.9102140" lon="6.7062358"><ele>580.4</ele></trkpt>
      <trkpt lat="45.9099702" lon="6.7060699"><ele>580.7</ele></trkpt>
      <trkpt lat="45.9097845" lon="6.7059513"><ele>581.1</ele></trkpt>
      <trkpt lat="45.9095380" lon="6.7057937"><ele>581.6</ele></trkpt>
      <trkpt lat="45.9092915" lon="6.7056362"><ele>582.1</ele></trkpt>
      <trkpt lat="45.9090449" lon="6.7054786"><ele>582.7</ele></trkpt>
      <trkpt lat="45.9087984" lon="6.7053211"><ele>583.4</ele></trkpt>
      <trkpt lat="45.9085519" lon="6.7051635"><ele>584.1</ele></trkpt>
      <trkpt lat="45.9083054" lon="6.7050060"><ele>584.8</ele></trkpt>
      <trkpt lat="45.9080589" lon="6.7048484"><ele>585.6</ele></trkpt>
      <trkpt lat="45.9078123" lon="6.7046909"><ele>586.2</ele></trkpt>
      <trkpt lat="45.9075658" lon="6.7045333"><ele>586.9</ele></trkpt>
      <trkpt lat="45.9073193" lon="6.7043758"><ele>587.4</ele></trkpt>
      <trkpt lat="45.9070728" lon="6.7042182"><ele>588.0</ele></trkpt>
      <trkpt lat="45.9070145" lon="6.7042068"><ele>588.5</ele></trkpt>
      <trkpt lat="45.9069621" lon="6.7041920"><ele>589.1</ele></trkpt>
      <trkpt lat="45.9069598" lon="6.7041904"><ele>589.6</ele></trkpt>
      <trkpt lat="45.9067171" lon="6.7040209"><ele>590.2</ele></trkpt>
      <trkpt lat="45.9064745" lon="6.7038514"><ele>590.6</ele></trkpt>
      <trkpt lat="45.9062318" lon="6.7036819"><ele>591.2</ele></trkpt>
      <trkpt lat="45.9059892" lon="6.7035124"><ele>591.7</ele></trkpt>
      <trkpt lat="45.9057670" lon="6.7034512"><ele>592.4</ele></trkpt>
      <trkpt lat="45.9056978" lon="6.7034563"><ele>593.1</ele></trkpt>
      <trkpt lat="45.9054284" lon="6.7034759"><ele>593.5</ele></trkpt>
      <trkpt lat="45.9053206" lon="6.7035835"><ele>593.9</ele></trkpt>
      <trkpt lat="45.9051421" lon="6.7037691"><ele>594.2</ele></trkpt>
      <trkpt lat="45.9051031" lon="6.7037464"><ele>594.5</ele></trkpt>
      <trkpt lat="45.9048531" lon="6.7036005"><ele>594.8</ele></trkpt>
      <trkpt lat="45.9047395" lon="6.7035722"><ele>595.0</ele></trkpt>
      <trkpt lat="45.9044737" lon="6.7035059"><ele>595.2</ele></trkpt>
      <trkpt lat="45.9044170" lon="6.7034961"><ele>595.1</ele></trkpt>
      <trkpt lat="45.9044061" lon="6.7034975"><ele>595.1</ele></trkpt>
      <trkpt lat="45.9041373" lon="6.7035309"><ele>595.2</ele></trkpt>
      <trkpt lat="45.9038685" lon="6.7035643"><ele>595.4</ele></trkpt>
      <trkpt lat="45.9036785" lon="6.7035358"><ele>595.5</ele></trkpt>
      <trkpt lat="45.9035993" lon="6.7035984"><ele>595.7</ele></trkpt>
      <trkpt lat="45.9033630" lon="6.7037855"><ele>596.0</ele></trkpt>
      <trkpt lat="45.9033597" lon="6.7037878"><ele>596.4</ele></trkpt>
      <trkpt lat="45.9031170" lon="6.7039573"><ele>596.7</ele></trkpt>
      <trkpt lat="45.9030498" lon="6.7040299"><ele>597.1</ele></trkpt>
      <trkpt lat="45.9028340" lon="6.7042626"><ele>597.4</ele></trkpt>
      <trkpt lat="45.9026182" lon="6.7044953"><ele>597.6</ele></trkpt>
      <trkpt lat="45.9024148" lon="6.7046966"><ele>597.9</ele></trkpt>
      <trkpt lat="45.9021926" lon="6.7049165"><ele>598.2</ele></trkpt>
      <trkpt lat="45.9019704" lon="6.7051364"><ele>598.5</ele></trkpt>
      <trkpt lat="45.9018382" lon="6.7053210"><ele>599.1</ele></trkpt>
      <trkpt lat="45.9016447" lon="6.7055912"><ele>599.6</ele></trkpt>
      <trkpt lat="45.9014512" lon="6.7058614"><ele>600.2</ele></trkpt>
      <trkpt lat="45.9014398" lon="6.7058879"><ele>601.2</ele></trkpt>
      <trkpt lat="45.9012984" lon="6.7062181"><ele>602.2</ele></trkpt>
      <trkpt lat="45.9012309" lon="6.7063286"><ele>603.5</ele></trkpt>
      <trkpt lat="45.9010529" lon="6.7066201"><ele>604.6</ele></trkpt>
      <trkpt lat="45.9008628" lon="6.7067788"><ele>605.6</ele></trkpt>
      <trkpt lat="45.9007259" lon="6.7068153"><ele>606.9</ele></trkpt>
      <trkpt lat="45.9004606" lon="6.7068861"><ele>607.9</ele></trkpt>
      <trkpt lat="45.9002957" lon="6.7068442"><ele>608.8</ele></trkpt>
      <trkpt lat="45.9000301" lon="6.7067766"><ele>609.6</ele></trkpt>
      <trkpt lat="45.8997908" lon="6.7067792"><ele>610.2</ele></trkpt>
      <trkpt lat="45.8996934" lon="6.7067542"><ele>610.8</ele></trkpt>
      <trkpt lat="45.8994278" lon="6.7066862"><ele>611.2</ele></trkpt>
      <trkpt lat="45.8991622" lon="6.7066182"><ele>611.8</ele></trkpt>
      <trkpt lat="45.8988966" lon="6.7065502"><ele>612.7</ele></trkpt>
      <trkpt lat="45.8986310" lon="6.7064822"><ele>613.4</ele></trkpt>
      <trkpt lat="45.8985809" lon="6.7064703"><ele>614.1</ele></trkpt>
      <trkpt lat="45.8983148" lon="6.7064069"><ele>614.6</ele></trkpt>
      <trkpt lat="45.8981515" lon="6.7064219"><ele>614.9</ele></trkpt>
      <trkpt lat="45.8980073" lon="6.7063736"><ele>615.2</ele></trkpt>
      <trkpt lat="45.8978994" lon="6.7063587"><ele>615.5</ele></trkpt>
      <trkpt lat="45.8978619" lon="6.7063419"><ele>615.9</ele></trkpt>
      <trkpt lat="45.8976043" lon="6.7062268"><ele>616.2</ele></trkpt>
      <trkpt lat="45.8975379" lon="6.7062249"><ele>616.6</ele></trkpt>
      <trkpt lat="45.8972682" lon="6.7062171"><ele>617.6</ele></trkpt>
      <trkpt lat="45.8972555" lon="6.7062210"><ele>618.8</ele></trkpt>
      <trkpt lat="45.8972471" lon="6.7062237"><ele>619.8</ele></trkpt>
      <trkpt lat="45.8969841" lon="6.7063098"><ele>620.6</ele></trkpt>
      <trkpt lat="45.8967210" lon="6.7063959"><ele>621.3</ele></trkpt>
      <trkpt lat="45.8966019" lon="6.7064165"><ele>622.1</ele></trkpt>
      <trkpt lat="45.8964918" lon="6.7063659"><ele>624.0</ele></trkpt>
      <trkpt lat="45.8962348" lon="6.7062478"><ele>626.3</ele></trkpt>
      <trkpt lat="45.8962234" lon="6.7062512"><ele>629.1</ele></trkpt>
      <trkpt lat="45.8959593" lon="6.7063302"><ele>632.5</ele></trkpt>
      <trkpt lat="45.8960353" lon="6.7064424"><ele>636.2</ele></trkpt>
      <trkpt lat="45.8959370" lon="6.7065338"><ele>642.0</ele></trkpt>
      <trkpt lat="45.8957106" lon="6.7067446"><ele>648.2</ele></trkpt>
      <trkpt lat="45.8956451" lon="6.7068981"><ele>656.5</ele></trkpt>
      <trkpt lat="45.8954442" lon="6.7071354"><ele>665.4</ele></trkpt>
      <trkpt lat="45.8955249" lon="6.7072856"><ele>674.0</ele></trkpt>
      <trkpt lat="45.8954224" lon="6.7073812"><ele>683.5</ele></trkpt>
      <trkpt lat="45.8956148" lon="6.7074924"><ele>692.2</ele></trkpt>
      <trkpt lat="45.8955425" lon="6.7076740"><ele>700.4</ele></trkpt>
      <trkpt lat="45.8954602" lon="6.7079105"><ele>709.0</ele></trkpt>
      <trkpt lat="45.8956258" lon="6.7079489"><ele>716.5</ele></trkpt>
      <trkpt lat="45.8956406" lon="6.7079746"><ele>724.3</ele></trkpt>
      <trkpt lat="45.8956537" lon="6.7080461"><ele>730.6</ele></trkpt>
      <trkpt lat="45.8957394" lon="6.7081802"><ele>736.6</ele></trkpt>
      <trkpt lat="45.8957361" lon="6.7083114"><ele>742.7</ele></trkpt>
      <trkpt lat="45.8956673" lon="6.7084160"><ele>747.5</ele></trkpt>
      <trkpt lat="45.8954819" lon="6.7086977"><ele>752.6</ele></trkpt>
      <trkpt lat="45.8953891" lon="6.7088939"><ele>758.4</ele></trkpt>
      <trkpt lat="45.8952374" lon="6.7092145"><ele>763.7</ele></trkpt>
      <trkpt lat="45.8951389" lon="6.7093412"><ele>768.4</ele></trkpt>
      <trkpt lat="45.8950944" lon="6.7094425"><ele>773.3</ele></trkpt>
      <trkpt lat="45.8949504" lon="6.7097703"><ele>778.2</ele></trkpt>
      <trkpt lat="45.8948197" lon="6.7099383"><ele>782.7</ele></trkpt>
      <trkpt lat="45.8947465" lon="6.7099921"><ele>786.6</ele></trkpt>
      <trkpt lat="45.8945062" lon="6.7101684"><ele>790.5</ele></trkpt>
      <trkpt lat="45.8945983" lon="6.7103595"><ele>794.4</ele></trkpt>
      <trkpt lat="45.8947673" lon="6.7103172"><ele>796.9</ele></trkpt>
      <trkpt lat="45.8945248" lon="6.7104392"><ele>798.8</ele></trkpt>
      <trkpt lat="45.8944351" lon="6.7106273"><ele>800.6</ele></trkpt>
      <trkpt lat="45.8943068" lon="6.7107923"><ele>802.1</ele></trkpt>
      <trkpt lat="45.8940500" lon="6.7108568"><ele>803.2</ele></trkpt>
      <trkpt lat="45.8939222" lon="6.7108573"><ele>804.1</ele></trkpt>
      <trkpt lat="45.8938666" lon="6.7108783"><ele>805.2</ele></trkpt>
      <trkpt lat="45.8936057" lon="6.7109771"><ele>805.8</ele></trkpt>
      <trkpt lat="45.8935648" lon="6.7110280"><ele>806.1</ele></trkpt>
      <trkpt lat="45.8934933" lon="6.7110739"><ele>806.3</ele></trkpt>
      <trkpt lat="45.8932470" lon="6.7112320"><ele>806.5</ele></trkpt>
      <trkpt lat="45.8931820" lon="6.7112366"><ele>806.7</ele></trkpt>
      <trkpt lat="45.8929126" lon="6.7112560"><ele>806.2</ele></trkpt>
      <trkpt lat="45.8926431" lon="6.7112754"><ele>805.1</ele></trkpt>
      <trkpt lat="45.8923737" lon="6.7112947"><ele>803.1</ele></trkpt>
      <trkpt lat="45.8923258" lon="6.7113586"><ele>801.7</ele></trkpt>
      <trkpt lat="45.8921667" lon="6.7112549"><ele>801.2</ele></trkpt>
      <trkpt lat="45.8919945" lon="6.7110883"><ele>801.1</ele></trkpt>
      <trkpt lat="45.8917708" lon="6.7108718"><ele>801.3</ele></trkpt>
      <trkpt lat="45.8919461" lon="6.7111646"><ele>801.6</ele></trkpt>
      <trkpt lat="45.8921220" lon="6.7114585"><ele>801.6</ele></trkpt>
      <trkpt lat="45.8922870" lon="6.7114797"><ele>801.6</ele></trkpt>
      <trkpt lat="45.8923609" lon="6.7114673"><ele>802.7</ele></trkpt>
      <trkpt lat="45.8923059" lon="6.7115178"><ele>804.7</ele></trkpt>
      <trkpt lat="45.8922283" lon="6.7115666"><ele>805.9</ele></trkpt>
      <trkpt lat="45.8919811" lon="6.7117220"><ele>806.2</ele></trkpt>
      <trkpt lat="45.8922201" lon="6.7115836"><ele>806.0</ele></trkpt>
      <trkpt lat="45.8923006" lon="6.7115048"><ele>805.1</ele></trkpt>
      <trkpt lat="45.8922251" lon="6.7116052"><ele>803.6</ele></trkpt>
      <trkpt lat="45.8922814" lon="6.7114979"><ele>801.6</ele></trkpt>
      <trkpt lat="45.8923206" lon="6.7113913"><ele>799.6</ele></trkpt>
      <trkpt lat="45.8924466" lon="6.7110485"><ele>796.5</ele></trkpt>
      <trkpt lat="45.8925726" lon="6.7107058"><ele>792.7</ele></trkpt>
      <trkpt lat="45.8926986" lon="6.7103630"><ele>788.2</ele></trkpt>
      <trkpt lat="45.8928246" lon="6.7100202"><ele>783.2</ele></trkpt>
      <trkpt lat="45.8929506" lon="6.7096774"><ele>777.8</ele></trkpt>
      <trkpt lat="45.8930766" lon="6.7093347"><ele>772.4</ele></trkpt>
      <trkpt lat="45.8932026" lon="6.7089919"><ele>767.0</ele></trkpt>
      <trkpt lat="45.8933285" lon="6.7086491"><ele>761.5</ele></trkpt>
      <trkpt lat="45.8934545" lon="6.7083063"><ele>756.1</ele></trkpt>
      <trkpt lat="45.8935805" lon="6.7079636"><ele>750.7</ele></trkpt>
      <trkpt lat="45.8937065" lon="6.7076208"><ele>746.0</ele></trkpt>
      <trkpt lat="45.8938325" lon="6.7072780"><ele>742.2</ele></trkpt>
      <trkpt lat="45.8939585" lon="6.7069352"><ele>739.4</ele></trkpt>
      <trkpt lat="45.8940845" lon="6.7065925"><ele>737.4</ele></trkpt>
      <trkpt lat="45.8953422" lon="6.7049885"><ele>736.4</ele></trkpt>
      <trkpt lat="45.8955699" lon="6.7047805"><ele>736.2</ele></trkpt>
      <trkpt lat="45.8957976" lon="6.7045726"><ele>737.0</ele></trkpt>
      <trkpt lat="45.8960253" lon="6.7043646"><ele>738.7</ele></trkpt>
      <trkpt lat="45.8962530" lon="6.7041567"><ele>741.3</ele></trkpt>
      <trkpt lat="45.8964807" lon="6.7039487"><ele>744.0</ele></trkpt>
      <trkpt lat="45.8967084" lon="6.7037408"><ele>746.6</ele></trkpt>
      <trkpt lat="45.8969361" lon="6.7035328"><ele>749.4</ele></trkpt>
      <trkpt lat="45.8971637" lon="6.7033249"><ele>752.4</ele></trkpt>
      <trkpt lat="45.8973914" lon="6.7031169"><ele>754.1</ele></trkpt>
      <trkpt lat="45.8973214" lon="6.7031202"><ele>754.3</ele></trkpt>
      <trkpt lat="45.8970517" lon="6.7031326"><ele>753.2</ele></trkpt>
      <trkpt lat="45.8967821" lon="6.7031450"><ele>750.9</ele></trkpt>
      <trkpt lat="45.8965613" lon="6.7033063"><ele>748.6</ele></trkpt>
      <trkpt lat="45.8963208" lon="6.7034820"><ele>746.4</ele></trkpt>
      <trkpt lat="45.8960803" lon="6.7036576"><ele>744.4</ele></trkpt>
      <trkpt lat="45.8957220" lon="6.7040704"><ele>742.3</ele></trkpt>
      <trkpt lat="45.8955653" lon="6.7043860"><ele>739.9</ele></trkpt>
      <trkpt lat="45.8954086" lon="6.7047015"><ele>738.9</ele></trkpt>
      <trkpt lat="45.8952519" lon="6.7050171"><ele>739.4</ele></trkpt>
      <trkpt lat="45.8950952" lon="6.7053326"><ele>741.3</ele></trkpt>
      <trkpt lat="45.8949385" lon="6.7056482"><ele>744.4</ele></trkpt>
      <trkpt lat="45.8947818" lon="6.7059637"><ele>747.6</ele></trkpt>
      <trkpt lat="45.8946251" lon="6.7062793"><ele>750.7</ele></trkpt>
      <trkpt lat="45.8944684" lon="6.7065949"><ele>753.8</ele></trkpt>
      <trkpt lat="45.8943117" lon="6.7069104"><ele>756.9</ele></trkpt>
      <trkpt lat="45.8941550" lon="6.7072260"><ele>760.1</ele></trkpt>
      <trkpt lat="45.8939983" lon="6.7075415"><ele>763.2</ele></trkpt>
      <trkpt lat="45.8938416" lon="6.7078571"><ele>766.3</ele></trkpt>
      <trkpt lat="45.8936849" lon="6.7081726"><ele>769.4</ele></trkpt>
      <trkpt lat="45.8935282" lon="6.7084882"><ele>772.5</ele></trkpt>
      <trkpt lat="45.8933715" lon="6.7088037"><ele>775.7</ele></trkpt>
      <trkpt lat="45.8932147" lon="6.7091193"><ele>778.8</ele></trkpt>
      <trkpt lat="45.8930580" lon="6.7094348"><ele>781.9</ele></trkpt>
      <trkpt lat="45.8929013" lon="6.7097504"><ele>785.0</ele></trkpt>
      <trkpt lat="45.8927446" lon="6.7100659"><ele>788.2</ele></trkpt>
      <trkpt lat="45.8925879" lon="6.7103815"><ele>791.0</ele></trkpt>
      <trkpt lat="45.8924312" lon="6.7106970"><ele>794.2</ele></trkpt>
      <trkpt lat="45.8922745" lon="6.7110126"><ele>797.2</ele></trkpt>
      <trkpt lat="45.8921178" lon="6.7113281"><ele>800.2</ele></trkpt>
      <trkpt lat="45.8921229" lon="6.7113743"><ele>802.8</ele></trkpt>
      <trkpt lat="45.8921648" lon="6.7117572"><ele>805.3</ele></trkpt>
      <trkpt lat="45.8921778" lon="6.7119101"><ele>807.5</ele></trkpt>
      <trkpt lat="45.8922107" lon="6.7122949"><ele>809.6</ele></trkpt>
      <trkpt lat="45.8922036" lon="6.7123373"><ele>811.5</ele></trkpt>
      <trkpt lat="45.8921399" lon="6.7127140"><ele>813.5</ele></trkpt>
      <trkpt lat="45.8921330" lon="6.7127352"><ele>814.9</ele></trkpt>
      <trkpt lat="45.8920198" lon="6.7130870"><ele>816.2</ele></trkpt>
      <trkpt lat="45.8919065" lon="6.7134388"><ele>817.2</ele></trkpt>
      <trkpt lat="45.8918567" lon="6.7134654"><ele>818.2</ele></trkpt>
      <trkpt lat="45.8917588" lon="6.7134210"><ele>819.1</ele></trkpt>
      <trkpt lat="45.8915016" lon="6.7133043"><ele>820.4</ele></trkpt>
      <trkpt lat="45.8914117" lon="6.7132273"><ele>821.4</ele></trkpt>
      <trkpt lat="45.8914002" lon="6.7132323"><ele>822.2</ele></trkpt>
      <trkpt lat="45.8913244" lon="6.7132759"><ele>823.2</ele></trkpt>
      <trkpt lat="45.8910739" lon="6.7134198"><ele>823.8</ele></trkpt>
      <trkpt lat="45.8909426" lon="6.7134731"><ele>824.3</ele></trkpt>
      <trkpt lat="45.8906830" lon="6.7135785"><ele>824.9</ele></trkpt>
      <trkpt lat="45.8904234" lon="6.7136840"><ele>825.7</ele></trkpt>
      <trkpt lat="45.8903404" lon="6.7135010"><ele>826.4</ele></trkpt>
      <trkpt lat="45.8902928" lon="6.7135279"><ele>827.0</ele></trkpt>
      <trkpt lat="45.8901773" lon="6.7136039"><ele>827.6</ele></trkpt>
      <trkpt lat="45.8899320" lon="6.7137653"><ele>828.2</ele></trkpt>
      <trkpt lat="45.8897859" lon="6.7137830"><ele>828.8</ele></trkpt>
      <trkpt lat="45.8895171" lon="6.7138156"><ele>829.7</ele></trkpt>
      <trkpt lat="45.8892482" lon="6.7138481"><ele>830.9</ele></trkpt>
      <trkpt lat="45.8889794" lon="6.7138807"><ele>832.1</ele></trkpt>
      <trkpt lat="45.8887106" lon="6.7139132"><ele>833.3</ele></trkpt>
      <trkpt lat="45.8885303" lon="6.7139948"><ele>834.6</ele></trkpt>
      <trkpt lat="45.8882730" lon="6.7141112"><ele>836.1</ele></trkpt>
      <trkpt lat="45.8882178" lon="6.7141316"><ele>837.4</ele></trkpt>
      <trkpt lat="45.8879565" lon="6.7142280"><ele>838.6</ele></trkpt>
      <trkpt lat="45.8876952" lon="6.7143244"><ele>840.4</ele></trkpt>
      <trkpt lat="45.8874339" lon="6.7144209"><ele>842.1</ele></trkpt>
      <trkpt lat="45.8871792" lon="6.7143907"><ele>844.4</ele></trkpt>
      <trkpt lat="45.8871716" lon="6.7144181"><ele>847.5</ele></trkpt>
      <trkpt lat="45.8870715" lon="6.7147780"><ele>850.5</ele></trkpt>
      <trkpt lat="45.8870718" lon="6.7148113"><ele>854.2</ele></trkpt>
      <trkpt lat="45.8870747" lon="6.7151988"><ele>857.7</ele></trkpt>
      <trkpt lat="45.8870777" lon="6.7155864"><ele>861.4</ele></trkpt>
      <trkpt lat="45.8870889" lon="6.7156699"><ele>865.7</ele></trkpt>
      <trkpt lat="45.8871400" lon="6.7160505"><ele>870.0</ele></trkpt>
      <trkpt lat="45.8871255" lon="6.7160486"><ele>875.0</ele></trkpt>
      <trkpt lat="45.8871424" lon="6.7160730"><ele>879.2</ele></trkpt>
      <trkpt lat="45.8873328" lon="6.7163475"><ele>883.5</ele></trkpt>
      <trkpt lat="45.8873982" lon="6.7166020"><ele>888.8</ele></trkpt>
      <trkpt lat="45.8875652" lon="6.7167770"><ele>893.9</ele></trkpt>
      <trkpt lat="45.8875835" lon="6.7167904"><ele>899.5</ele></trkpt>
      <trkpt lat="45.8878242" lon="6.7169656"><ele>905.6</ele></trkpt>
      <trkpt lat="45.8879100" lon="6.7172541"><ele>911.1</ele></trkpt>
      <trkpt lat="45.8879787" lon="6.7174339"><ele>917.1</ele></trkpt>
      <trkpt lat="45.8880497" lon="6.7175363"><ele>922.7</ele></trkpt>
      <trkpt lat="45.8880863" lon="6.7177120"><ele>929.5</ele></trkpt>
      <trkpt lat="45.8880905" lon="6.7177302"><ele>936.4</ele></trkpt>
      <trkpt lat="45.8881752" lon="6.7180982"><ele>943.7</ele></trkpt>
      <trkpt lat="45.8881903" lon="6.7181382"><ele>950.6</ele></trkpt>
      <trkpt lat="45.8883186" lon="6.7184792"><ele>957.7</ele></trkpt>
      <trkpt lat="45.8882979" lon="6.7187094"><ele>965.4</ele></trkpt>
      <trkpt lat="45.8882633" lon="6.7190938"><ele>973.2</ele></trkpt>
      <trkpt lat="45.8883077" lon="6.7191537"><ele>979.9</ele></trkpt>
      <trkpt lat="45.8883997" lon="6.7192842"><ele>988.3</ele></trkpt>
      <trkpt lat="45.8884361" lon="6.7195037"><ele>995.4</ele></trkpt>
      <trkpt lat="45.8884326" lon="6.7195382"><ele>1001.5</ele></trkpt>
      <trkpt lat="45.8884061" lon="6.7195974"><ele>1006.1</ele></trkpt>
      <trkpt lat="45.8882602" lon="6.7199234"><ele>1011.3</ele></trkpt>
      <trkpt lat="45.8881838" lon="6.7199250"><ele>1016.0</ele></trkpt>
      <trkpt lat="45.8879141" lon="6.7199305"><ele>1021.2</ele></trkpt>
      <trkpt lat="45.8878806" lon="6.7199489"><ele>1026.3</ele></trkpt>
      <trkpt lat="45.8876287" lon="6.7200876"><ele>1031.4</ele></trkpt>
      <trkpt lat="45.8876182" lon="6.7201013"><ele>1036.0</ele></trkpt>
      <trkpt lat="45.8874185" lon="6.7203619"><ele>1040.6</ele></trkpt>
      <trkpt lat="45.8875883" lon="6.7203893"><ele>1045.7</ele></trkpt>
      <trkpt lat="45.8876710" lon="6.7204623"><ele>1051.2</ele></trkpt>
      <trkpt lat="45.8879007" lon="6.7206655"><ele>1056.4</ele></trkpt>
      <trkpt lat="45.8878640" lon="6.7206716"><ele>1061.8</ele></trkpt>
      <trkpt lat="45.8875960" lon="6.7207161"><ele>1066.0</ele></trkpt>
      <trkpt lat="45.8873280" lon="6.7207607"><ele>1070.2</ele></trkpt>
      <trkpt lat="45.8871674" lon="6.7208452"><ele>1074.1</ele></trkpt>
      <trkpt lat="45.8870237" lon="6.7208715"><ele>1076.9</ele></trkpt>
      <trkpt lat="45.8867561" lon="6.7209204"><ele>1079.8</ele></trkpt>
      <trkpt lat="45.8867545" lon="6.7209204"><ele>1083.3</ele></trkpt>
      <trkpt lat="45.8864847" lon="6.7209262"><ele>1087.0</ele></trkpt>
      <trkpt lat="45.8862150" lon="6.7209319"><ele>1090.2</ele></trkpt>
      <trkpt lat="45.8859452" lon="6.7209377"><ele>1093.1</ele></trkpt>
      <trkpt lat="45.8858635" lon="6.7211096"><ele>1096.6</ele></trkpt>
      <trkpt lat="45.8860751" lon="6.7212321"><ele>1101.0</ele></trkpt>
      <trkpt lat="45.8860683" lon="6.7212537"><ele>1106.3</ele></trkpt>
      <trkpt lat="45.8860387" lon="6.7212708"><ele>1112.5</ele></trkpt>
      <trkpt lat="45.8857884" lon="6.7214156"><ele>1118.6</ele></trkpt>
      <trkpt lat="45.8855381" lon="6.7215603"><ele>1123.5</ele></trkpt>
      <trkpt lat="45.8852878" lon="6.7217050"><ele>1127.7</ele></trkpt>
      <trkpt lat="45.8850375" lon="6.7218497"><ele>1132.7</ele></trkpt>
      <trkpt lat="45.8849269" lon="6.7218554"><ele>1138.6</ele></trkpt>
      <trkpt lat="45.8848642" lon="6.7218619"><ele>1144.5</ele></trkpt>
      <trkpt lat="45.8845952" lon="6.7218902"><ele>1150.6</ele></trkpt>
      <trkpt lat="45.8844216" lon="6.7220454"><ele>1155.7</ele></trkpt>
      <trkpt lat="45.8841926" lon="6.7222503"><ele>1160.4</ele></trkpt>
      <trkpt lat="45.8839636" lon="6.7224552"><ele>1165.7</ele></trkpt>
      <trkpt lat="45.8837345" lon="6.7226600"><ele>1171.1</ele></trkpt>
      <trkpt lat="45.8837092" lon="6.7226799"><ele>1177.1</ele></trkpt>
      <trkpt lat="45.8834726" lon="6.7228660"><ele>1182.6</ele></trkpt>
      <trkpt lat="45.8832359" lon="6.7230521"><ele>1187.5</ele></trkpt>
      <trkpt lat="45.8832074" lon="6.7230816"><ele>1191.8</ele></trkpt>
      <trkpt lat="45.8829887" lon="6.7233086"><ele>1195.5</ele></trkpt>
      <trkpt lat="45.8828561" lon="6.7234030"><ele>1199.2</ele></trkpt>
      <trkpt lat="45.8826144" lon="6.7235751"><ele>1202.7</ele></trkpt>
      <trkpt lat="45.8823727" lon="6.7237473"><ele>1206.3</ele></trkpt>
      <trkpt lat="45.8821310" lon="6.7239194"><ele>1210.2</ele></trkpt>
      <trkpt lat="45.8821303" lon="6.7239201"><ele>1213.7</ele></trkpt>
      <trkpt lat="45.8819067" lon="6.7241371"><ele>1217.3</ele></trkpt>
      <trkpt lat="45.8816832" lon="6.7243542"><ele>1220.6</ele></trkpt>
      <trkpt lat="45.8814597" lon="6.7245712"><ele>1224.5</ele></trkpt>
      <trkpt lat="45.8813323" lon="6.7246834"><ele>1228.3</ele></trkpt>
      <trkpt lat="45.8811023" lon="6.7248861"><ele>1232.7</ele></trkpt>
      <trkpt lat="45.8810806" lon="6.7249163"><ele>1236.5</ele></trkpt>
      <trkpt lat="45.8808866" lon="6.7251856"><ele>1240.7</ele></trkpt>
      <trkpt lat="45.8807516" lon="6.7253174"><ele>1245.0</ele></trkpt>
      <trkpt lat="45.8805284" lon="6.7255353"><ele>1249.4</ele></trkpt>
      <trkpt lat="45.8805067" lon="6.7255647"><ele>1253.8</ele></trkpt>
      <trkpt lat="45.8803100" lon="6.7258300"><ele>1258.7</ele></trkpt>
      <trkpt lat="45.8804525" lon="6.7258631"><ele>1262.8</ele></trkpt>
      <trkpt lat="45.8805508" lon="6.7258357"><ele>1266.6</ele></trkpt>
      <trkpt lat="45.8808157" lon="6.7257619"><ele>1270.1</ele></trkpt>
      <trkpt lat="45.8810805" lon="6.7256880"><ele>1274.0</ele></trkpt>
      <trkpt lat="45.8811650" lon="6.7257179"><ele>1277.1</ele></trkpt>
      <trkpt lat="45.8811261" lon="6.7257432"><ele>1279.6</ele></trkpt>
      <trkpt lat="45.8808804" lon="6.7259032"><ele>1282.2</ele></trkpt>
      <trkpt lat="45.8807163" lon="6.7261016"><ele>1285.0</ele></trkpt>
      <trkpt lat="45.8805801" lon="6.7262139"><ele>1287.8</ele></trkpt>
      <trkpt lat="45.8803461" lon="6.7264068"><ele>1290.3</ele></trkpt>
      <trkpt lat="45.8802794" lon="6.7265375"><ele>1292.8</ele></trkpt>
      <trkpt lat="45.8801198" lon="6.7268500"><ele>1295.4</ele></trkpt>
      <trkpt lat="45.8799602" lon="6.7271624"><ele>1297.5</ele></trkpt>
      <trkpt lat="45.8798693" lon="6.7272691"><ele>1299.8</ele></trkpt>
      <trkpt lat="45.8798330" lon="6.7273206"><ele>1301.9</ele></trkpt>
      <trkpt lat="45.8796411" lon="6.7275931"><ele>1303.4</ele></trkpt>
      <trkpt lat="45.8795594" lon="6.7276745"><ele>1304.3</ele></trkpt>
      <trkpt lat="45.8793377" lon="6.7278955"><ele>1304.4</ele></trkpt>
      <trkpt lat="45.8791541" lon="6.7279486"><ele>1304.5</ele></trkpt>
      <trkpt lat="45.8788896" lon="6.7280251"><ele>1304.8</ele></trkpt>
      <trkpt lat="45.8788065" lon="6.7280600"><ele>1304.7</ele></trkpt>
      <trkpt lat="45.8785475" lon="6.7281688"><ele>1304.3</ele></trkpt>
      <trkpt lat="45.8783246" lon="6.7283664"><ele>1304.0</ele></trkpt>
      <trkpt lat="45.8780950" lon="6.7285700"><ele>1304.2</ele></trkpt>
      <trkpt lat="45.8778731" lon="6.7286495"><ele>1304.6</ele></trkpt>
      <trkpt lat="45.8776114" lon="6.7287433"><ele>1305.1</ele></trkpt>
      <trkpt lat="45.8774654" lon="6.7288835"><ele>1306.2</ele></trkpt>
      <trkpt lat="45.8772411" lon="6.7290990"><ele>1307.6</ele></trkpt>
      <trkpt lat="45.8771959" lon="6.7291353"><ele>1309.0</ele></trkpt>
      <trkpt lat="45.8769604" lon="6.7293244"><ele>1310.7</ele></trkpt>
      <trkpt lat="45.8768631" lon="6.7295181"><ele>1313.1</ele></trkpt>
      <trkpt lat="45.8767052" lon="6.7298324"><ele>1315.7</ele></trkpt>
      <trkpt lat="45.8765995" lon="6.7299671"><ele>1318.4</ele></trkpt>
      <trkpt lat="45.8765403" lon="6.7300771"><ele>1321.9</ele></trkpt>
      <trkpt lat="45.8763755" lon="6.7303838"><ele>1325.5</ele></trkpt>
      <trkpt lat="45.8762546" lon="6.7305735"><ele>1329.5</ele></trkpt>
      <trkpt lat="45.8760724" lon="6.7308594"><ele>1333.0</ele></trkpt>
      <trkpt lat="45.8759995" lon="6.7310680"><ele>1336.6</ele></trkpt>
      <trkpt lat="45.8759641" lon="6.7311142"><ele>1340.5</ele></trkpt>
      <trkpt lat="45.8757643" lon="6.7313747"><ele>1344.4</ele></trkpt>
      <trkpt lat="45.8757463" lon="6.7313896"><ele>1348.2</ele></trkpt>
      <trkpt lat="45.8755125" lon="6.7315831"><ele>1351.5</ele></trkpt>
      <trkpt lat="45.8753894" lon="6.7317097"><ele>1354.5</ele></trkpt>
      <trkpt lat="45.8751700" lon="6.7319352"><ele>1357.8</ele></trkpt>
      <trkpt lat="45.8751057" lon="6.7320409"><ele>1360.7</ele></trkpt>
      <trkpt lat="45.8750909" lon="6.7320544"><ele>1363.8</ele></trkpt>
      <trkpt lat="45.8748624" lon="6.7322606"><ele>1367.1</ele></trkpt>
      <trkpt lat="45.8747683" lon="6.7324262"><ele>1370.4</ele></trkpt>
      <trkpt lat="45.8746029" lon="6.7326453"><ele>1373.9</ele></trkpt>
      <trkpt lat="45.8744046" lon="6.7329080"><ele>1377.8</ele></trkpt>
      <trkpt lat="45.8743136" lon="6.7330877"><ele>1381.9</ele></trkpt>
      <trkpt lat="45.8743482" lon="6.7331804"><ele>1386.2</ele></trkpt>
      <trkpt lat="45.8744448" lon="6.7333640"><ele>1390.2</ele></trkpt>
      <trkpt lat="45.8744212" lon="6.7335454"><ele>1395.3</ele></trkpt>
      <trkpt lat="45.8742899" lon="6.7336628"><ele>1400.6</ele></trkpt>
      <trkpt lat="45.8740608" lon="6.7338674"><ele>1406.3</ele></trkpt>
      <trkpt lat="45.8740337" lon="6.7339197"><ele>1411.9</ele></trkpt>
      <trkpt lat="45.8738727" lon="6.7342307"><ele>1417.4</ele></trkpt>
      <trkpt lat="45.8736920" lon="6.7343484"><ele>1422.2</ele></trkpt>
      <trkpt lat="45.8734464" lon="6.7345086"><ele>1426.8</ele></trkpt>
      <trkpt lat="45.8733554" lon="6.7345948"><ele>1431.4</ele></trkpt>
      <trkpt lat="45.8731302" lon="6.7348083"><ele>1436.1</ele></trkpt>
      <trkpt lat="45.8731007" lon="6.7348158"><ele>1439.4</ele></trkpt>
      <trkpt lat="45.8728350" lon="6.7348836"><ele>1442.3</ele></trkpt>
      <trkpt lat="45.8728230" lon="6.7350457"><ele>1444.2</ele></trkpt>
      <trkpt lat="45.8727419" lon="6.7352217"><ele>1446.1</ele></trkpt>
      <trkpt lat="45.8726543" lon="6.7353007"><ele>1447.3</ele></trkpt>
      <trkpt lat="45.8724258" lon="6.7355067"><ele>1448.6</ele></trkpt>
      <trkpt lat="45.8722489" lon="6.7356840"><ele>1450.0</ele></trkpt>
      <trkpt lat="45.8721625" lon="6.7358589"><ele>1451.2</ele></trkpt>
      <trkpt lat="45.8721578" lon="6.7358642"><ele>1452.3</ele></trkpt>
      <trkpt lat="45.8719447" lon="6.7361017"><ele>1453.6</ele></trkpt>
      <trkpt lat="45.8717315" lon="6.7363393"><ele>1455.1</ele></trkpt>
      <trkpt lat="45.8716355" lon="6.7365568"><ele>1456.8</ele></trkpt>
      <trkpt lat="45.8715773" lon="6.7366581"><ele>1458.6</ele></trkpt>
      <trkpt lat="45.8715356" lon="6.7367906"><ele>1460.9</ele></trkpt>
      <trkpt lat="45.8714615" lon="6.7369083"><ele>1463.4</ele></trkpt>
      <trkpt lat="45.8714369" lon="6.7369301"><ele>1466.6</ele></trkpt>
      <trkpt lat="45.8712070" lon="6.7371329"><ele>1469.9</ele></trkpt>
      <trkpt lat="45.8709771" lon="6.7373357"><ele>1473.0</ele></trkpt>
      <trkpt lat="45.8708713" lon="6.7374500"><ele>1476.1</ele></trkpt>
      <trkpt lat="45.8706557" lon="6.7376830"><ele>1479.0</ele></trkpt>
      <trkpt lat="45.8704291" lon="6.7378349"><ele>1482.1</ele></trkpt>
      <trkpt lat="45.8703915" lon="6.7378503"><ele>1485.2</ele></trkpt>
      <trkpt lat="45.8701322" lon="6.7379570"><ele>1488.7</ele></trkpt>
      <trkpt lat="45.8701011" lon="6.7379925"><ele>1492.2</ele></trkpt>
      <trkpt lat="45.8698899" lon="6.7382336"><ele>1495.5</ele></trkpt>
      <trkpt lat="45.8698979" lon="6.7384036"><ele>1499.3</ele></trkpt>
      <trkpt lat="45.8699931" lon="6.7387182"><ele>1503.6</ele></trkpt>
      <trkpt lat="45.8699912" lon="6.7390089"><ele>1508.5</ele></trkpt>
      <trkpt lat="45.8700173" lon="6.7392107"><ele>1513.4</ele></trkpt>
      <trkpt lat="45.8700665" lon="6.7395917"><ele>1519.0</ele></trkpt>
      <trkpt lat="45.8700053" lon="6.7398590"><ele>1525.1</ele></trkpt>
      <trkpt lat="45.8699210" lon="6.7402271"><ele>1531.3</ele></trkpt>
      <trkpt lat="45.8699184" lon="6.7402416"><ele>1537.5</ele></trkpt>
      <trkpt lat="45.8698516" lon="6.7406170"><ele>1543.4</ele></trkpt>
      <trkpt lat="45.8697848" lon="6.7409925"><ele>1549.7</ele></trkpt>
      <trkpt lat="45.8699023" lon="6.7411680"><ele>1555.9</ele></trkpt>
      <trkpt lat="45.8699732" lon="6.7412968"><ele>1562.3</ele></trkpt>
      <trkpt lat="45.8699866" lon="6.7413650"><ele>1569.1</ele></trkpt>
      <trkpt lat="45.8700594" lon="6.7417381"><ele>1575.1</ele></trkpt>
      <trkpt lat="45.8700452" lon="6.7419085"><ele>1580.0</ele></trkpt>
      <trkpt lat="45.8700131" lon="6.7422932"><ele>1584.2</ele></trkpt>
      <trkpt lat="45.8700220" lon="6.7425215"><ele>1587.9</ele></trkpt>
      <trkpt lat="45.8701417" lon="6.7424596"><ele>1591.9</ele></trkpt>
      <trkpt lat="45.8702448" lon="6.7422549"><ele>1595.1</ele></trkpt>
      <trkpt lat="45.8703896" lon="6.7420726"><ele>1598.2</ele></trkpt>
      <trkpt lat="45.8703923" lon="6.7421346"><ele>1600.9</ele></trkpt>
      <trkpt lat="45.8704089" lon="6.7425214"><ele>1603.2</ele></trkpt>
      <trkpt lat="45.8704256" lon="6.7429081"><ele>1605.5</ele></trkpt>
      <trkpt lat="45.8704422" lon="6.7432949"><ele>1607.7</ele></trkpt>
      <trkpt lat="45.8704589" lon="6.7436816"><ele>1609.9</ele></trkpt>
      <trkpt lat="45.8703400" lon="6.7440009"><ele>1612.1</ele></trkpt>
      <trkpt lat="45.8702565" lon="6.7441271"><ele>1613.7</ele></trkpt>
      <trkpt lat="45.8700707" lon="6.7444080"><ele>1614.9</ele></trkpt>
      <trkpt lat="45.8699856" lon="6.7445644"><ele>1615.3</ele></trkpt>
      <trkpt lat="45.8699854" lon="6.7445652"><ele>1615.0</ele></trkpt>
      <trkpt lat="45.8698874" lon="6.7449263"><ele>1614.7</ele></trkpt>
      <trkpt lat="45.8697895" lon="6.7452873"><ele>1614.8</ele></trkpt>
      <trkpt lat="45.8697898" lon="6.7455582"><ele>1615.0</ele></trkpt>
      <trkpt lat="45.8698619" lon="6.7458017"><ele>1615.3</ele></trkpt>
      <trkpt lat="45.8699262" lon="6.7459033"><ele>1616.0</ele></trkpt>
      <trkpt lat="45.8701076" lon="6.7461901"><ele>1617.0</ele></trkpt>
      <trkpt lat="45.8702258" lon="6.7464338"><ele>1618.2</ele></trkpt>
      <trkpt lat="45.8703191" lon="6.7465835"><ele>1619.8</ele></trkpt>
      <trkpt lat="45.8704991" lon="6.7468721"><ele>1621.6</ele></trkpt>
      <trkpt lat="45.8706791" lon="6.7471607"><ele>1623.4</ele></trkpt>
      <trkpt lat="45.8708592" lon="6.7474493"><ele>1625.0</ele></trkpt>
      <trkpt lat="45.8709581" lon="6.7475434"><ele>1626.6</ele></trkpt>
      <trkpt lat="45.8711830" lon="6.7477574"><ele>1628.1</ele></trkpt>
      <trkpt lat="45.8714079" lon="6.7479714"><ele>1629.3</ele></trkpt>
      <trkpt lat="45.8716329" lon="6.7481853"><ele>1630.2</ele></trkpt>
      <trkpt lat="45.8718578" lon="6.7483993"><ele>1630.7</ele></trkpt>
      <trkpt lat="45.8719677" lon="6.7486098"><ele>1631.2</ele></trkpt>
      <trkpt lat="45.8721297" lon="6.7489197"><ele>1631.7</ele></trkpt>
      <trkpt lat="45.8721512" lon="6.7490143"><ele>1632.0</ele></trkpt>
      <trkpt lat="45.8722350" lon="6.7493826"><ele>1632.2</ele></trkpt>
      <trkpt lat="45.8723188" lon="6.7497510"><ele>1632.1</ele></trkpt>
      <trkpt lat="45.8724026" lon="6.7501193"><ele>1632.1</ele></trkpt>
      <trkpt lat="45.8724865" lon="6.7504876"><ele>1631.9</ele></trkpt>
      <trkpt lat="45.8725546" lon="6.7506984"><ele>1631.6</ele></trkpt>
      <trkpt lat="45.8726682" lon="6.7510499"><ele>1631.3</ele></trkpt>
      <trkpt lat="45.8726710" lon="6.7510542"><ele>1630.9</ele></trkpt>
      <trkpt lat="45.8728580" lon="6.7513336"><ele>1630.5</ele></trkpt>
      <trkpt lat="45.8730449" lon="6.7516130"><ele>1630.3</ele></trkpt>
      <trkpt lat="45.8731039" lon="6.7517092"><ele>1630.3</ele></trkpt>
      <trkpt lat="45.8732822" lon="6.7520000"><ele>1630.7</ele></trkpt>
      <trkpt lat="45.8732996" lon="6.7520203"><ele>1631.3</ele></trkpt>
      <trkpt lat="45.8735088" lon="6.7522651"><ele>1632.6</ele></trkpt>
      <trkpt lat="45.8737179" lon="6.7525098"><ele>1634.0</ele></trkpt>
      <trkpt lat="45.8739271" lon="6.7527546"><ele>1635.5</ele></trkpt>
      <trkpt lat="45.8740521" lon="6.7528352"><ele>1637.1</ele></trkpt>
      <trkpt lat="45.8742983" lon="6.7529939"><ele>1638.7</ele></trkpt>
      <trkpt lat="45.8743496" lon="6.7530662"><ele>1640.3</ele></trkpt>
      <trkpt lat="45.8745424" lon="6.7533374"><ele>1641.7</ele></trkpt>
      <trkpt lat="45.8747351" lon="6.7536085"><ele>1643.0</ele></trkpt>
      <trkpt lat="45.8749278" lon="6.7538797"><ele>1643.9</ele></trkpt>
      <trkpt lat="45.8751205" lon="6.7541509"><ele>1644.3</ele></trkpt>
      <trkpt lat="45.8753133" lon="6.7544221"><ele>1644.6</ele></trkpt>
      <trkpt lat="45.8755060" lon="6.7546933"><ele>1645.0</ele></trkpt>
      <trkpt lat="45.8756139" lon="6.7550175"><ele>1645.4</ele></trkpt>
      <trkpt lat="45.8756275" lon="6.7550458"><ele>1645.7</ele></trkpt>
      <trkpt lat="45.8757806" lon="6.7553649"><ele>1645.8</ele></trkpt>
      <trkpt lat="45.8759337" lon="6.7556840"><ele>1645.8</ele></trkpt>
      <trkpt lat="45.8760868" lon="6.7560031"><ele>1646.1</ele></trkpt>
      <trkpt lat="45.8761442" lon="6.7562421"><ele>1646.8</ele></trkpt>
      <trkpt lat="45.8762323" lon="6.7566084"><ele>1647.4</ele></trkpt>
      <trkpt lat="45.8762560" lon="6.7566913"><ele>1648.0</ele></trkpt>
      <trkpt lat="45.8763584" lon="6.7570498"><ele>1648.6</ele></trkpt>
      <trkpt lat="45.8764596" lon="6.7574209"><ele>1649.2</ele></trkpt>
      <trkpt lat="45.8764606" lon="6.7574335"><ele>1649.9</ele></trkpt>
      <trkpt lat="45.8764901" lon="6.7578186"><ele>1650.7</ele></trkpt>
      <trkpt lat="45.8765196" lon="6.7582036"><ele>1651.4</ele></trkpt>
      <trkpt lat="45.8765667" lon="6.7584749"><ele>1652.0</ele></trkpt>
      <trkpt lat="45.8766317" lon="6.7588502"><ele>1652.4</ele></trkpt>
      <trkpt lat="45.8766964" lon="6.7592250"><ele>1652.9</ele></trkpt>
      <trkpt lat="45.8767040" lon="6.7593241"><ele>1653.3</ele></trkpt>
      <trkpt lat="45.8767333" lon="6.7597072"><ele>1653.6</ele></trkpt>
      <trkpt lat="45.8767635" lon="6.7600913"><ele>1653.9</ele></trkpt>
      <trkpt lat="45.8767947" lon="6.7604769"><ele>1654.1</ele></trkpt>
      <trkpt lat="45.8767945" lon="6.7605015"><ele>1654.3</ele></trkpt>
      <trkpt lat="45.8767923" lon="6.7608844"><ele>1654.6</ele></trkpt>
      <trkpt lat="45.8767908" lon="6.7608916"><ele>1654.7</ele></trkpt>
      <trkpt lat="45.8768153" lon="6.7611252"><ele>1654.9</ele></trkpt>
      <trkpt lat="45.8767993" lon="6.7610041"><ele>1655.1</ele></trkpt>
      <trkpt lat="45.8767834" lon="6.7611863"><ele>1655.2</ele></trkpt>
      <trkpt lat="45.8767864" lon="6.7612440"><ele>1655.4</ele></trkpt>
      <trkpt lat="45.8768083" lon="6.7616242"><ele>1655.5</ele></trkpt>
      <trkpt lat="45.8768307" lon="6.7620102"><ele>1656.2</ele></trkpt>
      <trkpt lat="45.8767914" lon="6.7619335"><ele>1657.5</ele></trkpt>
      <trkpt lat="45.8767385" lon="6.7618840"><ele>1659.1</ele></trkpt>
      <trkpt lat="45.8766460" lon="6.7618840"><ele>1661.3</ele></trkpt>
      <trkpt lat="45.8766416" lon="6.7621428"><ele>1663.9</ele></trkpt>
      <trkpt lat="45.8766289" lon="6.7625225"><ele>1666.6</ele></trkpt>
      <trkpt lat="45.8766076" lon="6.7627467"><ele>1670.0</ele></trkpt>
      <trkpt lat="45.8765683" lon="6.7631307"><ele>1673.9</ele></trkpt>
      <trkpt lat="45.8764576" lon="6.7633701"><ele>1678.6</ele></trkpt>
      <trkpt lat="45.8764148" lon="6.7635110"><ele>1683.1</ele></trkpt>
      <trkpt lat="45.8763087" lon="6.7638866"><ele>1686.9</ele></trkpt>
      <trkpt lat="45.8762081" lon="6.7641716"><ele>1691.3</ele></trkpt>
      <trkpt lat="45.8760861" lon="6.7645185"><ele>1695.4</ele></trkpt>
      <trkpt lat="45.8760415" lon="6.7646208"><ele>1699.9</ele></trkpt>
      <trkpt lat="45.8760175" lon="6.7646840"><ele>1704.5</ele></trkpt>
      <trkpt lat="45.8758981" lon="6.7650163"><ele>1708.5</ele></trkpt>
      <trkpt lat="45.8758937" lon="6.7651585"><ele>1712.9</ele></trkpt>
      <trkpt lat="45.8758952" lon="6.7655565"><ele>1717.1</ele></trkpt>
      <trkpt lat="45.8758710" lon="6.7656905"><ele>1721.8</ele></trkpt>
      <trkpt lat="45.8758681" lon="6.7657472"><ele>1726.7</ele></trkpt>
      <trkpt lat="45.8758371" lon="6.7661332"><ele>1731.2</ele></trkpt>
      <trkpt lat="45.8757801" lon="6.7665046"><ele>1735.8</ele></trkpt>
      <trkpt lat="45.8757273" lon="6.7668814"><ele>1739.9</ele></trkpt>
      <trkpt lat="45.8755933" lon="6.7671760"><ele>1744.1</ele></trkpt>
      <trkpt lat="45.8754461" lon="6.7675009"><ele>1748.3</ele></trkpt>
      <trkpt lat="45.8752926" lon="6.7678447"><ele>1752.0</ele></trkpt>
      <trkpt lat="45.8751454" lon="6.7681692"><ele>1755.2</ele></trkpt>
      <trkpt lat="45.8749982" lon="6.7684937"><ele>1758.2</ele></trkpt>
      <trkpt lat="45.8749002" lon="6.7686697"><ele>1761.1</ele></trkpt>
      <trkpt lat="45.8747350" lon="6.7689774"><ele>1763.6</ele></trkpt>
      <trkpt lat="45.8746640" lon="6.7691555"><ele>1766.0</ele></trkpt>
      <trkpt lat="45.8745266" lon="6.7694889"><ele>1768.2</ele></trkpt>
      <trkpt lat="45.8743892" lon="6.7698224"><ele>1770.2</ele></trkpt>
      <trkpt lat="45.8743546" lon="6.7698645"><ele>1772.2</ele></trkpt>
      <trkpt lat="45.8741555" lon="6.7700979"><ele>1773.9</ele></trkpt>
      <trkpt lat="45.8739445" lon="6.7703526"><ele>1775.3</ele></trkpt>
      <trkpt lat="45.8737339" lon="6.7706076"><ele>1776.3</ele></trkpt>
      <trkpt lat="45.8735655" lon="6.7708656"><ele>1776.8</ele></trkpt>
      <trkpt lat="45.8734566" lon="6.7711108"><ele>1777.0</ele></trkpt>
      <trkpt lat="45.8734105" lon="6.7714025"><ele>1776.7</ele></trkpt>
      <trkpt lat="45.8735010" lon="6.7716886"><ele>1776.0</ele></trkpt>
      <trkpt lat="45.8735365" lon="6.7718842"><ele>1774.8</ele></trkpt>
      <trkpt lat="45.8736079" lon="6.7722566"><ele>1773.7</ele></trkpt>
      <trkpt lat="45.8736750" lon="6.7726311"><ele>1772.6</ele></trkpt>
      <trkpt lat="45.8736551" lon="6.7728951"><ele>1771.6</ele></trkpt>
      <trkpt lat="45.8736193" lon="6.7732519"><ele>1770.8</ele></trkpt>
      <trkpt lat="45.8736585" lon="6.7734825"><ele>1770.2</ele></trkpt>
      <trkpt lat="45.8736246" lon="6.7738611"><ele>1769.8</ele></trkpt>
      <trkpt lat="45.8735891" lon="6.7742323"><ele>1769.8</ele></trkpt>
      <trkpt lat="45.8735387" lon="6.7745324"><ele>1769.8</ele></trkpt>
      <trkpt lat="45.8734781" lon="6.7749088"><ele>1770.2</ele></trkpt>
      <trkpt lat="45.8734198" lon="6.7752703"><ele>1770.6</ele></trkpt>
      <trkpt lat="45.8734077" lon="6.7754416"><ele>1771.0</ele></trkpt>
      <trkpt lat="45.8734015" lon="6.7754869"><ele>1771.5</ele></trkpt>
      <trkpt lat="45.8733657" lon="6.7758697"><ele>1772.1</ele></trkpt>
      <trkpt lat="45.8733502" lon="6.7759531"><ele>1772.8</ele></trkpt>
      <trkpt lat="45.8732760" lon="6.7763192"><ele>1773.5</ele></trkpt>
      <trkpt lat="45.8732045" lon="6.7766881"><ele>1774.5</ele></trkpt>
      <trkpt lat="45.8731758" lon="6.7769367"><ele>1775.9</ele></trkpt>
      <trkpt lat="45.8731404" lon="6.7773117"><ele>1777.3</ele></trkpt>
      <trkpt lat="45.8731316" lon="6.7773565"><ele>1779.1</ele></trkpt>
      <trkpt lat="45.8730716" lon="6.7777366"><ele>1781.2</ele></trkpt>
      <trkpt lat="45.8730090" lon="6.7780976"><ele>1783.3</ele></trkpt>
      <trkpt lat="45.8729467" lon="6.7784830"><ele>1786.2</ele></trkpt>
      <trkpt lat="45.8728817" lon="6.7788534"><ele>1789.6</ele></trkpt>
      <trkpt lat="45.8728160" lon="6.7792280"><ele>1792.9</ele></trkpt>
      <trkpt lat="45.8727444" lon="6.7796055"><ele>1796.9</ele></trkpt>
      <trkpt lat="45.8727485" lon="6.7798759"><ele>1801.6</ele></trkpt>
      <trkpt lat="45.8727578" lon="6.7802623"><ele>1806.4</ele></trkpt>
      <trkpt lat="45.8727664" lon="6.7803294"><ele>1811.5</ele></trkpt>
      <trkpt lat="45.8728122" lon="6.7807111"><ele>1816.8</ele></trkpt>
      <trkpt lat="45.8728605" lon="6.7810929"><ele>1822.8</ele></trkpt>
      <trkpt lat="45.8728355" lon="6.7813318"><ele>1828.6</ele></trkpt>
      <trkpt lat="45.8727940" lon="6.7817306"><ele>1834.4</ele></trkpt>
      <trkpt lat="45.8727715" lon="6.7819138"><ele>1840.2</ele></trkpt>
      <trkpt lat="45.8727233" lon="6.7823099"><ele>1846.0</ele></trkpt>
      <trkpt lat="45.8726514" lon="6.7825126"><ele>1851.8</ele></trkpt>
      <trkpt lat="45.8725138" lon="6.7828419"><ele>1858.0</ele></trkpt>
      <trkpt lat="45.8725122" lon="6.7828444"><ele>1864.0</ele></trkpt>
      <trkpt lat="45.8723215" lon="6.7831221"><ele>1869.9</ele></trkpt>
      <trkpt lat="45.8721358" lon="6.7834000"><ele>1875.3</ele></trkpt>
      <trkpt lat="45.8719418" lon="6.7836719"><ele>1880.8</ele></trkpt>
      <trkpt lat="45.8717198" lon="6.7838845"><ele>1885.9</ele></trkpt>
      <trkpt lat="45.8715062" lon="6.7840920"><ele>1891.7</ele></trkpt>
      <trkpt lat="45.8713909" lon="6.7842412"><ele>1897.4</ele></trkpt>
      <trkpt lat="45.8711908" lon="6.7845027"><ele>1903.1</ele></trkpt>
      <trkpt lat="45.8709896" lon="6.7847699"><ele>1908.1</ele></trkpt>
      <trkpt lat="45.8708775" lon="6.7849802"><ele>1912.8</ele></trkpt>
      <trkpt lat="45.8707821" lon="6.7852662"><ele>1917.9</ele></trkpt>
      <trkpt lat="45.8706143" lon="6.7855086"><ele>1922.6</ele></trkpt>
      <trkpt lat="45.8705115" lon="6.7856877"><ele>1927.7</ele></trkpt>
      <trkpt lat="45.8705034" lon="6.7857147"><ele>1932.5</ele></trkpt>
      <trkpt lat="45.8704006" lon="6.7860936"><ele>1937.5</ele></trkpt>
      <trkpt lat="45.8703689" lon="6.7861867"><ele>1941.6</ele></trkpt>
      <trkpt lat="45.8702549" lon="6.7865393"><ele>1945.5</ele></trkpt>
      <trkpt lat="45.8701247" lon="6.7867486"><ele>1949.1</ele></trkpt>
      <trkpt lat="45.8700073" lon="6.7868666"><ele>1953.7</ele></trkpt>
      <trkpt lat="45.8700040" lon="6.7868703"><ele>1958.4</ele></trkpt>
      <trkpt lat="45.8697973" lon="6.7871522"><ele>1963.9</ele></trkpt>
      <trkpt lat="45.8697950" lon="6.7871587"><ele>1968.8</ele></trkpt>
      <trkpt lat="45.8696776" lon="6.7874886"><ele>1974.0</ele></trkpt>
      <trkpt lat="45.8695646" lon="6.7878476"><ele>1978.6</ele></trkpt>
      <trkpt lat="45.8694566" lon="6.7881850"><ele>1983.9</ele></trkpt>
      <trkpt lat="45.8693156" lon="6.7884018"><ele>1989.4</ele></trkpt>
      <trkpt lat="45.8691200" lon="6.7886940"><ele>1995.5</ele></trkpt>
      <trkpt lat="45.8690615" lon="6.7888345"><ele>2001.3</ele></trkpt>
      <trkpt lat="45.8689254" lon="6.7891676"><ele>2006.8</ele></trkpt>
      <trkpt lat="45.8687884" lon="6.7895018"><ele>2011.8</ele></trkpt>
      <trkpt lat="45.8686514" lon="6.7898360"><ele>2017.0</ele></trkpt>
      <trkpt lat="45.8685948" lon="6.7901774"><ele>2022.4</ele></trkpt>
      <trkpt lat="45.8685345" lon="6.7905367"><ele>2027.8</ele></trkpt>
      <trkpt lat="45.8685035" lon="6.7906681"><ele>2033.4</ele></trkpt>
      <trkpt lat="45.8684213" lon="6.7910348"><ele>2038.2</ele></trkpt>
      <trkpt lat="45.8683384" lon="6.7914042"><ele>2042.7</ele></trkpt>
      <trkpt lat="45.8682627" lon="6.7915943"><ele>2046.8</ele></trkpt>
      <trkpt lat="45.8681080" lon="6.7919065"><ele>2050.6</ele></trkpt>
      <trkpt lat="45.8681052" lon="6.7919123"><ele>2054.5</ele></trkpt>
      <trkpt lat="45.8679581" lon="6.7922462"><ele>2058.2</ele></trkpt>
      <trkpt lat="45.8678094" lon="6.7925870"><ele>2060.9</ele></trkpt>
      <trkpt lat="45.8676744" lon="6.7928987"><ele>2063.5</ele></trkpt>
      <trkpt lat="45.8675322" lon="6.7932223"><ele>2065.5</ele></trkpt>
      <trkpt lat="45.8673983" lon="6.7935452"><ele>2067.1</ele></trkpt>
      <trkpt lat="45.8673855" lon="6.7938553"><ele>2068.7</ele></trkpt>
      <trkpt lat="45.8674207" lon="6.7940343"><ele>2069.8</ele></trkpt>
      <trkpt lat="45.8674849" lon="6.7944173"><ele>2070.7</ele></trkpt>
      <trkpt lat="45.8675682" lon="6.7947891"><ele>2071.2</ele></trkpt>
      <trkpt lat="45.8675857" lon="6.7951597"><ele>2071.4</ele></trkpt>
      <trkpt lat="45.8676018" lon="6.7951855"><ele>2072.1</ele></trkpt>
      <trkpt lat="45.8677624" lon="6.7954771"><ele>2072.9</ele></trkpt>
      <trkpt lat="45.8678856" lon="6.7956980"><ele>2074.3</ele></trkpt>
      <trkpt lat="45.8679265" lon="6.7957921"><ele>2077.0</ele></trkpt>
      <trkpt lat="45.8680571" lon="6.7961371"><ele>2080.7</ele></trkpt>
      <trkpt lat="45.8680725" lon="6.7963488"><ele>2084.7</ele></trkpt>
      <trkpt lat="45.8680910" lon="6.7967359"><ele>2089.6</ele></trkpt>
      <trkpt lat="45.8680068" lon="6.7970200"><ele>2095.3</ele></trkpt>
      <trkpt lat="45.8678509" lon="6.7973955"><ele>2101.7</ele></trkpt>
      <trkpt lat="45.8677944" lon="6.7974396"><ele>2108.5</ele></trkpt>
      <trkpt lat="45.8675518" lon="6.7976109"><ele>2116.0</ele></trkpt>
      <trkpt lat="45.8673026" lon="6.7977838"><ele>2123.9</ele></trkpt>
      <trkpt lat="45.8670686" lon="6.7979419"><ele>2131.4</ele></trkpt>
      <trkpt lat="45.8668044" lon="6.7981012"><ele>2138.7</ele></trkpt>
      <trkpt lat="45.8665804" lon="6.7981196"><ele>2146.4</ele></trkpt>
      <trkpt lat="45.8663200" lon="6.7981223"><ele>2153.8</ele></trkpt>
      <trkpt lat="45.8661253" lon="6.7980024"><ele>2161.1</ele></trkpt>
      <trkpt lat="45.8658537" lon="6.7978726"><ele>2167.6</ele></trkpt>
      <trkpt lat="45.8655939" lon="6.7977462"><ele>2174.4</ele></trkpt>
      <trkpt lat="45.8654299" lon="6.7976699"><ele>2181.0</ele></trkpt>
      <trkpt lat="45.8651714" lon="6.7975657"><ele>2186.5</ele></trkpt>
      <trkpt lat="45.8651549" lon="6.7975442"><ele>2192.3</ele></trkpt>
      <trkpt lat="45.8649223" lon="6.7973610"><ele>2197.7</ele></trkpt>
      <trkpt lat="45.8646986" lon="6.7971643"><ele>2202.7</ele></trkpt>
      <trkpt lat="45.8646405" lon="6.7971212"><ele>2208.2</ele></trkpt>
      <trkpt lat="45.8643911" lon="6.7969943"><ele>2213.5</ele></trkpt>
      <trkpt lat="45.8641318" lon="6.7968709"><ele>2219.1</ele></trkpt>
      <trkpt lat="45.8640344" lon="6.7968833"><ele>2224.6</ele></trkpt>
      <trkpt lat="45.8637600" lon="6.7969227"><ele>2229.7</ele></trkpt>
      <trkpt lat="45.8634857" lon="6.7969575"><ele>2235.7</ele></trkpt>
      <trkpt lat="45.8633956" lon="6.7969973"><ele>2242.3</ele></trkpt>
      <trkpt lat="45.8631626" lon="6.7971203"><ele>2248.8</ele></trkpt>
      <trkpt lat="45.8628840" lon="6.7972457"><ele>2255.7</ele></trkpt>
      <trkpt lat="45.8626204" lon="6.7973937"><ele>2261.7</ele></trkpt>
      <trkpt lat="45.8624511" lon="6.7976071"><ele>2268.2</ele></trkpt>
      <trkpt lat="45.8622053" lon="6.7977038"><ele>2274.1</ele></trkpt>
      <trkpt lat="45.8619722" lon="6.7977559"><ele>2279.4</ele></trkpt>
      <trkpt lat="45.8619684" lon="6.7977579"><ele>2284.9</ele></trkpt>
      <trkpt lat="45.8617051" lon="6.7978522"><ele>2290.1</ele></trkpt>
      <trkpt lat="45.8616061" lon="6.7978498"><ele>2294.7</ele></trkpt>
      <trkpt lat="45.8615788" lon="6.7978474"><ele>2299.1</ele></trkpt>
      <trkpt lat="45.8613267" lon="6.7978557"><ele>2304.3</ele></trkpt>
      <trkpt lat="45.8610403" lon="6.7978694"><ele>2309.7</ele></trkpt>
      <trkpt lat="45.8609398" lon="6.7978956"><ele>2315.0</ele></trkpt>
      <trkpt lat="45.8608723" lon="6.7979256"><ele>2320.7</ele></trkpt>
      <trkpt lat="45.8606332" lon="6.7980679"><ele>2326.4</ele></trkpt>
      <trkpt lat="45.8605373" lon="6.7981121"><ele>2332.0</ele></trkpt>
      <trkpt lat="45.8602719" lon="6.7982504"><ele>2337.1</ele></trkpt>
      <trkpt lat="45.8601613" lon="6.7982500"><ele>2344.2</ele></trkpt>
      <trkpt lat="45.8601364" lon="6.7982515"><ele>2353.8</ele></trkpt>
      <trkpt lat="45.8598728" lon="6.7982326"><ele>2364.5</ele></trkpt>
      <trkpt lat="45.8598647" lon="6.7982423"><ele>2374.5</ele></trkpt>
      <trkpt lat="45.8596554" lon="6.7984792"><ele>2380.4</ele></trkpt>
      <trkpt lat="45.8594595" lon="6.7987566"><ele>2383.6</ele></trkpt>
      <trkpt lat="45.8592693" lon="6.7990408"><ele>2386.0</ele></trkpt>
      <trkpt lat="45.8592427" lon="6.7989772"><ele>2388.9</ele></trkpt>
      <trkpt lat="45.8590964" lon="6.7985874"><ele>2391.4</ele></trkpt>
      <trkpt lat="45.8589836" lon="6.7982945"><ele>2391.0</ele></trkpt>
      <trkpt lat="45.8589769" lon="6.7981874"><ele>2387.5</ele></trkpt>
      <trkpt lat="45.8589335" lon="6.7983839"><ele>2381.4</ele></trkpt>
      <trkpt lat="45.8589588" lon="6.7983223"><ele>2375.4</ele></trkpt>
      <trkpt lat="45.8589575" lon="6.7982873"><ele>2372.5</ele></trkpt>
      <trkpt lat="45.8589207" lon="6.7982330"><ele>2372.1</ele></trkpt>
      <trkpt lat="45.8588688" lon="6.7982343"><ele>2373.0</ele></trkpt>
      <trkpt lat="45.8587330" lon="6.7982253"><ele>2373.3</ele></trkpt>
      <trkpt lat="45.8587325" lon="6.7982291"><ele>2374.8</ele></trkpt>
      <trkpt lat="45.8586941" lon="6.7982861"><ele>2376.5</ele></trkpt>
      <trkpt lat="45.8587349" lon="6.7983889"><ele>2379.2</ele></trkpt>
      <trkpt lat="45.8587461" lon="6.7984804"><ele>2382.9</ele></trkpt>
      <trkpt lat="45.8587523" lon="6.7986091"><ele>2387.8</ele></trkpt>
      <trkpt lat="45.8587293" lon="6.7987497"><ele>2393.3</ele></trkpt>
      <trkpt lat="45.8587112" lon="6.7989268"><ele>2400.2</ele></trkpt>
      <trkpt lat="45.8587550" lon="6.7991378"><ele>2407.7</ele></trkpt>
      <trkpt lat="45.8588152" lon="6.7992081"><ele>2414.9</ele></trkpt>
      <trkpt lat="45.8588428" lon="6.7993081"><ele>2421.5</ele></trkpt>
      <trkpt lat="45.8588592" lon="6.7997106"><ele>2428.7</ele></trkpt>
      <trkpt lat="45.8588121" lon="6.7999040"><ele>2435.3</ele></trkpt>
      <trkpt lat="45.8588271" lon="6.7999388"><ele>2441.2</ele></trkpt>
      <trkpt lat="45.8587915" lon="6.8001497"><ele>2446.3</ele></trkpt>
      <trkpt lat="45.8588014" lon="6.8002211"><ele>2451.2</ele></trkpt>
      <trkpt lat="45.8589129" lon="6.8003556"><ele>2455.8</ele></trkpt>
      <trkpt lat="45.8589411" lon="6.8004007"><ele>2460.0</ele></trkpt>
      <trkpt lat="45.8589439" lon="6.8004087"><ele>2464.5</ele></trkpt>
      <trkpt lat="45.8589522" lon="6.8004414"><ele>2469.6</ele></trkpt>
      <trkpt lat="45.8589861" lon="6.8008434"><ele>2474.4</ele></trkpt>
      <trkpt lat="45.8589898" lon="6.8010280"><ele>2479.5</ele></trkpt>
      <trkpt lat="45.8590843" lon="6.8012299"><ele>2484.0</ele></trkpt>
      <trkpt lat="45.8592011" lon="6.8014997"><ele>2489.9</ele></trkpt>
      <trkpt lat="45.8592789" lon="6.8016356"><ele>2496.8</ele></trkpt>
      <trkpt lat="45.8593789" lon="6.8018685"><ele>2502.9</ele></trkpt>
      <trkpt lat="45.8593822" lon="6.8018760"><ele>2509.3</ele></trkpt>
      <trkpt lat="45.8594624" lon="6.8022517"><ele>2515.2</ele></trkpt>
      <trkpt lat="45.8595440" lon="6.8026307"><ele>2521.6</ele></trkpt>
      <trkpt lat="45.8596068" lon="6.8029095"><ele>2528.6</ele></trkpt>
      <trkpt lat="45.8596216" lon="6.8030635"><ele>2535.1</ele></trkpt>
      <trkpt lat="45.8596321" lon="6.8031704"><ele>2542.7</ele></trkpt>
      <trkpt lat="45.8597092" lon="6.8035422"><ele>2549.3</ele></trkpt>
      <trkpt lat="45.8597941" lon="6.8038995"><ele>2554.7</ele></trkpt>
      <trkpt lat="45.8598144" lon="6.8039415"><ele>2559.8</ele></trkpt>
      <trkpt lat="45.8599683" lon="6.8042836"><ele>2565.4</ele></trkpt>
      <trkpt lat="45.8601380" lon="6.8043731"><ele>2571.0</ele></trkpt>
      <trkpt lat="45.8601594" lon="6.8043921"><ele>2576.0</ele></trkpt>
      <trkpt lat="45.8603414" lon="6.8046445"><ele>2580.0</ele></trkpt>
      <trkpt lat="45.8603893" lon="6.8048917"><ele>2584.9</ele></trkpt>
      <trkpt lat="45.8604401" lon="6.8050382"><ele>2590.0</ele></trkpt>
      <trkpt lat="45.8605761" lon="6.8053597"><ele>2595.6</ele></trkpt>
      <trkpt lat="45.8605761" lon="6.8053625"><ele>2601.9</ele></trkpt>
      <trkpt lat="45.8606487" lon="6.8057264"><ele>2608.8</ele></trkpt>
      <trkpt lat="45.8607843" lon="6.8060075"><ele>2615.0</ele></trkpt>
      <trkpt lat="45.8609364" lon="6.8063161"><ele>2622.0</ele></trkpt>
      <trkpt lat="45.8610288" lon="6.8066296"><ele>2628.9</ele></trkpt>
      <trkpt lat="45.8611213" lon="6.8068183"><ele>2636.1</ele></trkpt>
      <trkpt lat="45.8612269" lon="6.8069904"><ele>2644.3</ele></trkpt>
      <trkpt lat="45.8613478" lon="6.8070963"><ele>2652.0</ele></trkpt>
      <trkpt lat="45.8614835" lon="6.8071897"><ele>2659.9</ele></trkpt>
      <trkpt lat="45.8615279" lon="6.8072890"><ele>2667.9</ele></trkpt>
      <trkpt lat="45.8616518" lon="6.8076357"><ele>2676.1</ele></trkpt>
      <trkpt lat="45.8618209" lon="6.8078586"><ele>2685.1</ele></trkpt>
      <trkpt lat="45.8620091" lon="6.8080179"><ele>2693.0</ele></trkpt>
      <trkpt lat="45.8621678" lon="6.8080951"><ele>2701.1</ele></trkpt>
      <trkpt lat="45.8624049" lon="6.8081375"><ele>2710.7</ele></trkpt>
      <trkpt lat="45.8624523" lon="6.8081260"><ele>2718.6</ele></trkpt>
      <trkpt lat="45.8626507" lon="6.8082710"><ele>2725.9</ele></trkpt>
      <trkpt lat="45.8627926" lon="6.8084353"><ele>2732.0</ele></trkpt>
      <trkpt lat="45.8629508" lon="6.8087056"><ele>2738.3</ele></trkpt>
      <trkpt lat="45.8629610" lon="6.8087576"><ele>2743.6</ele></trkpt>
      <trkpt lat="45.8629536" lon="6.8088181"><ele>2747.6</ele></trkpt>
      <trkpt lat="45.8628867" lon="6.8091421"><ele>2753.4</ele></trkpt>
      <trkpt lat="45.8627675" lon="6.8095145"><ele>2757.8</ele></trkpt>
      <trkpt lat="45.8627658" lon="6.8095162"><ele>2759.9</ele></trkpt>
      <trkpt lat="45.8625688" lon="6.8097836"><ele>2762.5</ele></trkpt>
      <trkpt lat="45.8624958" lon="6.8099220"><ele>2764.7</ele></trkpt>
      <trkpt lat="45.8623357" lon="6.8102668"><ele>2767.0</ele></trkpt>
      <trkpt lat="45.8622783" lon="6.8104837"><ele>2768.7</ele></trkpt>
      <trkpt lat="45.8621624" lon="6.8106799"><ele>2770.8</ele></trkpt>
      <trkpt lat="45.8620208" lon="6.8108933"><ele>2773.6</ele></trkpt>
      <trkpt lat="45.8619380" lon="6.8109598"><ele>2775.8</ele></trkpt>
      <trkpt lat="45.8618046" lon="6.8110751"><ele>2778.4</ele></trkpt>
      <trkpt lat="45.8616727" lon="6.8110943"><ele>2781.9</ele></trkpt>
      <trkpt lat="45.8615566" lon="6.8111756"><ele>2785.2</ele></trkpt>
      <trkpt lat="45.8614704" lon="6.8112767"><ele>2789.1</ele></trkpt>
      <trkpt lat="45.8613656" lon="6.8113637"><ele>2792.8</ele></trkpt>
      <trkpt lat="45.8612409" lon="6.8114429"><ele>2797.1</ele></trkpt>
      <trkpt lat="45.8611237" lon="6.8115111"><ele>2800.9</ele></trkpt>
      <trkpt lat="45.8610510" lon="6.8116119"><ele>2804.6</ele></trkpt>
      <trkpt lat="45.8610039" lon="6.8116843"><ele>2808.0</ele></trkpt>
      <trkpt lat="45.8608436" lon="6.8119603"><ele>2812.3</ele></trkpt>
      <trkpt lat="45.8608297" lon="6.8119828"><ele>2816.5</ele></trkpt>
      <trkpt lat="45.8606459" lon="6.8122493"><ele>2821.7</ele></trkpt>
      <trkpt lat="45.8604564" lon="6.8125255"><ele>2826.9</ele></trkpt>
      <trkpt lat="45.8603707" lon="6.8127705"><ele>2832.4</ele></trkpt>
      <trkpt lat="45.8602500" lon="6.8129865"><ele>2838.4</ele></trkpt>
      <trkpt lat="45.8600634" lon="6.8132640"><ele>2844.7</ele></trkpt>
      <trkpt lat="45.8600241" lon="6.8133409"><ele>2850.6</ele></trkpt>
      <trkpt lat="45.8599672" lon="6.8134360"><ele>2855.8</ele></trkpt>
      <trkpt lat="45.8598168" lon="6.8137526"><ele>2861.5</ele></trkpt>
      <trkpt lat="45.8597575" lon="6.8137868"><ele>2867.1</ele></trkpt>
      <trkpt lat="45.8596484" lon="6.8137465"><ele>2871.6</ele></trkpt>
      <trkpt lat="45.8595575" lon="6.8137128"><ele>2876.2</ele></trkpt>
      <trkpt lat="45.8594515" lon="6.8137986"><ele>2880.4</ele></trkpt>
      <trkpt lat="45.8594297" lon="6.8138526"><ele>2883.4</ele></trkpt>
      <trkpt lat="45.8594143" lon="6.8138845"><ele>2888.6</ele></trkpt>
      <trkpt lat="45.8593831" lon="6.8139658"><ele>2894.4</ele></trkpt>
      <trkpt lat="45.8593702" lon="6.8140139"><ele>2900.0</ele></trkpt>
      <trkpt lat="45.8593625" lon="6.8140313"><ele>2906.6</ele></trkpt>
      <trkpt lat="45.8591834" lon="6.8143256"><ele>2914.1</ele></trkpt>
      <trkpt lat="45.8591203" lon="6.8143744"><ele>2920.4</ele></trkpt>
      <trkpt lat="45.8590816" lon="6.8144521"><ele>2926.8</ele></trkpt>
      <trkpt lat="45.8589086" lon="6.8147582"><ele>2933.3</ele></trkpt>
      <trkpt lat="45.8588707" lon="6.8149977"><ele>2940.4</ele></trkpt>
      <trkpt lat="45.8589058" lon="6.8147671"><ele>2946.7</ele></trkpt>
      <trkpt lat="45.8588514" lon="6.8148171"><ele>2953.2</ele></trkpt>
      <trkpt lat="45.8588417" lon="6.8148610"><ele>2961.8</ele></trkpt>
      <trkpt lat="45.8587775" lon="6.8150338"><ele>2969.0</ele></trkpt>
      <trkpt lat="45.8586500" lon="6.8153901"><ele>2975.3</ele></trkpt>
      <trkpt lat="45.8585754" lon="6.8155326"><ele>2982.9</ele></trkpt>
      <trkpt lat="45.8583752" lon="6.8158068"><ele>2990.7</ele></trkpt>
      <trkpt lat="45.8583694" lon="6.8158405"><ele>2998.8</ele></trkpt>
      <trkpt lat="45.8583563" lon="6.8158954"><ele>3006.7</ele></trkpt>
      <trkpt lat="45.8583346" lon="6.8159220"><ele>3012.9</ele></trkpt>
      <trkpt lat="45.8581758" lon="6.8160034"><ele>3018.7</ele></trkpt>
      <trkpt lat="45.8580660" lon="6.8159941"><ele>3023.8</ele></trkpt>
      <trkpt lat="45.8581535" lon="6.8161827"><ele>3030.2</ele></trkpt>
      <trkpt lat="45.8581495" lon="6.8161875"><ele>3037.0</ele></trkpt>
      <trkpt lat="45.8580965" lon="6.8162333"><ele>3044.1</ele></trkpt>
      <trkpt lat="45.8578842" lon="6.8164269"><ele>3051.0</ele></trkpt>
      <trkpt lat="45.8578051" lon="6.8166959"><ele>3059.5</ele></trkpt>
      <trkpt lat="45.8577355" lon="6.8168805"><ele>3067.5</ele></trkpt>
      <trkpt lat="45.8577079" lon="6.8169933"><ele>3076.5</ele></trkpt>
      <trkpt lat="45.8576991" lon="6.8170253"><ele>3085.9</ele></trkpt>
      <trkpt lat="45.8575274" lon="6.8173559"><ele>3096.2</ele></trkpt>
      <trkpt lat="45.8575162" lon="6.8173716"><ele>3101.8</ele></trkpt>
      <trkpt lat="45.8574599" lon="6.8174688"><ele>3106.8</ele></trkpt>
      <trkpt lat="45.8573979" lon="6.8175506"><ele>3112.1</ele></trkpt>
      <trkpt lat="45.8573323" lon="6.8177266"><ele>3117.5</ele></trkpt>
      <trkpt lat="45.8572992" lon="6.8178616"><ele>3122.2</ele></trkpt>
      <trkpt lat="45.8572985" lon="6.8178637"><ele>3127.3</ele></trkpt>
      <trkpt lat="45.8571750" lon="6.8181920"><ele>3132.5</ele></trkpt>
      <trkpt lat="45.8571448" lon="6.8182656"><ele>3137.7</ele></trkpt>
      <trkpt lat="45.8570419" lon="6.8185488"><ele>3140.3</ele></trkpt>
      <trkpt lat="45.8570042" lon="6.8187004"><ele>3146.5</ele></trkpt>
      <trkpt lat="45.8569456" lon="6.8190437"><ele>3153.2</ele></trkpt>
      <trkpt lat="45.8568686" lon="6.8192263"><ele>3158.8</ele></trkpt>
      <trkpt lat="45.8568457" lon="6.8192661"><ele>3164.2</ele></trkpt>
      <trkpt lat="45.8566892" lon="6.8195918"><ele>3169.0</ele></trkpt>
      <trkpt lat="45.8566241" lon="6.8197721"><ele>3173.3</ele></trkpt>
      <trkpt lat="45.8566155" lon="6.8197885"><ele>3176.9</ele></trkpt>
      <trkpt lat="45.8565306" lon="6.8199274"><ele>3180.0</ele></trkpt>
      <trkpt lat="45.8563388" lon="6.8202798"><ele>3183.5</ele></trkpt>
      <trkpt lat="45.8562020" lon="6.8204503"><ele>3186.7</ele></trkpt>
      <trkpt lat="45.8560652" lon="6.8207663"><ele>3190.5</ele></trkpt>
      <trkpt lat="45.8559910" lon="6.8209250"><ele>3194.9</ele></trkpt>
      <trkpt lat="45.8558866" lon="6.8211550"><ele>3199.5</ele></trkpt>
      <trkpt lat="45.8557609" lon="6.8214624"><ele>3203.9</ele></trkpt>
      <trkpt lat="45.8556227" lon="6.8217884"><ele>3208.2</ele></trkpt>
      <trkpt lat="45.8555072" lon="6.8220194"><ele>3213.8</ele></trkpt>
      <trkpt lat="45.8553658" lon="6.8221352"><ele>3220.0</ele></trkpt>
      <trkpt lat="45.8553536" lon="6.8222430"><ele>3226.8</ele></trkpt>
      <trkpt lat="45.8553547" lon="6.8222511"><ele>3233.9</ele></trkpt>
      <trkpt lat="45.8553812" lon="6.8225696"><ele>3240.3</ele></trkpt>
      <trkpt lat="45.8553191" lon="6.8226946"><ele>3247.6</ele></trkpt>
      <trkpt lat="45.8553193" lon="6.8228560"><ele>3255.0</ele></trkpt>
      <trkpt lat="45.8552180" lon="6.8229404"><ele>3263.1</ele></trkpt>
      <trkpt lat="45.8551784" lon="6.8230007"><ele>3272.3</ele></trkpt>
      <trkpt lat="45.8550823" lon="6.8231977"><ele>3281.0</ele></trkpt>
      <trkpt lat="45.8548860" lon="6.8233519"><ele>3288.9</ele></trkpt>
      <trkpt lat="45.8548545" lon="6.8235365"><ele>3296.0</ele></trkpt>
      <trkpt lat="45.8547621" lon="6.8237743"><ele>3302.8</ele></trkpt>
      <trkpt lat="45.8547074" lon="6.8240027"><ele>3311.1</ele></trkpt>
      <trkpt lat="45.8547028" lon="6.8240146"><ele>3318.5</ele></trkpt>
      <trkpt lat="45.8546679" lon="6.8240857"><ele>3326.2</ele></trkpt>
      <trkpt lat="45.8546273" lon="6.8241440"><ele>3334.2</ele></trkpt>
      <trkpt lat="45.8544170" lon="6.8243152"><ele>3343.6</ele></trkpt>
      <trkpt lat="45.8542110" lon="6.8243162"><ele>3352.8</ele></trkpt>
      <trkpt lat="45.8541367" lon="6.8243383"><ele>3363.6</ele></trkpt>
      <trkpt lat="45.8539469" lon="6.8244008"><ele>3374.7</ele></trkpt>
      <trkpt lat="45.8538432" lon="6.8247566"><ele>3386.3</ele></trkpt>
      <trkpt lat="45.8538133" lon="6.8249595"><ele>3398.3</ele></trkpt>
      <trkpt lat="45.8538211" lon="6.8251809"><ele>3409.6</ele></trkpt>
      <trkpt lat="45.8538939" lon="6.8252879"><ele>3421.4</ele></trkpt>
      <trkpt lat="45.8539033" lon="6.8254673"><ele>3432.0</ele></trkpt>
      <trkpt lat="45.8539323" lon="6.8256893"><ele>3440.4</ele></trkpt>
      <trkpt lat="45.8539337" lon="6.8257248"><ele>3448.7</ele></trkpt>
      <trkpt lat="45.8539241" lon="6.8258656"><ele>3455.5</ele></trkpt>
      <trkpt lat="45.8539228" lon="6.8259231"><ele>3463.1</ele></trkpt>
      <trkpt lat="45.8539240" lon="6.8259664"><ele>3470.0</ele></trkpt>
      <trkpt lat="45.8539331" lon="6.8261610"><ele>3475.4</ele></trkpt>
      <trkpt lat="45.8539328" lon="6.8261760"><ele>3482.1</ele></trkpt>
      <trkpt lat="45.8539076" lon="6.8263021"><ele>3487.7</ele></trkpt>
      <trkpt lat="45.8539038" lon="6.8263598"><ele>3494.7</ele></trkpt>
      <trkpt lat="45.8539100" lon="6.8265278"><ele>3501.4</ele></trkpt>
      <trkpt lat="45.8538860" lon="6.8266980"><ele>3507.3</ele></trkpt>
      <trkpt lat="45.8538818" lon="6.8267211"><ele>3513.8</ele></trkpt>
      <trkpt lat="45.8538979" lon="6.8269258"><ele>3519.0</ele></trkpt>
      <trkpt lat="45.8538937" lon="6.8269212"><ele>3527.6</ele></trkpt>
      <trkpt lat="45.8538897" lon="6.8269962"><ele>3536.1</ele></trkpt>
      <trkpt lat="45.8538816" lon="6.8270327"><ele>3543.5</ele></trkpt>
      <trkpt lat="45.8538802" lon="6.8271201"><ele>3551.2</ele></trkpt>
      <trkpt lat="45.8538710" lon="6.8275167"><ele>3557.6</ele></trkpt>
      <trkpt lat="45.8537984" lon="6.8275203"><ele>3564.4</ele></trkpt>
      <trkpt lat="45.8538117" lon="6.8275628"><ele>3571.3</ele></trkpt>
      <trkpt lat="45.8538099" lon="6.8276032"><ele>3578.3</ele></trkpt>
      <trkpt lat="45.8538169" lon="6.8276381"><ele>3586.5</ele></trkpt>
      <trkpt lat="45.8538172" lon="6.8277101"><ele>3592.4</ele></trkpt>
      <trkpt lat="45.8538053" lon="6.8277533"><ele>3598.0</ele></trkpt>
      <trkpt lat="45.8537898" lon="6.8278640"><ele>3604.6</ele></trkpt>
      <trkpt lat="45.8537654" lon="6.8279866"><ele>3611.7</ele></trkpt>
      <trkpt lat="45.8536868" lon="6.8280923"><ele>3619.1</ele></trkpt>
      <trkpt lat="45.8536821" lon="6.8281220"><ele>3628.4</ele></trkpt>
      <trkpt lat="45.8536425" lon="6.8282840"><ele>3638.5</ele></trkpt>
      <trkpt lat="45.8536263" lon="6.8284439"><ele>3648.0</ele></trkpt>
      <trkpt lat="45.8536326" lon="6.8285008"><ele>3656.4</ele></trkpt>
      <trkpt lat="45.8535925" lon="6.8287501"><ele>3664.9</ele></trkpt>
      <trkpt lat="45.8535165" lon="6.8288461"><ele>3674.8</ele></trkpt>
      <trkpt lat="45.8535280" lon="6.8288987"><ele>3683.2</ele></trkpt>
      <trkpt lat="45.8534873" lon="6.8289543"><ele>3691.5</ele></trkpt>
      <trkpt lat="45.8534426" lon="6.8290132"><ele>3700.2</ele></trkpt>
      <trkpt lat="45.8533687" lon="6.8291582"><ele>3707.3</ele></trkpt>
      <trkpt lat="45.8533674" lon="6.8291568"><ele>3713.9</ele></trkpt>
      <trkpt lat="45.8533866" lon="6.8292831"><ele>3720.7</ele></trkpt>
      <trkpt lat="45.8533898" lon="6.8293886"><ele>3731.3</ele></trkpt>
      <trkpt lat="45.8533691" lon="6.8294712"><ele>3741.0</ele></trkpt>
      <trkpt lat="45.8533489" lon="6.8295128"><ele>3748.8</ele></trkpt>
      <trkpt lat="45.8533415" lon="6.8295482"><ele>3752.5</ele></trkpt>
      <trkpt lat="45.8532546" lon="6.8299155"><ele>3752.3</ele></trkpt>
      <trkpt lat="45.8532255" lon="6.8299574"><ele>3748.6</ele></trkpt>
      <trkpt lat="45.8532294" lon="6.8299514"><ele>3747.6</ele></trkpt>
      <trkpt lat="45.8533179" lon="6.8295866"><ele>3749.2</ele></trkpt>
      <trkpt lat="45.8534238" lon="6.8292142"><ele>3751.6</ele></trkpt>
      <trkpt lat="45.8534998" lon="6.8289988"><ele>3753.3</ele></trkpt>
      <trkpt lat="45.8533955" lon="6.8293768"><ele>3755.3</ele></trkpt>
      <trkpt lat="45.8532935" lon="6.8297306"><ele>3758.8</ele></trkpt>
      <trkpt lat="45.8532849" lon="6.8298028"><ele>3766.6</ele></trkpt>
      <trkpt lat="45.8532866" lon="6.8301891"><ele>3777.9</ele></trkpt>
      <trkpt lat="45.8532278" lon="6.8303420"><ele>3791.4</ele></trkpt>
      <trkpt lat="45.8530610" lon="6.8305943"><ele>3802.0</ele></trkpt>
      <trkpt lat="45.8528266" lon="6.8307074"><ele>3809.4</ele></trkpt>
      <trkpt lat="45.8525728" lon="6.8308129"><ele>3816.1</ele></trkpt>
      <trkpt lat="45.8523134" lon="6.8309260"><ele>3819.8</ele></trkpt>
      <trkpt lat="45.8520554" lon="6.8309924"><ele>3823.4</ele></trkpt>
      <trkpt lat="45.8520527" lon="6.8309936"><ele>3825.7</ele></trkpt>
      <trkpt lat="45.8517948" lon="6.8310228"><ele>3828.1</ele></trkpt>
      <trkpt lat="45.8515129" lon="6.8310865"><ele>3830.6</ele></trkpt>
      <trkpt lat="45.8512545" lon="6.8311616"><ele>3833.6</ele></trkpt>
      <trkpt lat="45.8509950" lon="6.8312259"><ele>3836.0</ele></trkpt>
      <trkpt lat="45.8507269" lon="6.8312899"><ele>3837.8</ele></trkpt>
      <trkpt lat="45.8506809" lon="6.8313036"><ele>3839.1</ele></trkpt>
      <trkpt lat="45.8504125" lon="6.8314019"><ele>3840.1</ele></trkpt>
      <trkpt lat="45.8503391" lon="6.8314603"><ele>3840.4</ele></trkpt>
      <trkpt lat="45.8501008" lon="6.8316738"><ele>3841.0</ele></trkpt>
      <trkpt lat="45.8499229" lon="6.8317492"><ele>3841.3</ele></trkpt>
      <trkpt lat="45.8496650" lon="6.8318293"><ele>3841.2</ele></trkpt>
      <trkpt lat="45.8494010" lon="6.8319165"><ele>3840.7</ele></trkpt>
      <trkpt lat="45.8493161" lon="6.8319651"><ele>3840.4</ele></trkpt>
      <trkpt lat="45.8492382" lon="6.8320596"><ele>3840.5</ele></trkpt>
      <trkpt lat="45.8490621" lon="6.8323661"><ele>3841.0</ele></trkpt>
      <trkpt lat="45.8489514" lon="6.8324804"><ele>3841.8</ele></trkpt>
      <trkpt lat="45.8487312" lon="6.8326566"><ele>3843.2</ele></trkpt>
      <trkpt lat="45.8486362" lon="6.8326681"><ele>3844.2</ele></trkpt>
      <trkpt lat="45.8485827" lon="6.8327691"><ele>3845.7</ele></trkpt>
      <trkpt lat="45.8483783" lon="6.8330860"><ele>3848.7</ele></trkpt>
      <trkpt lat="45.8482304" lon="6.8334343"><ele>3852.5</ele></trkpt>
      <trkpt lat="45.8482255" lon="6.8334473"><ele>3857.5</ele></trkpt>
      <trkpt lat="45.8480765" lon="6.8337644"><ele>3864.3</ele></trkpt>
      <trkpt lat="45.8480202" lon="6.8340531"><ele>3871.9</ele></trkpt>
      <trkpt lat="45.8479601" lon="6.8342855"><ele>3879.9</ele></trkpt>
      <trkpt lat="45.8478702" lon="6.8344723"><ele>3888.0</ele></trkpt>
      <trkpt lat="45.8477217" lon="6.8348003"><ele>3896.7</ele></trkpt>
      <trkpt lat="45.8476441" lon="6.8349605"><ele>3905.4</ele></trkpt>
      <trkpt lat="45.8476054" lon="6.8351505"><ele>3913.7</ele></trkpt>
      <trkpt lat="45.8473924" lon="6.8352274"><ele>3921.5</ele></trkpt>
      <trkpt lat="45.8473578" lon="6.8353486"><ele>3928.7</ele></trkpt>
      <trkpt lat="45.8473279" lon="6.8354623"><ele>3934.3</ele></trkpt>
      <trkpt lat="45.8472230" lon="6.8356474"><ele>3940.3</ele></trkpt>
      <trkpt lat="45.8472122" lon="6.8357121"><ele>3945.4</ele></trkpt>
      <trkpt lat="45.8471387" lon="6.8358892"><ele>3950.9</ele></trkpt>
      <trkpt lat="45.8470974" lon="6.8359376"><ele>3955.8</ele></trkpt>
      <trkpt lat="45.8469227" lon="6.8362500"><ele>3960.2</ele></trkpt>
      <trkpt lat="45.8469062" lon="6.8362749"><ele>3964.7</ele></trkpt>
      <trkpt lat="45.8466801" lon="6.8364983"><ele>3969.6</ele></trkpt>
      <trkpt lat="45.8466771" lon="6.8364977"><ele>3975.1</ele></trkpt>
      <trkpt lat="45.8466761" lon="6.8364977"><ele>3981.5</ele></trkpt>
      <trkpt lat="45.8465316" lon="6.8368346"><ele>3986.6</ele></trkpt>
      <trkpt lat="45.8464043" lon="6.8370322"><ele>3993.1</ele></trkpt>
      <trkpt lat="45.8462345" lon="6.8373005"><ele>3997.5</ele></trkpt>
      <trkpt lat="45.8462234" lon="6.8374647"><ele>4004.4</ele></trkpt>
      <trkpt lat="45.8462225" lon="6.8374656"><ele>4012.2</ele></trkpt>
      <trkpt lat="45.8460064" lon="6.8377224"><ele>4019.8</ele></trkpt>
      <trkpt lat="45.8458464" lon="6.8378773"><ele>4026.8</ele></trkpt>
      <trkpt lat="45.8456959" lon="6.8380682"><ele>4033.4</ele></trkpt>
      <trkpt lat="45.8454849" lon="6.8383420"><ele>4040.1</ele></trkpt>
      <trkpt lat="45.8455297" lon="6.8384525"><ele>4047.4</ele></trkpt>
      <trkpt lat="45.8455351" lon="6.8384732"><ele>4054.4</ele></trkpt>
      <trkpt lat="45.8455575" lon="6.8387609"><ele>4063.0</ele></trkpt>
      <trkpt lat="45.8454239" lon="6.8389026"><ele>4069.9</ele></trkpt>
      <trkpt lat="45.8452693" lon="6.8391038"><ele>4076.4</ele></trkpt>
      <trkpt lat="45.8451035" lon="6.8392006"><ele>4083.0</ele></trkpt>
      <trkpt lat="45.8450157" lon="6.8392636"><ele>4090.9</ele></trkpt>
      <trkpt lat="45.8449657" lon="6.8394146"><ele>4097.6</ele></trkpt>
      <trkpt lat="45.8448097" lon="6.8395536"><ele>4104.4</ele></trkpt>
      <trkpt lat="45.8447234" lon="6.8397528"><ele>4111.6</ele></trkpt>
      <trkpt lat="45.8445399" lon="6.8399610"><ele>4118.5</ele></trkpt>
      <trkpt lat="45.8445789" lon="6.8400334"><ele>4125.7</ele></trkpt>
      <trkpt lat="45.8446040" lon="6.8401740"><ele>4133.4</ele></trkpt>
      <trkpt lat="45.8445523" lon="6.8402862"><ele>4140.7</ele></trkpt>
      <trkpt lat="45.8444231" lon="6.8405755"><ele>4148.4</ele></trkpt>
      <trkpt lat="45.8444980" lon="6.8407102"><ele>4155.6</ele></trkpt>
      <trkpt lat="45.8446616" lon="6.8410253"><ele>4162.9</ele></trkpt>
      <trkpt lat="45.8446728" lon="6.8410578"><ele>4169.0</ele></trkpt>
      <trkpt lat="45.8447770" lon="6.8414279"><ele>4174.4</ele></trkpt>
      <trkpt lat="45.8448153" lon="6.8416860"><ele>4179.3</ele></trkpt>
      <trkpt lat="45.8448138" lon="6.8416891"><ele>4183.6</ele></trkpt>
      <trkpt lat="45.8447902" lon="6.8416832"><ele>4186.8</ele></trkpt>
      <trkpt lat="45.8447230" lon="6.8417588"><ele>4191.2</ele></trkpt>
      <trkpt lat="45.8446805" lon="6.8418188"><ele>4194.5</ele></trkpt>
      <trkpt lat="45.8445334" lon="6.8419601"><ele>4198.5</ele></trkpt>
      <trkpt lat="45.8445633" lon="6.8420501"><ele>4202.7</ele></trkpt>
      <trkpt lat="45.8446447" lon="6.8423905"><ele>4206.9</ele></trkpt>
      <trkpt lat="45.8446489" lon="6.8424117"><ele>4210.8</ele></trkpt>
      <trkpt lat="45.8446255" lon="6.8427927"><ele>4215.2</ele></trkpt>
      <trkpt lat="45.8446153" lon="6.8429012"><ele>4221.5</ele></trkpt>
      <trkpt lat="45.8446021" lon="6.8429579"><ele>4227.8</ele></trkpt>
      <trkpt lat="45.8445995" lon="6.8429686"><ele>4233.1</ele></trkpt>
      <trkpt lat="45.8445870" lon="6.8433338"><ele>4238.3</ele></trkpt>
      <trkpt lat="45.8445868" lon="6.8437397"><ele>4242.6</ele></trkpt>
      <trkpt lat="45.8445944" lon="6.8439133"><ele>4246.8</ele></trkpt>
      <trkpt lat="45.8446053" lon="6.8440463"><ele>4251.2</ele></trkpt>
      <trkpt lat="45.8445990" lon="6.8440720"><ele>4255.5</ele></trkpt>
      <trkpt lat="45.8445001" lon="6.8443757"><ele>4258.9</ele></trkpt>
      <trkpt lat="45.8444087" lon="6.8444511"><ele>4260.0</ele></trkpt>
      <trkpt lat="45.8443426" lon="6.8445265"><ele>4261.5</ele></trkpt>
      <trkpt lat="45.8442595" lon="6.8445328"><ele>4262.8</ele></trkpt>
      <trkpt lat="45.8442220" lon="6.8445598"><ele>4263.4</ele></trkpt>
      <trkpt lat="45.8441278" lon="6.8445919"><ele>4263.3</ele></trkpt>
      <trkpt lat="45.8440125" lon="6.8446472"><ele>4262.8</ele></trkpt>
      <trkpt lat="45.8440106" lon="6.8446484"><ele>4261.8</ele></trkpt>
      <trkpt lat="45.8437631" lon="6.8448304"><ele>4260.9</ele></trkpt>
      <trkpt lat="45.8436727" lon="6.8448917"><ele>4260.1</ele></trkpt>
      <trkpt lat="45.8434258" lon="6.8450339"><ele>4259.4</ele></trkpt>
      <trkpt lat="45.8432456" lon="6.8451792"><ele>4257.8</ele></trkpt>
      <trkpt lat="45.8432285" lon="6.8451931"><ele>4255.5</ele></trkpt>
      <trkpt lat="45.8429895" lon="6.8453735"><ele>4253.1</ele></trkpt>
      <trkpt lat="45.8427504" lon="6.8455617"><ele>4250.6</ele></trkpt>
      <trkpt lat="45.8425172" lon="6.8457594"><ele>4247.7</ele></trkpt>
      <trkpt lat="45.8422935" lon="6.8459468"><ele>4244.4</ele></trkpt>
      <trkpt lat="45.8421661" lon="6.8460641"><ele>4241.9</ele></trkpt>
      <trkpt lat="45.8419281" lon="6.8462931"><ele>4239.4</ele></trkpt>
      <trkpt lat="45.8417046" lon="6.8465120"><ele>4237.4</ele></trkpt>
      <trkpt lat="45.8414894" lon="6.8467319"><ele>4235.9</ele></trkpt>
      <trkpt lat="45.8413822" lon="6.8468949"><ele>4234.1</ele></trkpt>
      <trkpt lat="45.8411817" lon="6.8471802"><ele>4233.9</ele></trkpt>
      <trkpt lat="45.8409991" lon="6.8474558"><ele>4235.0</ele></trkpt>
      <trkpt lat="45.8408152" lon="6.8477583"><ele>4236.7</ele></trkpt>
      <trkpt lat="45.8407722" lon="6.8478788"><ele>4239.3</ele></trkpt>
      <trkpt lat="45.8406575" lon="6.8482333"><ele>4241.4</ele></trkpt>
      <trkpt lat="45.8405450" lon="6.8485919"><ele>4243.7</ele></trkpt>
      <trkpt lat="45.8404408" lon="6.8489307"><ele>4245.9</ele></trkpt>
      <trkpt lat="45.8403431" lon="6.8490117"><ele>4248.4</ele></trkpt>
      <trkpt lat="45.8403355" lon="6.8490461"><ele>4252.6</ele></trkpt>
      <trkpt lat="45.8403095" lon="6.8491418"><ele>4256.2</ele></trkpt>
      <trkpt lat="45.8402174" lon="6.8495187"><ele>4259.7</ele></trkpt>
      <trkpt lat="45.8401327" lon="6.8498766"><ele>4263.4</ele></trkpt>
      <trkpt lat="45.8400490" lon="6.8502081"><ele>4268.7</ele></trkpt>
      <trkpt lat="45.8399686" lon="6.8504019"><ele>4274.4</ele></trkpt>
      <trkpt lat="45.8398366" lon="6.8507478"><ele>4279.9</ele></trkpt>
      <trkpt lat="45.8398255" lon="6.8507748"><ele>4284.7</ele></trkpt>
      <trkpt lat="45.8396564" lon="6.8511117"><ele>4291.7</ele></trkpt>
      <trkpt lat="45.8396365" lon="6.8512009"><ele>4298.9</ele></trkpt>
      <trkpt lat="45.8395891" lon="6.8513794"><ele>4305.7</ele></trkpt>
      <trkpt lat="45.8395492" lon="6.8514248"><ele>4312.4</ele></trkpt>
      <trkpt lat="45.8393594" lon="6.8516239"><ele>4320.4</ele></trkpt>
      <trkpt lat="45.8393493" lon="6.8518082"><ele>4326.6</ele></trkpt>
      <trkpt lat="45.8393487" lon="6.8518252"><ele>4331.2</ele></trkpt>
      <trkpt lat="45.8392564" lon="6.8520957"><ele>4335.3</ele></trkpt>
      <trkpt lat="45.8392130" lon="6.8521097"><ele>4340.5</ele></trkpt>
      <trkpt lat="45.8391629" lon="6.8521087"><ele>4342.7</ele></trkpt>
      <trkpt lat="45.8390951" lon="6.8521239"><ele>4345.1</ele></trkpt>
      <trkpt lat="45.8390287" lon="6.8520601"><ele>4347.7</ele></trkpt>
      <trkpt lat="45.8388379" lon="6.8520275"><ele>4351.7</ele></trkpt>
      <trkpt lat="45.8387034" lon="6.8520571"><ele>4355.1</ele></trkpt>
      <trkpt lat="45.8384385" lon="6.8521399"><ele>4359.1</ele></trkpt>
      <trkpt lat="45.8381907" lon="6.8522765"><ele>4365.0</ele></trkpt>
      <trkpt lat="45.8379524" lon="6.8524214"><ele>4371.7</ele></trkpt>
      <trkpt lat="45.8377259" lon="6.8525562"><ele>4377.8</ele></trkpt>
      <trkpt lat="45.8375472" lon="6.8527391"><ele>4384.7</ele></trkpt>
      <trkpt lat="45.8374617" lon="6.8528929"><ele>4390.8</ele></trkpt>
      <trkpt lat="45.8374141" lon="6.8529858"><ele>4397.6</ele></trkpt>
      <trkpt lat="45.8374072" lon="6.8530178"><ele>4402.6</ele></trkpt>
      <trkpt lat="45.8373992" lon="6.8530666"><ele>4407.3</ele></trkpt>
      <trkpt lat="45.8373697" lon="6.8531691"><ele>4411.4</ele></trkpt>
      <trkpt lat="45.8373633" lon="6.8532910"><ele>4415.7</ele></trkpt>
      <trkpt lat="45.8372336" lon="6.8534945"><ele>4419.8</ele></trkpt>
      <trkpt lat="45.8371687" lon="6.8536627"><ele>4424.2</ele></trkpt>
      <trkpt lat="45.8371657" lon="6.8536826"><ele>4427.6</ele></trkpt>
      <trkpt lat="45.8371171" lon="6.8538196"><ele>4432.8</ele></trkpt>
      <trkpt lat="45.8371020" lon="6.8538522"><ele>4437.7</ele></trkpt>
      <trkpt lat="45.8370699" lon="6.8539499"><ele>4442.1</ele></trkpt>
      <trkpt lat="45.8369885" lon="6.8541441"><ele>4445.9</ele></trkpt>
      <trkpt lat="45.8368762" lon="6.8541383"><ele>4451.8</ele></trkpt>
      <trkpt lat="45.8368010" lon="6.8541908"><ele>4458.1</ele></trkpt>
      <trkpt lat="45.8367856" lon="6.8542081"><ele>4464.3</ele></trkpt>
      <trkpt lat="45.8366903" lon="6.8542885"><ele>4469.8</ele></trkpt>
      <trkpt lat="45.8364492" lon="6.8544624"><ele>4476.8</ele></trkpt>
      <trkpt lat="45.8362008" lon="6.8546382"><ele>4481.9</ele></trkpt>
      <trkpt lat="45.8359652" lon="6.8548228"><ele>4486.2</ele></trkpt>
      <trkpt lat="45.8359484" lon="6.8548397"><ele>4491.4</ele></trkpt>
      <trkpt lat="45.8357302" lon="6.8550746"><ele>4497.4</ele></trkpt>
      <trkpt lat="45.8356493" lon="6.8552116"><ele>4501.6</ele></trkpt>
      <trkpt lat="45.8356477" lon="6.8552141"><ele>4504.9</ele></trkpt>
      <trkpt lat="45.8354544" lon="6.8554919"><ele>4508.2</ele></trkpt>
      <trkpt lat="45.8353195" lon="6.8557006"><ele>4511.6</ele></trkpt>
      <trkpt lat="45.8351222" lon="6.8559578"><ele>4515.3</ele></trkpt>
      <trkpt lat="45.8349516" lon="6.8561435"><ele>4519.8</ele></trkpt>
      <trkpt lat="45.8348793" lon="6.8562681"><ele>4524.4</ele></trkpt>
      <trkpt lat="45.8348488" lon="6.8563469"><ele>4529.3</ele></trkpt>
      <trkpt lat="45.8347105" lon="6.8566768"><ele>4534.5</ele></trkpt>
      <trkpt lat="45.8345699" lon="6.8570187"><ele>4539.0</ele></trkpt>
      <trkpt lat="45.8345460" lon="6.8570728"><ele>4544.8</ele></trkpt>
      <trkpt lat="45.8344128" lon="6.8574030"><ele>4551.0</ele></trkpt>
      <trkpt lat="45.8342769" lon="6.8577543"><ele>4557.7</ele></trkpt>
      <trkpt lat="45.8342484" lon="6.8578325"><ele>4565.2</ele></trkpt>
      <trkpt lat="45.8341854" lon="6.8579692"><ele>4571.2</ele></trkpt>
      <trkpt lat="45.8341521" lon="6.8581064"><ele>4576.3</ele></trkpt>
      <trkpt lat="45.8341118" lon="6.8582913"><ele>4583.5</ele></trkpt>
      <trkpt lat="45.8340120" lon="6.8585266"><ele>4590.3</ele></trkpt>
      <trkpt lat="45.8339781" lon="6.8585788"><ele>4597.3</ele></trkpt>
      <trkpt lat="45.8339597" lon="6.8586114"><ele>4603.4</ele></trkpt>
      <trkpt lat="45.8337865" lon="6.8588726"><ele>4609.0</ele></trkpt>
      <trkpt lat="45.8336672" lon="6.8590328"><ele>4615.5</ele></trkpt>
      <trkpt lat="45.8335378" lon="6.8590419"><ele>4619.3</ele></trkpt>
      <trkpt lat="45.8335136" lon="6.8592190"><ele>4626.9</ele></trkpt>
      <trkpt lat="45.8334834" lon="6.8592294"><ele>4635.4</ele></trkpt>
      <trkpt lat="45.8334229" lon="6.8593244"><ele>4641.8</ele></trkpt>
      <trkpt lat="45.8333481" lon="6.8594790"><ele>4648.0</ele></trkpt>
      <trkpt lat="45.8331866" lon="6.8597874"><ele>4654.6</ele></trkpt>
      <trkpt lat="45.8330657" lon="6.8599042"><ele>4660.9</ele></trkpt>
      <trkpt lat="45.8329873" lon="6.8600057"><ele>4667.4</ele></trkpt>
      <trkpt lat="45.8329225" lon="6.8602020"><ele>4673.6</ele></trkpt>
      <trkpt lat="45.8329084" lon="6.8602349"><ele>4681.8</ele></trkpt>
      <trkpt lat="45.8328877" lon="6.8603502"><ele>4687.2</ele></trkpt>
      <trkpt lat="45.8328762" lon="6.8603941"><ele>4693.0</ele></trkpt>
      <trkpt lat="45.8328499" lon="6.8606914"><ele>4698.1</ele></trkpt>
      <trkpt lat="45.8328031" lon="6.8609978"><ele>4703.2</ele></trkpt>
      <trkpt lat="45.8327923" lon="6.8611216"><ele>4709.0</ele></trkpt>
      <trkpt lat="45.8327672" lon="6.8612374"><ele>4715.0</ele></trkpt>
      <trkpt lat="45.8327703" lon="6.8613360"><ele>4721.4</ele></trkpt>
      <trkpt lat="45.8327662" lon="6.8614861"><ele>4727.5</ele></trkpt>
      <trkpt lat="45.8327563" lon="6.8618672"><ele>4733.3</ele></trkpt>
      <trkpt lat="45.8327509" lon="6.8622702"><ele>4739.1</ele></trkpt>
      <trkpt lat="45.8327405" lon="6.8624036"><ele>4745.8</ele></trkpt>
      <trkpt lat="45.8327083" lon="6.8628004"><ele>4752.5</ele></trkpt>
      <trkpt lat="45.8326720" lon="6.8631826"><ele>4756.0</ele></trkpt>
      <trkpt lat="45.8326289" lon="6.8635559"><ele>4759.4</ele></trkpt>
      <trkpt lat="45.8325990" lon="6.8639361"><ele>4762.4</ele></trkpt>
      <trkpt lat="45.8325908" lon="6.8643098"><ele>4765.9</ele></trkpt>
    </trkseg>
  </trk>
</gpx>