{
  "type": "FeatureCollection",
  "crs": {
    "type": "name",
    "properties": {
      "name": "urn:ogc:def:crs:EPSG::4326"
    }
  },
  "features": [
    {
      "type": "Feature",
      "geometry": {
        "type": "Polygon",
        "coordinates": [
          [
            [
              -0.1496879612753193,
              42.77221877722303
            ],
            [
              -0.150174739763315,
              42.78120328334398
            ],
            [
              -0.13797763634418644,
              42.78156121434909
            ],
            [
              -0.13749273862762235,
              42.77257664997222
            ],
            [
              -0.1496879612753193,
              42.77221877722303
            ]
          ]
        ]
      },
      "properties": {
        "id": "442000_6192000",
        "x": 442000,
        "y": 6192000,
        "url": "https://amplify-d17uxdu2napxpc-ma-amplifyalphdmeshesbucket-4rknaslwb6z4.s3.eu-west-3.amazonaws.com/meshes/0442_6192_11.drc",
        "format": "drc",
        "name": "0442_6192_11"
      }
    },
    {
      "type": "Feature",
      "geometry": {
        "type": "Polygon",
        "coordinates": [
          [
            [
              2.9504829850385437,
              43.592045550848965
            ],
            [
              2.9504752208469323,
              43.60104316583113
            ],
            [
              2.9628564135043916,
              43.60104810369051
            ],
            [
              2.962862236649102,
              43.5920504879036
            ],
            [
              2.9504829850385437,
              43.592045550848965
            ]
          ]
        ]
      },
      "properties": {
        "id": "696000_6278000",
        "x": 696000,
        "y": 6278000,
        "url": "https://amplify-d17uxdu2napxpc-ma-amplifyalphdmeshesbucket-4rknaslwb6z4.s3.eu-west-3.amazonaws.com/meshes/0696_6278_01.drc",
        "format": "drc",
        "name": "0696_6278_01"
      }
    },
    {
      "type": "Feature",
      "geometry": {
        "type": "Polygon",
        "coordinates": [
          [
            [
              2.9504829850385437,
              43.592045550848965
            ],
            [
              2.9504752208469323,
              43.60104316583113
            ],
            [
              2.9628564135043916,
              43.60104810369051
            ],
            [
              2.962862236649102,
              43.5920504879036
            ],
            [
              2.9504829850385437,
              43.592045550848965
            ]
          ]
        ]
      },
      "properties": {
        "id": "696000_6278000",
        "x": 696000,
        "y": 6278000,
        "url": "https://amplify-d17uxdu2napxpc-ma-amplifyalphdmeshesbucket-4rknaslwb6z4.s3.eu-west-3.amazonaws.com/meshes/0696_6278_09.drc",
        "format": "drc",
        "name": "0696_6278_09"
      }
    },
    {
      "type": "Feature",
      "geometry": {
        "type": "Polygon",
        "coordinates": [
          [
            [
              5.324427031941028,
              43.207175845851616
            ],
            [
              5.324789017695453,
              43.21616698450408
            ],
            [
              5.337082325313804,
              43.21590149281036
            ],
            [
              5.336718427636079,
              43.20691039739592
            ],
            [
              5.324427031941028,
              43.207175845851616
            ]
          ]
        ]
      },
      "properties": {
        "id": "889000_6238000",
        "x": 889000,
        "y": 6238000,
        "url": "https://amplify-d17uxdu2napxpc-ma-amplifyalphdmeshesbucket-4rknaslwb6z4.s3.eu-west-3.amazonaws.com/meshes/0889_6238_11.drc",
        "format": "drc",
        "name": "0889_6238_11"
      }
    },
    {
      "type": "Feature",
      "geometry": {
        "type": "Polygon",
        "coordinates": [
          [
            [
              5.336718427636079,
              43.20691039739592
            ],
            [
              5.337082325313804,
              43.21590149281036
            ],
            [
              5.3493755196078885,
              43.21563460139203
            ],
            [
              5.349009710059759,
              43.20664354944336
            ],
            [
              5.336718427636079,
              43.20691039739592
            ]
          ]
        ]
      },
      "properties": {
        "id": "890000_6238000",
        "x": 890000,
        "y": 6238000,
        "url": "https://amplify-d17uxdu2napxpc-ma-amplifyalphdmeshesbucket-4rknaslwb6z4.s3.eu-west-3.amazonaws.com/meshes/0890_6238_11.drc",
        "format": "drc",
        "name": "0890_6238_11"
      }
    },
    {
      "type": "Feature",
      "geometry": {
        "type": "Polygon",
        "coordinates": [
          [
            [
              5.337082325313804,
              43.21590149281036
            ],
            [
              5.337446336315801,
              43.224892651633375
            ],
            [
              5.3497414430746275,
              43.22462571674192
            ],
            [
              5.3493755196078885,
              43.21563460139203
            ],
            [
              5.337082325313804,
              43.21590149281036
            ]
          ]
        ]
      },
      "properties": {
        "id": "890000_6239000",
        "x": 890000,
        "y": 6239000,
        "url": "https://amplify-d17uxdu2napxpc-ma-amplifyalphdmeshesbucket-4rknaslwb6z4.s3.eu-west-3.amazonaws.com/meshes/0890_6239_11.drc",
        "format": "drc",
        "name": "0890_6239_11"
      }
    },
    {
      "type": "Feature",
      "geometry": {
        "type": "Polygon",
        "coordinates": [
          [
            [
              5.337446336315801,
              43.224892651633375
            ],
            [
              5.337810460695,
              43.233883873656055
            ],
            [
              5.350107480513182,
              43.23361689528414
            ],
            [
              5.3497414430746275,
              43.22462571674192
            ],
            [
              5.337446336315801,
              43.224892651633375
            ]
          ]
        ]
      },
      "properties": {
        "id": "890000_6240000",
        "x": 890000,
        "y": 6240000,
        "url": "https://amplify-d17uxdu2napxpc-ma-amplifyalphdmeshesbucket-4rknaslwb6z4.s3.eu-west-3.amazonaws.com/meshes/0890_6240_11.drc",
        "format": "drc",
        "name": "0890_6240_11"
      }
    },
    {
      "type": "Feature",
      "geometry": {
        "type": "Polygon",
        "coordinates": [
          [
            [
              5.349009710059759,
              43.20664354944336
            ],
            [
              5.3493755196078885,
              43.21563460139203
            ],
            [
              5.361668599983368,
              43.2153663102694
            ],
            [
              5.3613008786180085,
              43.20637530201425
            ],
            [
              5.349009710059759,
              43.20664354944336
            ]
          ]
        ]
      },
      "properties": {
        "id": "891000_6238000",
        "x": 891000,
        "y": 6238000,
        "url": "https://amplify-d17uxdu2napxpc-ma-amplifyalphdmeshesbucket-4rknaslwb6z4.s3.eu-west-3.amazonaws.com/meshes/0891_6238_11.drc",
        "format": "drc",
        "name": "0891_6238_11"
      }
    },
    {
      "type": "Feature",
      "geometry": {
        "type": "Polygon",
        "coordinates": [
          [
            [
              5.3493755196078885,
              43.21563460139203
            ],
            [
              5.3497414430746275,
              43.22462571674192
            ],
            [
              5.362036435861643,
              43.22435738191838
            ],
            [
              5.361668599983368,
              43.2153663102694
            ],
            [
              5.3493755196078885,
              43.21563460139203
            ]
          ]
        ]
      },
      "properties": {
        "id": "891000_6239000",
        "x": 891000,
        "y": 6239000,
        "url": "https://amplify-d17uxdu2napxpc-ma-amplifyalphdmeshesbucket-4rknaslwb6z4.s3.eu-west-3.amazonaws.com/meshes/0891_6239_11.drc",
        "format": "drc",
        "name": "0891_6239_11"
      }
    },
    {
      "type": "Feature",
      "geometry": {
        "type": "Polygon",
        "coordinates": [
          [
            [
              5.3497414430746275,
              43.22462571674192
            ],
            [
              5.350107480513182,
              43.23361689528414
            ],
            [
              5.362404386306315,
              43.2333485167523
            ],
            [
              5.362036435861643,
              43.22435738191838
            ],
            [
              5.3497414430746275,
              43.22462571674192
            ]
          ]
        ]
      },
      "properties": {
        "id": "891000_6240000",
        "x": 891000,
        "y": 6240000,
        "url": "https://amplify-d17uxdu2napxpc-ma-amplifyalphdmeshesbucket-4rknaslwb6z4.s3.eu-west-3.amazonaws.com/meshes/0891_6240_11.drc",
        "format": "drc",
        "name": "0891_6240_11"
      }
    },
    {
      "type": "Feature",
      "geometry": {
        "type": "Polygon",
        "coordinates": [
          [
            [
              5.3613008786180085,
              43.20637530201425
            ],
            [
              5.361668599983368,
              43.2153663102694
            ],
            [
              5.373961565845939,
              43.21509661946286
            ],
            [
              5.3735919327168,
              43.206105655128994
            ],
            [
              5.3613008786180085,
              43.20637530201425
            ]
          ]
        ]
      },
      "properties": {
        "id": "892000_6238000",
        "x": 892000,
        "y": 6238000,
        "url": "https://amplify-d17uxdu2napxpc-ma-amplifyalphdmeshesbucket-4rknaslwb6z4.s3.eu-west-3.amazonaws.com/meshes/0892_6238_11.drc",
        "format": "drc",
        "name": "0892_6238_11"
      }
    },
    {
      "type": "Feature",
      "geometry": {
        "type": "Polygon",
        "coordinates": [
          [
            [
              5.361668599983368,
              43.2153663102694
            ],
            [
              5.362036435861643,
              43.22435738191838
            ],
            [
              5.374331314082265,
              43.224087647183175
            ],
            [
              5.373961565845939,
              43.21509661946286
            ],
            [
              5.361668599983368,
              43.2153663102694
            ]
          ]
        ]
      },
      "properties": {
        "id": "892000_6239000",
        "x": 892000,
        "y": 6239000,
        "url": "https://amplify-d17uxdu2napxpc-ma-amplifyalphdmeshesbucket-4rknaslwb6z4.s3.eu-west-3.amazonaws.com/meshes/0892_6239_11.drc",
        "format": "drc",
        "name": "0892_6239_11"
      }
    },
    {
      "type": "Feature",
      "geometry": {
        "type": "Polygon",
        "coordinates": [
          [
            [
              5.362036435861643,
              43.22435738191838
            ],
            [
              5.362404386306315,
              43.2333485167523
            ],
            [
              5.374701177479537,
              43.233078738080984
            ],
            [
              5.374331314082265,
              43.224087647183175
            ],
            [
              5.362036435861643,
              43.22435738191838
            ]
          ]
        ]
      },
      "properties": {
        "id": "892000_6240000",
        "x": 892000,
        "y": 6240000,
        "url": "https://amplify-d17uxdu2napxpc-ma-amplifyalphdmeshesbucket-4rknaslwb6z4.s3.eu-west-3.amazonaws.com/meshes/0892_6240_11.drc",
        "format": "drc",
        "name": "0892_6240_11"
      }
    },
    {
      "type": "Feature",
      "geometry": {
        "type": "Polygon",
        "coordinates": [
          [
            [
              5.3735919327168,
              43.206105655128994
            ],
            [
              5.373961565845939,
              43.21509661946286
            ],
            [
              5.386254416601331,
              43.21482552899298
            ],
            [
              5.385882871762138,
              43.20583460880809
            ],
            [
              5.3735919327168,
              43.206105655128994
            ]
          ]
        ]
      },
      "properties": {
        "id": "893000_6238000",
        "x": 893000,
        "y": 6238000,
        "url": "https://amplify-d17uxdu2napxpc-ma-amplifyalphdmeshesbucket-4rknaslwb6z4.s3.eu-west-3.amazonaws.com/meshes/0893_6238_11.drc",
        "format": "drc",
        "name": "0893_6238_11"
      }
    },
    {
      "type": "Feature",
      "geometry": {
        "type": "Polygon",
        "coordinates": [
          [
            [
              5.373961565845939,
              43.21509661946286
            ],
            [
              5.374331314082265,
              43.224087647183175
            ],
            [
              5.386626077141948,
              43.22381651255684
            ],
            [
              5.386254416601331,
              43.21482552899298
            ],
            [
              5.373961565845939,
              43.21509661946286
            ]
          ]
        ]
      },
      "properties": {
        "id": "893000_6239000",
        "x": 893000,
        "y": 6239000,
        "url": "https://amplify-d17uxdu2napxpc-ma-amplifyalphdmeshesbucket-4rknaslwb6z4.s3.eu-west-3.amazonaws.com/meshes/0893_6239_11.drc",
        "format": "drc",
        "name": "0893_6239_11"
      }
    },
    {
      "type": "Feature",
      "geometry": {
        "type": "Polygon",
        "coordinates": [
          [
            [
              5.374331314082265,
              43.224087647183175
            ],
            [
              5.374701177479537,
              43.233078738080984
            ],
            [
              5.386997853438025,
              43.23280755929074
            ],
            [
              5.386626077141948,
              43.22381651255684
            ],
            [
              5.374331314082265,
              43.224087647183175
            ]
          ]
        ]
      },
      "properties": {
        "id": "893000_6240000",
        "x": 893000,
        "y": 6240000,
        "url": "https://amplify-d17uxdu2napxpc-ma-amplifyalphdmeshesbucket-4rknaslwb6z4.s3.eu-west-3.amazonaws.com/meshes/0893_6240_11.drc",
        "format": "drc",
        "name": "0893_6240_11"
      }
    },
    {
      "type": "Feature",
      "geometry": {
        "type": "Polygon",
        "coordinates": [
          [
            [
              5.385882871762138,
              43.20583460880809
            ],
            [
              5.386254416601331,
              43.21482552899298
            ],
            [
              5.398547151655304,
              43.21455303888035
            ],
            [
              5.39817369516006,
              43.20556216307216
            ],
            [
              5.385882871762138,
              43.20583460880809
            ]
          ]
        ]
      },
      "properties": {
        "id": "894000_6238000",
        "x": 894000,
        "y": 6238000,
        "url": "https://amplify-d17uxdu2napxpc-ma-amplifyalphdmeshesbucket-4rknaslwb6z4.s3.eu-west-3.amazonaws.com/meshes/0894_6238_11.drc",
        "format": "drc",
        "name": "0894_6238_11"
      }
    },
    {
      "type": "Feature",
      "geometry": {
        "type": "Polygon",
        "coordinates": [
          [
            [
              5.386254416601331,
              43.21482552899298
            ],
            [
              5.386626077141948,
              43.22381651255684
            ],
            [
              5.398920724446175,
              43.223543978059986
            ],
            [
              5.398547151655304,
              43.21455303888035
            ],
            [
              5.386254416601331,
              43.21482552899298
            ]
          ]
        ]
      },
      "properties": {
        "id": "894000_6239000",
        "x": 894000,
        "y": 6239000,
        "url": "https://amplify-d17uxdu2napxpc-ma-amplifyalphdmeshesbucket-4rknaslwb6z4.s3.eu-west-3.amazonaws.com/meshes/0894_6239_11.drc",
        "format": "drc",
        "name": "0894_6239_11"
      }
    },
    {
      "type": "Feature",
      "geometry": {
        "type": "Polygon",
        "coordinates": [
          [
            [
              5.386626077141948,
              43.22381651255684
            ],
            [
              5.386997853438025,
              43.23280755929074
            ],
            [
              5.399294413586988,
              43.23253498040216
            ],
            [
              5.398920724446175,
              43.223543978059986
            ],
            [
              5.386626077141948,
              43.22381651255684
            ]
          ]
        ]
      },
      "properties": {
        "id": "894000_6240000",
        "x": 894000,
        "y": 6240000,
        "url": "https://amplify-d17uxdu2napxpc-ma-amplifyalphdmeshesbucket-4rknaslwb6z4.s3.eu-west-3.amazonaws.com/meshes/0894_6240_11.drc",
        "format": "drc",
        "name": "0894_6240_11"
      }
    },
    {
      "type": "Feature",
      "geometry": {
        "type": "Polygon",
        "coordinates": [
          [
            [
              5.39817369516006,
              43.20556216307216
            ],
            [
              5.398547151655304,
              43.21455303888035
            ],
            [
              5.410839770413655,
              43.214279149145696
            ],
            [
              5.410464402316642,
              43.205288317941935
            ],
            [
              5.39817369516006,
              43.20556216307216
            ]
          ]
        ]
      },
      "properties": {
        "id": "895000_6238000",
        "x": 895000,
        "y": 6238000,
        "url": "https://amplify-d17uxdu2napxpc-ma-amplifyalphdmeshesbucket-4rknaslwb6z4.s3.eu-west-3.amazonaws.com/meshes/0895_6238_11.drc",
        "format": "drc",
        "name": "0895_6238_11"
      }
    },
    {
      "type": "Feature",
      "geometry": {
        "type": "Polygon",
        "coordinates": [
          [
            [
              5.398547151655304,
              43.21455303888035
            ],
            [
              5.398920724446175,
              43.223543978059986
            ],
            [
              5.4112152554004656,
              43.22327004371338
            ],
            [
              5.410839770413655,
              43.214279149145696
            ],
            [
              5.398547151655304,
              43.21455303888035
            ]
          ]
        ]
      },
      "properties": {
        "id": "895000_6239000",
        "x": 895000,
        "y": 6239000,
        "url": "https://amplify-d17uxdu2napxpc-ma-amplifyalphdmeshesbucket-4rknaslwb6z4.s3.eu-west-3.amazonaws.com/meshes/0895_6239_11.drc",
        "format": "drc",
        "name": "0895_6239_11"
      }
    },
    {
      "type": "Feature",
      "geometry": {
        "type": "Polygon",
        "coordinates": [
          [
            [
              5.410464402316642,
              43.205288317941935
            ],
            [
              5.410839770413655,
              43.214279149145696
            ],
            [
              5.423132272282213,
              43.21400385980988
            ],
            [
              5.422754992637987,
              43.205013073438266
            ],
            [
              5.410464402316642,
              43.205288317941935
            ]
          ]
        ]
      },
      "properties": {
        "id": "896000_6238000",
        "x": 896000,
        "y": 6238000,
        "url": "https://amplify-d17uxdu2napxpc-ma-amplifyalphdmeshesbucket-4rknaslwb6z4.s3.eu-west-3.amazonaws.com/meshes/0896_6238_11.drc",
        "format": "drc",
        "name": "0896_6238_11"
      }
    },
    {
      "type": "Feature",
      "geometry": {
        "type": "Polygon",
        "coordinates": [
          [
            [
              5.410839770413655,
              43.214279149145696
            ],
            [
              5.4112152554004656,
              43.22327004371338
            ],
            [
              5.4235096694103735,
              43.22299470953784
            ],
            [
              5.423132272282213,
              43.21400385980988
            ],
            [
              5.410839770413655,
              43.214279149145696
            ]
          ]
        ]
      },
      "properties": {
        "id": "896000_6239000",
        "x": 896000,
        "y": 6239000,
        "url": "https://amplify-d17uxdu2napxpc-ma-amplifyalphdmeshesbucket-4rknaslwb6z4.s3.eu-west-3.amazonaws.com/meshes/0896_6239_11.drc",
        "format": "drc",
        "name": "0896_6239_11"
      }
    },
    {
      "type": "Feature",
      "geometry": {
        "type": "Polygon",
        "coordinates": [
          [
            [
              5.422377830422863,
              43.19602235063188
            ],
            [
              5.422754992637987,
              43.205013073438266
            ],
            [
              5.435045465530237,
              43.20473642958206
            ],
            [
              5.434666392416559,
              43.19574575182791
            ],
            [
              5.422377830422863,
              43.19602235063188
            ]
          ]
        ]
      },
      "properties": {
        "id": "897000_6237000",
        "x": 897000,
        "y": 6237000,
        "url": "https://amplify-d17uxdu2napxpc-ma-amplifyalphdmeshesbucket-4rknaslwb6z4.s3.eu-west-3.amazonaws.com/meshes/0897_6237_11.drc",
        "format": "drc",
        "name": "0897_6237_11"
      }
    },
    {
      "type": "Feature",
      "geometry": {
        "type": "Polygon",
        "coordinates": [
          [
            [
              5.422754992637987,
              43.205013073438266
            ],
            [
              5.423132272282213,
              43.21400385980988
            ],
            [
              5.435424656666841,
              43.21372717089383
            ],
            [
              5.435045465530237,
              43.20473642958206
            ],
            [
              5.422754992637987,
              43.205013073438266
            ]
          ]
        ]
      },
      "properties": {
        "id": "897000_6238000",
        "x": 897000,
        "y": 6238000,
        "url": "https://amplify-d17uxdu2napxpc-ma-amplifyalphdmeshesbucket-4rknaslwb6z4.s3.eu-west-3.amazonaws.com/meshes/0897_6238_11.drc",
        "format": "drc",
        "name": "0897_6238_11"
      }
    },
    {
      "type": "Feature",
      "geometry": {
        "type": "Polygon",
        "coordinates": [
          [
            [
              5.423132272282213,
              43.21400385980988
            ],
            [
              5.4235096694103735,
              43.22299470953784
            ],
            [
              5.435803965881485,
              43.222717975554325
            ],
            [
              5.435424656666841,
              43.21372717089383
            ],
            [
              5.423132272282213,
              43.21400385980988
            ]
          ]
        ]
      },
      "properties": {
        "id": "897000_6239000",
        "x": 897000,
        "y": 6239000,
        "url": "https://amplify-d17uxdu2napxpc-ma-amplifyalphdmeshesbucket-4rknaslwb6z4.s3.eu-west-3.amazonaws.com/meshes/0897_6239_11.drc",
        "format": "drc",
        "name": "0897_6239_11"
      }
    },
    {
      "type": "Feature",
      "geometry": {
        "type": "Polygon",
        "coordinates": [
          [
            [
              5.434666392416559,
              43.19574575182791
            ],
            [
              5.435045465530237,
              43.20473642958206
            ],
            [
              5.447335820399566,
              43.20445838639439
            ],
            [
              5.44695483644241,
              43.19546775392013
            ],
            [
              5.434666392416559,
              43.19574575182791
            ]
          ]
        ]
      },
      "properties": {
        "id": "898000_6237000",
        "x": 898000,
        "y": 6237000,
        "url": "https://amplify-d17uxdu2napxpc-ma-amplifyalphdmeshesbucket-4rknaslwb6z4.s3.eu-west-3.amazonaws.com/meshes/0898_6237_11.drc",
        "format": "drc",
        "name": "0898_6237_11"
      }
    },
    {
      "type": "Feature",
      "geometry": {
        "type": "Polygon",
        "coordinates": [
          [
            [
              5.435045465530237,
              43.20473642958206
            ],
            [
              5.435424656666841,
              43.21372717089383
            ],
            [
              5.44771692297344,
              43.21344908241861
            ],
            [
              5.447335820399566,
              43.20445838639439
            ],
            [
              5.435045465530237,
              43.20473642958206
            ]
          ]
        ]
      },
      "properties": {
        "id": "898000_6238000",
        "x": 898000,
        "y": 6238000,
        "url": "https://amplify-d17uxdu2napxpc-ma-amplifyalphdmeshesbucket-4rknaslwb6z4.s3.eu-west-3.amazonaws.com/meshes/0898_6238_11.drc",
        "format": "drc",
        "name": "0898_6238_11"
      }
    },
    {
      "type": "Feature",
      "geometry": {
        "type": "Polygon",
        "coordinates": [
          [
            [
              5.435424656666841,
              43.21372717089383
            ],
            [
              5.435803965881485,
              43.222717975554325
            ],
            [
              5.448098144219419,
              43.22243984178392
            ],
            [
              5.44771692297344,
              43.21344908241861
            ],
            [
              5.435424656666841,
              43.21372717089383
            ]
          ]
        ]
      },
      "properties": {
        "id": "898000_6239000",
        "x": 898000,
        "y": 6239000,
        "url": "https://amplify-d17uxdu2napxpc-ma-amplifyalphdmeshesbucket-4rknaslwb6z4.s3.eu-west-3.amazonaws.com/meshes/0898_6239_11.drc",
        "format": "drc",
        "name": "0898_6239_11"
      }
    },
    {
      "type": "Feature",
      "geometry": {
        "type": "Polygon",
        "coordinates": [
          [
            [
              5.44695483644241,
              43.19546775392013
            ],
            [
              5.447335820399566,
              43.20445838639439
            ],
            [
              5.459626056652181,
              43.20417894389639
            ],
            [
              5.459243161906899,
              43.19518835692968
            ],
            [
              5.44695483644241,
              43.19546775392013
            ]
          ]
        ]
      },
      "properties": {
        "id": "899000_6237000",
        "x": 899000,
        "y": 6237000,
        "url": "https://amplify-d17uxdu2napxpc-ma-amplifyalphdmeshesbucket-4rknaslwb6z4.s3.eu-west-3.amazonaws.com/meshes/0899_6237_11.drc",
        "format": "drc",
        "name": "0899_6237_11"
      }
    },
    {
      "type": "Feature",
      "geometry": {
        "type": "Polygon",
        "coordinates": [
          [
            [
              5.447335820399566,
              43.20445838639439
            ],
            [
              5.44771692297344,
              43.21344908241861
            ],
            [
              5.460009070607938,
              43.21316959440538
            ],
            [
              5.459626056652181,
              43.20417894389639
            ],
            [
              5.447335820399566,
              43.20445838639439
            ]
          ]
        ]
      },
      "properties": {
        "id": "899000_6238000",
        "x": 899000,
        "y": 6238000,
        "url": "https://amplify-d17uxdu2napxpc-ma-amplifyalphdmeshesbucket-4rknaslwb6z4.s3.eu-west-3.amazonaws.com/meshes/0899_6238_11.drc",
        "format": "drc",
        "name": "0899_6238_11"
      }
    },
    {
      "type": "Feature",
      "geometry": {
        "type": "Polygon",
        "coordinates": [
          [
            [
              5.44771692297344,
              43.21344908241861
            ],
            [
              5.448098144219419,
              43.22243984178392
            ],
            [
              5.460392203829834,
              43.22216030824776
            ],
            [
              5.460009070607938,
              43.21316959440538
            ],
            [
              5.44771692297344,
              43.21344908241861
            ]
          ]
        ]
      },
      "properties": {
        "id": "899000_6239000",
        "x": 899000,
        "y": 6239000,
        "url": "https://amplify-d17uxdu2napxpc-ma-amplifyalphdmeshesbucket-4rknaslwb6z4.s3.eu-west-3.amazonaws.com/meshes/0899_6239_11.drc",
        "format": "drc",
        "name": "0899_6239_11"
      }
    },
    {
      "type": "Feature",
      "geometry": {
        "type": "Polygon",
        "coordinates": [
          [
            [
              5.448098144219419,
              43.22243984178392
            ],
            [
              5.448479484192926,
              43.231430664281355
            ],
            [
              5.460775456373566,
              43.231151085214584
            ],
            [
              5.460392203829834,
              43.22216030824776
            ],
            [
              5.448098144219419,
              43.22243984178392
            ]
          ]
        ]
      },
      "properties": {
        "id": "899000_6240000",
        "x": 899000,
        "y": 6240000,
        "url": "https://amplify-d17uxdu2napxpc-ma-amplifyalphdmeshesbucket-4rknaslwb6z4.s3.eu-west-3.amazonaws.com/meshes/0899_6240_11.drc",
        "format": "drc",
        "name": "0899_6240_11"
      }
    },
    {
      "type": "Feature",
      "geometry": {
        "type": "Polygon",
        "coordinates": [
          [
            [
              5.459626056652181,
              43.20417894389639
            ],
            [
              5.460009070607938,
              43.21316959440538
            ],
            [
              5.472301098976303,
              43.212888706875404
            ],
            [
              5.471916173694326,
              43.20389810210933
            ],
            [
              5.459626056652181,
              43.20417894389639
            ]
          ]
        ]
      },
      "properties": {
        "id": "900000_6238000",
        "x": 900000,
        "y": 6238000,
        "url": "https://amplify-d17uxdu2napxpc-ma-amplifyalphdmeshesbucket-4rknaslwb6z4.s3.eu-west-3.amazonaws.com/meshes/0900_6238_11.drc",
        "format": "drc",
        "name": "0900_6238_11"
      }
    },
    {
      "type": "Feature",
      "geometry": {
        "type": "Polygon",
        "coordinates": [
          [
            [
              5.460009070607938,
              43.21316959440538
            ],
            [
              5.460392203829834,
              43.22216030824776
            ],
            [
              5.472686144118417,
              43.22187937496712
            ],
            [
              5.472301098976303,
              43.212888706875404
            ],
            [
              5.460009070607938,
              43.21316959440538
            ]
          ]
        ]
      },
      "properties": {
        "id": "900000_6239000",
        "x": 900000,
        "y": 6239000,
        "url": "https://amplify-d17uxdu2napxpc-ma-amplifyalphdmeshesbucket-4rknaslwb6z4.s3.eu-west-3.amazonaws.com/meshes/0900_6239_11.drc",
        "format": "drc",
        "name": "0900_6239_11"
      }
    },
    {
      "type": "Feature",
      "geometry": {
        "type": "Polygon",
        "coordinates": [
          [
            [
              5.460392203829834,
              43.22216030824776
            ],
            [
              5.460775456373566,
              43.231151085214584
            ],
            [
              5.473071309176644,
              43.23087010617558
            ],
            [
              5.472686144118417,
              43.22187937496712
            ],
            [
              5.460392203829834,
              43.22216030824776
            ]
          ]
        ]
      },
      "properties": {
        "id": "900000_6240000",
        "x": 900000,
        "y": 6240000,
        "url": "https://amplify-d17uxdu2napxpc-ma-amplifyalphdmeshesbucket-4rknaslwb6z4.s3.eu-west-3.amazonaws.com/meshes/0900_6240_11.drc",
        "format": "drc",
        "name": "0900_6240_11"
      }
    },
    {
      "type": "Feature",
      "geometry": {
        "type": "Polygon",
        "coordinates": [
          [
            [
              5.471916173694326,
              43.20389810210933
            ],
            [
              5.472301098976303,
              43.212888706875404
            ],
            [
              5.484593007484534,
              43.21260641985003
            ],
            [
              5.4842061709322785,
              43.20361586105455
            ],
            [
              5.471916173694326,
              43.20389810210933
            ]
          ]
        ]
      },
      "properties": {
        "id": "901000_6238000",
        "x": 901000,
        "y": 6238000,
        "url": "https://amplify-d17uxdu2napxpc-ma-amplifyalphdmeshesbucket-4rknaslwb6z4.s3.eu-west-3.amazonaws.com/meshes/0901_6238_11.drc",
        "format": "drc",
        "name": "0901_6238_11"
      }
    },
    {
      "type": "Feature",
      "geometry": {
        "type": "Polygon",
        "coordinates": [
          [
            [
              5.472301098976303,
              43.212888706875404
            ],
            [
              5.472686144118417,
              43.22187937496712
            ],
            [
              5.484979964490894,
              43.22159704196341
            ],
            [
              5.484593007484534,
              43.21260641985003
            ],
            [
              5.472301098976303,
              43.212888706875404
            ]
          ]
        ]
      },
      "properties": {
        "id": "901000_6239000",
        "x": 901000,
        "y": 6239000,
        "url": "https://amplify-d17uxdu2napxpc-ma-amplifyalphdmeshesbucket-4rknaslwb6z4.s3.eu-west-3.amazonaws.com/meshes/0901_6239_11.drc",
        "format": "drc",
        "name": "0901_6239_11"
      }
    },
    {
      "type": "Feature",
      "geometry": {
        "type": "Polygon",
        "coordinates": [
          [
            [
              5.472686144118417,
              43.22187937496712
            ],
            [
              5.473071309176644,
              43.23087010617558
            ],
            [
              5.485367042007606,
              43.230587727185714
            ],
            [
              5.484979964490894,
              43.22159704196341
            ],
            [
              5.472686144118417,
              43.22187937496712
            ]
          ]
        ]
      },
      "properties": {
        "id": "901000_6240000",
        "x": 901000,
        "y": 6240000,
        "url": "https://amplify-d17uxdu2napxpc-ma-amplifyalphdmeshesbucket-4rknaslwb6z4.s3.eu-west-3.amazonaws.com/meshes/0901_6240_11.drc",
        "format": "drc",
        "name": "0901_6240_11"
      }
    },
    {
      "type": "Feature",
      "geometry": {
        "type": "Polygon",
        "coordinates": [
          [
            [
              5.483819454777908,
              43.19462536578585
            ],
            [
              5.4842061709322785,
              43.20361586105455
            ],
            [
              5.496496047772352,
              43.20333222075356
            ],
            [
              5.49610742099757,
              43.19434177167532
            ],
            [
              5.483819454777908,
              43.19462536578585
            ]
          ]
        ]
      },
      "properties": {
        "id": "902000_6237000",
        "x": 902000,
        "y": 6237000,
        "url": "https://amplify-d17uxdu2napxpc-ma-amplifyalphdmeshesbucket-4rknaslwb6z4.s3.eu-west-3.amazonaws.com/meshes/0902_6237_11.drc",
        "format": "drc",
        "name": "0902_6237_11"
      }
    },
    {
      "type": "Feature",
      "geometry": {
        "type": "Polygon",
        "coordinates": [
          [
            [
              5.4842061709322785,
              43.20361586105455
            ],
            [
              5.484593007484534,
              43.21260641985003
            ],
            [
              5.496884795538674,
              43.212322733350774
            ],
            [
              5.496496047772352,
              43.20333222075356
            ],
            [
              5.4842061709322785,
              43.20361586105455
            ]
          ]
        ]
      },
      "properties": {
        "id": "902000_6238000",
        "x": 902000,
        "y": 6238000,
        "url": "https://amplify-d17uxdu2napxpc-ma-amplifyalphdmeshesbucket-4rknaslwb6z4.s3.eu-west-3.amazonaws.com/meshes/0902_6238_11.drc",
        "format": "drc",
        "name": "0902_6238_11"
      }
    },
    {
      "type": "Feature",
      "geometry": {
        "type": "Polygon",
        "coordinates": [
          [
            [
              5.484593007484534,
              43.21260641985003
            ],
            [
              5.484979964490894,
              43.22159704196341
            ],
            [
              5.497273664353024,
              43.221313309258065
            ],
            [
              5.496884795538674,
              43.212322733350774
            ],
            [
              5.484593007484534,
              43.21260641985003
            ]
          ]
        ]
      },
      "properties": {
        "id": "902000_6239000",
        "x": 902000,
        "y": 6239000,
        "url": "https://amplify-d17uxdu2napxpc-ma-amplifyalphdmeshesbucket-4rknaslwb6z4.s3.eu-west-3.amazonaws.com/meshes/0902_6239_11.drc",
        "format": "drc",
        "name": "0902_6239_11"
      }
    },
    {
      "type": "Feature",
      "geometry": {
        "type": "Polygon",
        "coordinates": [
          [
            [
              5.484979964490894,
              43.22159704196341
            ],
            [
              5.485367042007606,
              43.230587727185714
            ],
            [
              5.497662654271935,
              43.230303948266496
            ],
            [
              5.497273664353024,
              43.221313309258065
            ],
            [
              5.484979964490894,
              43.22159704196341
            ]
          ]
        ]
      },
      "properties": {
        "id": "902000_6240000",
        "x": 902000,
        "y": 6240000,
        "url": "https://amplify-d17uxdu2napxpc-ma-amplifyalphdmeshesbucket-4rknaslwb6z4.s3.eu-west-3.amazonaws.com/meshes/0902_6240_11.drc",
        "format": "drc",
        "name": "0902_6240_11"
      }
    },
    {
      "type": "Feature",
      "geometry": {
        "type": "Polygon",
        "coordinates": [
          [
            [
              5.49610742099757,
              43.19434177167532
            ],
            [
              5.496496047772352,
              43.20333222075356
            ],
            [
              5.508785803620892,
              43.20304718122789
            ],
            [
              5.508395266282157,
              43.194056778567735
            ],
            [
              5.49610742099757,
              43.19434177167532
            ]
          ]
        ]
      },
      "properties": {
        "id": "903000_6237000",
        "x": 903000,
        "y": 6237000,
        "url": "https://amplify-d17uxdu2napxpc-ma-amplifyalphdmeshesbucket-4rknaslwb6z4.s3.eu-west-3.amazonaws.com/meshes/0903_6237_11.drc",
        "format": "drc",
        "name": "0903_6237_11"
      }
    },
    {
      "type": "Feature",
      "geometry": {
        "type": "Polygon",
        "coordinates": [
          [
            [
              5.496496047772352,
              43.20333222075356
            ],
            [
              5.496884795538674,
              43.212322733350774
            ],
            [
              5.509176462544785,
              43.21203764739918
            ],
            [
              5.508785803620892,
              43.20304718122789
            ],
            [
              5.496496047772352,
              43.20333222075356
            ]
          ]
        ]
      },
      "properties": {
        "id": "903000_6238000",
        "x": 903000,
        "y": 6238000,
        "url": "https://amplify-d17uxdu2napxpc-ma-amplifyalphdmeshesbucket-4rknaslwb6z4.s3.eu-west-3.amazonaws.com/meshes/0903_6238_11.drc",
        "format": "drc",
        "name": "0903_6238_11"
      }
    },
    {
      "type": "Feature",
      "geometry": {
        "type": "Polygon",
        "coordinates": [
          [
            [
              5.496884795538674,
              43.212322733350774
            ],
            [
              5.497273664353024,
              43.221313309258065
            ],
            [
              5.5095672431106015,
              43.22102817687271
            ],
            [
              5.509176462544785,
              43.21203764739918
            ],
            [
              5.496884795538674,
              43.212322733350774
            ]
          ]
        ]
      },
      "properties": {
        "id": "903000_6239000",
        "x": 903000,
        "y": 6239000,
        "url": "https://amplify-d17uxdu2napxpc-ma-amplifyalphdmeshesbucket-4rknaslwb6z4.s3.eu-west-3.amazonaws.com/meshes/0903_6239_11.drc",
        "format": "drc",
        "name": "0903_6239_11"
      }
    },
    {
      "type": "Feature",
      "geometry": {
        "type": "Polygon",
        "coordinates": [
          [
            [
              5.497273664353024,
              43.221313309258065
            ],
            [
              5.497662654271935,
              43.230303948266496
            ],
            [
              5.509958145375148,
              43.23001876943952
            ],
            [
              5.5095672431106015,
              43.22102817687271
            ],
            [
              5.497273664353024,
              43.221313309258065
            ]
          ]
        ]
      },
      "properties": {
        "id": "903000_6240000",
        "x": 903000,
        "y": 6240000,
        "url": "https://amplify-d17uxdu2napxpc-ma-amplifyalphdmeshesbucket-4rknaslwb6z4.s3.eu-west-3.amazonaws.com/meshes/0903_6240_11.drc",
        "format": "drc",
        "name": "0903_6240_11"
      }
    },
    {
      "type": "Feature",
      "geometry": {
        "type": "Polygon",
        "coordinates": [
          [
            [
              5.508395266282157,
              43.194056778567735
            ],
            [
              5.508785803620892,
              43.20304718122789
            ],
            [
              5.521075437884282,
              43.20276074249925
            ],
            [
              5.520682990038327,
              43.1937703864848
            ],
            [
              5.508395266282157,
              43.194056778567735
            ]
          ]
        ]
      },
      "properties": {
        "id": "904000_6237000",
        "x": 904000,
        "y": 6237000,
        "url": "https://amplify-d17uxdu2napxpc-ma-amplifyalphdmeshesbucket-4rknaslwb6z4.s3.eu-west-3.amazonaws.com/meshes/0904_6237_11.drc",
        "format": "drc",
        "name": "0904_6237_11"
      }
    },
    {
      "type": "Feature",
      "geometry": {
        "type": "Polygon",
        "coordinates": [
          [
            [
              5.508785803620892,
              43.20304718122789
            ],
            [
              5.509176462544785,
              43.21203764739918
            ],
            [
              5.521468007908976,
              43.21175116201697
            ],
            [
              5.521075437884282,
              43.20276074249925
            ],
            [
              5.508785803620892,
              43.20304718122789
            ]
          ]
        ]
      },
      "properties": {
        "id": "904000_6238000",
        "x": 904000,
        "y": 6238000,
        "url": "https://amplify-d17uxdu2napxpc-ma-amplifyalphdmeshesbucket-4rknaslwb6z4.s3.eu-west-3.amazonaws.com/meshes/0904_6238_11.drc",
        "format": "drc",
        "name": "0904_6238_11"
      }
    },
    {
      "type": "Feature",
      "geometry": {
        "type": "Polygon",
        "coordinates": [
          [
            [
              5.509176462544785,
              43.21203764739918
            ],
            [
              5.5095672431106015,
              43.22102817687271
            ],
            [
              5.521860700169455,
              43.220741644829005
            ],
            [
              5.521468007908976,
              43.21175116201697
            ],
            [
              5.509176462544785,
              43.21203764739918
            ]
          ]
        ]
      },
      "properties": {
        "id": "904000_6239000",
        "x": 904000,
        "y": 6239000,
        "url": "https://amplify-d17uxdu2napxpc-ma-amplifyalphdmeshesbucket-4rknaslwb6z4.s3.eu-west-3.amazonaws.com/meshes/0904_6239_11.drc",
        "format": "drc",
        "name": "0904_6239_11"
      }
    },
    {
      "type": "Feature",
      "geometry": {
        "type": "Polygon",
        "coordinates": [
          [
            [
              5.5095672431106015,
              43.22102817687271
            ],
            [
              5.509958145375148,
              43.23001876943952
            ],
            [
              5.522253514722797,
              43.22973219072649
            ],
            [
              5.521860700169455,
              43.220741644829005
            ],
            [
              5.5095672431106015,
              43.22102817687271
            ]
          ]
        ]
      },
      "properties": {
        "id": "904000_6240000",
        "x": 904000,
        "y": 6240000,
        "url": "https://amplify-d17uxdu2napxpc-ma-amplifyalphdmeshesbucket-4rknaslwb6z4.s3.eu-west-3.amazonaws.com/meshes/0904_6240_11.drc",
        "format": "drc",
        "name": "0904_6240_11"
      }
    },
    {
      "type": "Feature",
      "geometry": {
        "type": "Polygon",
        "coordinates": [
          [
            [
              5.53528537697802,
              43.526454226619585
            ],
            [
              5.535682383707228,
              43.53544679284267
            ],
            [
              5.548043002057174,
              43.53515721503177
            ],
            [
              5.547644062731126,
              43.5261646959767
            ],
            [
              5.53528537697802,
              43.526454226619585
            ]
          ]
        ]
      },
      "properties": {
        "id": "905000_6274000",
        "x": 905000,
        "y": 6274000,
        "url": "https://amplify-d17uxdu2napxpc-ma-amplifyalphdmeshesbucket-4rknaslwb6z4.s3.eu-west-3.amazonaws.com/meshes/0905_6274_11.drc",
        "format": "drc",
        "name": "0905_6274_11"
      }
    },
    {
      "type": "Feature",
      "geometry": {
        "type": "Polygon",
        "coordinates": [
          [
            [
              5.535682383707228,
              43.53544679284267
            ],
            [
              5.536079514749715,
              43.54443941481528
            ],
            [
              5.548442066300388,
              43.54414978982836
            ],
            [
              5.548043002057174,
              43.53515721503177
            ],
            [
              5.535682383707228,
              43.53544679284267
            ]
          ]
        ]
      },
      "properties": {
        "id": "905000_6275000",
        "x": 905000,
        "y": 6275000,
        "url": "https://amplify-d17uxdu2napxpc-ma-amplifyalphdmeshesbucket-4rknaslwb6z4.s3.eu-west-3.amazonaws.com/meshes/0905_6275_11.drc",
        "format": "drc",
        "name": "0905_6275_11"
      }
    },
    {
      "type": "Feature",
      "geometry": {
        "type": "Polygon",
        "coordinates": [
          [
            [
              5.547644062731126,
              43.5261646959767
            ],
            [
              5.548043002057174,
              43.53515721503177
            ],
            [
              5.560403495489956,
              43.534866229613236
            ],
            [
              5.560002623625692,
              43.52587375795521
            ],
            [
              5.547644062731126,
              43.5261646959767
            ]
          ]
        ]
      },
      "properties": {
        "id": "906000_6274000",
        "x": 906000,
        "y": 6274000,
        "url": "https://amplify-d17uxdu2napxpc-ma-amplifyalphdmeshesbucket-4rknaslwb6z4.s3.eu-west-3.amazonaws.com/meshes/0906_6274_11.drc",
        "format": "drc",
        "name": "0906_6274_11"
      }
    },
    {
      "type": "Feature",
      "geometry": {
        "type": "Polygon",
        "coordinates": [
          [
            [
              5.548043002057174,
              43.53515721503177
            ],
            [
              5.548442066300388,
              43.54414978982836
            ],
            [
              5.560804492875239,
              43.543858757004735
            ],
            [
              5.560403495489956,
              43.534866229613236
            ],
            [
              5.548043002057174,
              43.53515721503177
            ]
          ]
        ]
      },
      "properties": {
        "id": "906000_6275000",
        "x": 906000,
        "y": 6275000,
        "url": "https://amplify-d17uxdu2napxpc-ma-amplifyalphdmeshesbucket-4rknaslwb6z4.s3.eu-west-3.amazonaws.com/meshes/0906_6275_11.drc",
        "format": "drc",
        "name": "0906_6275_11"
      }
    },
    {
      "type": "Feature",
      "geometry": {
        "type": "Polygon",
        "coordinates": [
          [
            [
              5.560002623625692,
              43.52587375795521
            ],
            [
              5.560403495489956,
              43.534866229613236
            ],
            [
              5.572763863401727,
              43.53457383660933
            ],
            [
              5.572361059058153,
              43.52558141257737
            ],
            [
              5.560002623625692,
              43.52587375795521
            ]
          ]
        ]
      },
      "properties": {
        "id": "907000_6274000",
        "x": 907000,
        "y": 6274000,
        "url": "https://amplify-d17uxdu2napxpc-ma-amplifyalphdmeshesbucket-4rknaslwb6z4.s3.eu-west-3.amazonaws.com/meshes/0907_6274_11.drc",
        "format": "drc",
        "name": "0907_6274_11"
      }
    },
    {
      "type": "Feature",
      "geometry": {
        "type": "Polygon",
        "coordinates": [
          [
            [
              5.560403495489956,
              43.534866229613236
            ],
            [
              5.560804492875239,
              43.543858757004735
            ],
            [
              5.573166793870134,
              43.54356631636667
            ],
            [
              5.572763863401727,
              43.53457383660933
            ],
            [
              5.560403495489956,
              43.534866229613236
            ]
          ]
        ]
      },
      "properties": {
        "id": "907000_6275000",
        "x": 907000,
        "y": 6275000,
        "url": "https://amplify-d17uxdu2napxpc-ma-amplifyalphdmeshesbucket-4rknaslwb6z4.s3.eu-west-3.amazonaws.com/meshes/0907_6275_11.drc",
        "format": "drc",
        "name": "0907_6275_11"
      }
    },
    {
      "type": "Feature",
      "geometry": {
        "type": "Polygon",
        "coordinates": [
          [
            [
              5.572361059058153,
              43.52558141257737
            ],
            [
              5.572763863401727,
              43.53457383660933
            ],
            [
              5.5851241051886715,
              43.53428003604242
            ],
            [
              5.5847193684249765,
              43.52528765986554
            ],
            [
              5.572361059058153,
              43.52558141257737
            ]
          ]
        ]
      },
      "properties": {
        "id": "908000_6274000",
        "x": 908000,
        "y": 6274000,
        "url": "https://amplify-d17uxdu2napxpc-ma-amplifyalphdmeshesbucket-4rknaslwb6z4.s3.eu-west-3.amazonaws.com/meshes/0908_6274_11.drc",
        "format": "drc",
        "name": "0908_6274_11"
      }
    },
    {
      "type": "Feature",
      "geometry": {
        "type": "Polygon",
        "coordinates": [
          [
            [
              5.5847193684249765,
              43.52528765986554
            ],
            [
              5.5851241051886715,
              43.53428003604242
            ],
            [
              5.597484220247013,
              43.533984827935
            ],
            [
              5.597077551122667,
              43.5249924998422
            ],
            [
              5.5847193684249765,
              43.52528765986554
            ]
          ]
        ]
      },
      "properties": {
        "id": "909000_6274000",
        "x": 909000,
        "y": 6274000,
        "url": "https://amplify-d17uxdu2napxpc-ma-amplifyalphdmeshesbucket-4rknaslwb6z4.s3.eu-west-3.amazonaws.com/meshes/0909_6274_11.drc",
        "format": "drc",
        "name": "0909_6274_11"
      }
    },
    {
      "type": "Feature",
      "geometry": {
        "type": "Polygon",
        "coordinates": [
          [
            [
              5.597077551122667,
              43.5249924998422
            ],
            [
              5.597484220247013,
              43.533984827935
            ],
            [
              5.609844207973011,
              43.53368821230966
            ],
            [
              5.609435606547771,
              43.52469593252992
            ],
            [
              5.597077551122667,
              43.5249924998422
            ]
          ]
        ]
      },
      "properties": {
        "id": "910000_6274000",
        "x": 910000,
        "y": 6274000,
        "url": "https://amplify-d17uxdu2napxpc-ma-amplifyalphdmeshesbucket-4rknaslwb6z4.s3.eu-west-3.amazonaws.com/meshes/0910_6274_11.drc",
        "format": "drc",
        "name": "0910_6274_11"
      }
    },
    {
      "type": "Feature",
      "geometry": {
        "type": "Polygon",
        "coordinates": [
          [
            [
              5.609435606547771,
              43.52469593252992
            ],
            [
              5.609844207973011,
              43.53368821230966
            ],
            [
              5.622204067762964,
              43.533390189189085
            ],
            [
              5.621793534096864,
              43.52439795795143
            ],
            [
              5.609435606547771,
              43.52469593252992
            ]
          ]
        ]
      },
      "properties": {
        "id": "911000_6274000",
        "x": 911000,
        "y": 6274000,
        "url": "https://amplify-d17uxdu2napxpc-ma-amplifyalphdmeshesbucket-4rknaslwb6z4.s3.eu-west-3.amazonaws.com/meshes/0911_6274_11.drc",
        "format": "drc",
        "name": "0911_6274_11"
      }
    },
    {
      "type": "Feature",
      "geometry": {
        "type": "Polygon",
        "coordinates": [
          [
            [
              5.621793534096864,
              43.52439795795143
            ],
            [
              5.622204067762964,
              43.533390189189085
            ],
            [
              5.634563799013208,
              43.53309075859607
            ],
            [
              5.634151333166567,
              43.524098576129475
            ],
            [
              5.621793534096864,
              43.52439795795143
            ]
          ]
        ]
      },
      "properties": {
        "id": "912000_6274000",
        "x": 912000,
        "y": 6274000,
        "url": "https://amplify-d17uxdu2napxpc-ma-amplifyalphdmeshesbucket-4rknaslwb6z4.s3.eu-west-3.amazonaws.com/meshes/0912_6274_11.drc",
        "format": "drc",
        "name": "0912_6274_11"
      }
    },
    {
      "type": "Feature",
      "geometry": {
        "type": "Polygon",
        "coordinates": [
          [
            [
              5.622204067762964,
              43.533390189189085
            ],
            [
              5.622614729968781,
              43.542382476119364
            ],
            [
              5.634976394003192,
              43.54208299674703
            ],
            [
              5.634563799013208,
              43.53309075859607
            ],
            [
              5.622204067762964,
              43.533390189189085
            ]
          ]
        ]
      },
      "properties": {
        "id": "912000_6275000",
        "x": 912000,
        "y": 6275000,
        "url": "https://amplify-d17uxdu2napxpc-ma-amplifyalphdmeshesbucket-4rknaslwb6z4.s3.eu-west-3.amazonaws.com/meshes/0912_6275_11.drc",
        "format": "drc",
        "name": "0912_6275_11"
      }
    },
    {
      "type": "Feature",
      "geometry": {
        "type": "Polygon",
        "coordinates": [
          [
            [
              5.634563799013208,
              43.53309075859607
            ],
            [
              5.634976394003192,
              43.54208299674703
            ],
            [
              5.647337928833626,
              43.541782109696136
            ],
            [
              5.646923401120115,
              43.53278992055356
            ],
            [
              5.634563799013208,
              43.53309075859607
            ]
          ]
        ]
      },
      "properties": {
        "id": "913000_6275000",
        "x": 913000,
        "y": 6275000,
        "url": "https://amplify-d17uxdu2napxpc-ma-amplifyalphdmeshesbucket-4rknaslwb6z4.s3.eu-west-3.amazonaws.com/meshes/0913_6275_11.drc",
        "format": "drc",
        "name": "0913_6275_11"
      }
    },
    {
      "type": "Feature",
      "geometry": {
        "type": "Polygon",
        "coordinates": [
          [
            [
              5.646923401120115,
              43.53278992055356
            ],
            [
              5.647337928833626,
              43.541782109696136
            ],
            [
              5.659699333856214,
              43.541479814989756
            ],
            [
              5.659282873480096,
              43.53248767508454
            ],
            [
              5.646923401120115,
              43.53278992055356
            ]
          ]
        ]
      },
      "properties": {
        "id": "914000_6275000",
        "x": 914000,
        "y": 6275000,
        "url": "https://amplify-d17uxdu2napxpc-ma-amplifyalphdmeshesbucket-4rknaslwb6z4.s3.eu-west-3.amazonaws.com/meshes/0914_6275_11.drc",
        "format": "drc",
        "name": "0914_6275_11"
      }
    },
    {
      "type": "Feature",
      "geometry": {
        "type": "Polygon",
        "coordinates": [
          [
            [
              5.874435939253828,
              45.1122520301602
            ],
            [
              5.87489880407284,
              45.12125008542006
            ],
            [
              5.887608282039054,
              45.12092161114104
            ],
            [
              5.887143374608098,
              45.111923609465904
            ],
            [
              5.874435939253828,
              45.1122520301602
            ]
          ]
        ]
      },
      "properties": {
        "id": "926000_6451000",
        "x": 926000,
        "y": 6451000,
        "url": "https://amplify-d17uxdu2napxpc-ma-amplifyalphdmeshesbucket-4rknaslwb6z4.s3.eu-west-3.amazonaws.com/meshes/0926_6451_11.drc",
        "format": "drc",
        "name": "0926_6451_11"
      }
    },
    {
      "type": "Feature",
      "geometry": {
        "type": "Polygon",
        "coordinates": [
          [
            [
              5.87489880407284,
              45.12125008542006
            ],
            [
              5.875361817918395,
              45.13024815846488
            ],
            [
              5.8880733391524425,
              45.12991963059176
            ],
            [
              5.887608282039054,
              45.12092161114104
            ],
            [
              5.87489880407284,
              45.12125008542006
            ]
          ]
        ]
      },
      "properties": {
        "id": "926000_6452000",
        "x": 926000,
        "y": 6452000,
        "url": "https://amplify-d17uxdu2napxpc-ma-amplifyalphdmeshesbucket-4rknaslwb6z4.s3.eu-west-3.amazonaws.com/meshes/0926_6452_11.drc",
        "format": "drc",
        "name": "0926_6452_11"
      }
    },
    {
      "type": "Feature",
      "geometry": {
        "type": "Polygon",
        "coordinates": [
          [
            [
              5.875361817918395,
              45.13024815846488
            ],
            [
              5.875824980862446,
              45.13924624907797
            ],
            [
              5.888538546020534,
              45.1389176676014
            ],
            [
              5.8880733391524425,
              45.12991963059176
            ],
            [
              5.875361817918395,
              45.13024815846488
            ]
          ]
        ]
      },
      "properties": {
        "id": "926000_6453000",
        "x": 926000,
        "y": 6453000,
        "url": "https://amplify-d17uxdu2napxpc-ma-amplifyalphdmeshesbucket-4rknaslwb6z4.s3.eu-west-3.amazonaws.com/meshes/0926_6453_11.drc",
        "format": "drc",
        "name": "0926_6453_11"
      }
    },
    {
      "type": "Feature",
      "geometry": {
        "type": "Polygon",
        "coordinates": [
          [
            [
              5.887143374608098,
              45.111923609465904
            ],
            [
              5.887608282039054,
              45.12092161114104
            ],
            [
              5.9003176103228405,
              45.12059168861369
            ],
            [
              5.899850660352164,
              45.111593740759204
            ],
            [
              5.887143374608098,
              45.111923609465904
            ]
          ]
        ]
      },
      "properties": {
        "id": "927000_6451000",
        "x": 927000,
        "y": 6451000,
        "url": "https://amplify-d17uxdu2napxpc-ma-amplifyalphdmeshesbucket-4rknaslwb6z4.s3.eu-west-3.amazonaws.com/meshes/0927_6451_11.drc",
        "format": "drc",
        "name": "0927_6451_11"
      }
    },
    {
      "type": "Feature",
      "geometry": {
        "type": "Polygon",
        "coordinates": [
          [
            [
              5.887608282039054,
              45.12092161114104
            ],
            [
              5.8880733391524425,
              45.12991963059176
            ],
            [
              5.900784710631796,
              45.12958965423438
            ],
            [
              5.9003176103228405,
              45.12059168861369
            ],
            [
              5.887608282039054,
              45.12092161114104
            ]
          ]
        ]
      },
      "properties": {
        "id": "927000_6452000",
        "x": 927000,
        "y": 6452000,
        "url": "https://amplify-d17uxdu2napxpc-ma-amplifyalphdmeshesbucket-4rknaslwb6z4.s3.eu-west-3.amazonaws.com/meshes/0927_6452_11.drc",
        "format": "drc",
        "name": "0927_6452_11"
      }
    },
    {
      "type": "Feature",
      "geometry": {
        "type": "Polygon",
        "coordinates": [
          [
            [
              5.8880733391524425,
              45.12991963059176
            ],
            [
              5.888538546020534,
              45.1389176676014
            ],
            [
              5.901251961351614,
              45.138587637404555
            ],
            [
              5.900784710631796,
              45.12958965423438
            ],
            [
              5.8880733391524425,
              45.12991963059176
            ]
          ]
        ]
      },
      "properties": {
        "id": "927000_6453000",
        "x": 927000,
        "y": 6453000,
        "url": "https://amplify-d17uxdu2napxpc-ma-amplifyalphdmeshesbucket-4rknaslwb6z4.s3.eu-west-3.amazonaws.com/meshes/0927_6453_11.drc",
        "format": "drc",
        "name": "0927_6453_11"
      }
    },
    {
      "type": "Feature",
      "geometry": {
        "type": "Polygon",
        "coordinates": [
          [
            [
              5.899850660352164,
              45.111593740759204
            ],
            [
              5.9003176103228405,
              45.12059168861369
            ],
            [
              5.913026788268355,
              45.12026031786406
            ],
            [
              5.9125577958304945,
              45.11126242406611
            ],
            [
              5.899850660352164,
              45.111593740759204
            ]
          ]
        ]
      },
      "properties": {
        "id": "928000_6451000",
        "x": 928000,
        "y": 6451000,
        "url": "https://amplify-d17uxdu2napxpc-ma-amplifyalphdmeshesbucket-4rknaslwb6z4.s3.eu-west-3.amazonaws.com/meshes/0928_6451_11.drc",
        "format": "drc",
        "name": "0928_6451_11"
      }
    },
    {
      "type": "Feature",
      "geometry": {
        "type": "Polygon",
        "coordinates": [
          [
            [
              5.9003176103228405,
              45.12059168861369
            ],
            [
              5.900784710631796,
              45.12958965423438
            ],
            [
              5.913495931700293,
              45.129258229418724
            ],
            [
              5.913026788268355,
              45.12026031786406
            ],
            [
              5.9003176103228405,
              45.12059168861369
            ]
          ]
        ]
      },
      "properties": {
        "id": "928000_6452000",
        "x": 928000,
        "y": 6452000,
        "url": "https://amplify-d17uxdu2napxpc-ma-amplifyalphdmeshesbucket-4rknaslwb6z4.s3.eu-west-3.amazonaws.com/meshes/0928_6452_11.drc",
        "format": "drc",
        "name": "0928_6452_11"
      }
    },
    {
      "type": "Feature",
      "geometry": {
        "type": "Polygon",
        "coordinates": [
          [
            [
              5.900784710631796,
              45.12958965423438
            ],
            [
              5.901251961351614,
              45.138587637404555
            ],
            [
              5.91396522619921,
              45.13825615851344
            ],
            [
              5.913495931700293,
              45.129258229418724
            ],
            [
              5.900784710631796,
              45.12958965423438
            ]
          ]
        ]
      },
      "properties": {
        "id": "928000_6453000",
        "x": 928000,
        "y": 6453000,
        "url": "https://amplify-d17uxdu2napxpc-ma-amplifyalphdmeshesbucket-4rknaslwb6z4.s3.eu-west-3.amazonaws.com/meshes/0928_6453_11.drc",
        "format": "drc",
        "name": "0928_6453_11"
      }
    },
    {
      "type": "Feature",
      "geometry": {
        "type": "Polygon",
        "coordinates": [
          [
            [
              5.9125577958304945,
              45.11126242406611
            ],
            [
              5.913026788268355,
              45.12026031786406
            ],
            [
              5.9257358152198,
              45.11992749891818
            ],
            [
              5.925264780387605,
              45.110929659412704
            ],
            [
              5.9125577958304945,
              45.11126242406611
            ]
          ]
        ]
      },
      "properties": {
        "id": "929000_6451000",
        "x": 929000,
        "y": 6451000,
        "url": "https://amplify-d17uxdu2napxpc-ma-amplifyalphdmeshesbucket-4rknaslwb6z4.s3.eu-west-3.amazonaws.com/meshes/0929_6451_11.drc",
        "format": "drc",
        "name": "0929_6451_11"
      }
    },
    {
      "type": "Feature",
      "geometry": {
        "type": "Polygon",
        "coordinates": [
          [
            [
              5.913026788268355,
              45.12026031786406
            ],
            [
              5.913495931700293,
              45.129258229418724
            ],
            [
              5.926207001701823,
              45.12892535617092
            ],
            [
              5.9257358152198,
              45.11992749891818
            ],
            [
              5.913026788268355,
              45.12026031786406
            ]
          ]
        ]
      },
      "properties": {
        "id": "929000_6452000",
        "x": 929000,
        "y": 6452000,
        "url": "https://amplify-d17uxdu2napxpc-ma-amplifyalphdmeshesbucket-4rknaslwb6z4.s3.eu-west-3.amazonaws.com/meshes/0929_6452_11.drc",
        "format": "drc",
        "name": "0929_6452_11"
      }
    },
    {
      "type": "Feature",
      "geometry": {
        "type": "Polygon",
        "coordinates": [
          [
            [
              5.913495931700293,
              45.129258229418724
            ],
            [
              5.91396522619921,
              45.13825615851344
            ],
            [
              5.926678339906891,
              45.13792323095423
            ],
            [
              5.926207001701823,
              45.12892535617092
            ],
            [
              5.913495931700293,
              45.129258229418724
            ]
          ]
        ]
      },
      "properties": {
        "id": "929000_6453000",
        "x": 929000,
        "y": 6453000,
        "url": "https://amplify-d17uxdu2napxpc-ma-amplifyalphdmeshesbucket-4rknaslwb6z4.s3.eu-west-3.amazonaws.com/meshes/0929_6453_11.drc",
        "format": "drc",
        "name": "0929_6453_11"
      }
    },
    {
      "type": "Feature",
      "geometry": {
        "type": "Polygon",
        "coordinates": [
          [
            [
              5.91396522619921,
              45.13825615851344
            ],
            [
              5.9144346718380465,
              45.14725410493153
            ],
            [
              5.927149829908263,
              45.146921123051385
            ],
            [
              5.926678339906891,
              45.13792323095423
            ],
            [
              5.91396522619921,
              45.13825615851344
            ]
          ]
        ]
      },
      "properties": {
        "id": "929000_6454000",
        "x": 929000,
        "y": 6454000,
        "url": "https://amplify-d17uxdu2napxpc-ma-amplifyalphdmeshesbucket-4rknaslwb6z4.s3.eu-west-3.amazonaws.com/meshes/0929_6454_11.drc",
        "format": "drc",
        "name": "0929_6454_11"
      }
    },
    {
      "type": "Feature",
      "geometry": {
        "type": "Polygon",
        "coordinates": [
          [
            [
              5.9257358152198,
              45.11992749891818
            ],
            [
              5.926207001701823,
              45.12892535617092
            ],
            [
              5.938917919980318,
              45.12859103451722
            ],
            [
              5.938444690521421,
              45.11959323180236
            ],
            [
              5.9257358152198,
              45.11992749891818
            ]
          ]
        ]
      },
      "properties": {
        "id": "930000_6452000",
        "x": 930000,
        "y": 6452000,
        "url": "https://amplify-d17uxdu2napxpc-ma-amplifyalphdmeshesbucket-4rknaslwb6z4.s3.eu-west-3.amazonaws.com/meshes/0930_6452_11.drc",
        "format": "drc",
        "name": "0930_6452_11"
      }
    },
    {
      "type": "Feature",
      "geometry": {
        "type": "Polygon",
        "coordinates": [
          [
            [
              5.926207001701823,
              45.12892535617092
            ],
            [
              5.926678339906891,
              45.13792323095423
            ],
            [
              5.939391301818276,
              45.137588854753105
            ],
            [
              5.938917919980318,
              45.12859103451722
            ],
            [
              5.926207001701823,
              45.12892535617092
            ]
          ]
        ]
      },
      "properties": {
        "id": "930000_6453000",
        "x": 930000,
        "y": 6453000,
        "url": "https://amplify-d17uxdu2napxpc-ma-amplifyalphdmeshesbucket-4rknaslwb6z4.s3.eu-west-3.amazonaws.com/meshes/0930_6453_11.drc",
        "format": "drc",
        "name": "0930_6453_11"
      }
    },
    {
      "type": "Feature",
      "geometry": {
        "type": "Polygon",
        "coordinates": [
          [
            [
              5.926678339906891,
              45.13792323095423
            ],
            [
              5.927149829908263,
              45.146921123051385
            ],
            [
              5.939864836108874,
              45.14658669229334
            ],
            [
              5.939391301818276,
              45.137588854753105
            ],
            [
              5.926678339906891,
              45.13792323095423
            ]
          ]
        ]
      },
      "properties": {
        "id": "930000_6454000",
        "x": 930000,
        "y": 6454000,
        "url": "https://amplify-d17uxdu2napxpc-ma-amplifyalphdmeshesbucket-4rknaslwb6z4.s3.eu-west-3.amazonaws.com/meshes/0930_6454_11.drc",
        "format": "drc",
        "name": "0930_6454_11"
      }
    },
    {
      "type": "Feature",
      "geometry": {
        "type": "Polygon",
        "coordinates": [
          [
            [
              6.139812004775922,
              44.85278932334349
            ],
            [
              6.140315245248751,
              44.86178556546093
            ],
            [
              6.152964378544714,
              44.86142687767081
            ],
            [
              6.15245911532966,
              44.85243069404015
            ],
            [
              6.139812004775922,
              44.85278932334349
            ]
          ]
        ]
      },
      "properties": {
        "id": "948000_6423000",
        "x": 948000,
        "y": 6423000,
        "url": "https://amplify-d17uxdu2napxpc-ma-amplifyalphdmeshesbucket-4rknaslwb6z4.s3.eu-west-3.amazonaws.com/meshes/0948_6423_11.drc",
        "format": "drc",
        "name": "0948_6423_11"
      }
    },
    {
      "type": "Feature",
      "geometry": {
        "type": "Polygon",
        "coordinates": [
          [
            [
              6.177243704966621,
              44.84271307082457
            ],
            [
              6.177752850316051,
              44.85170911296917
            ],
            [
              6.190399473457285,
              44.851346161258064
            ],
            [
              6.189888306245412,
              44.84235017829365
            ],
            [
              6.177243704966621,
              44.84271307082457
            ]
          ]
        ]
      },
      "properties": {
        "id": "951000_6422000",
        "x": 951000,
        "y": 6422000,
        "url": "https://amplify-d17uxdu2napxpc-ma-amplifyalphdmeshesbucket-4rknaslwb6z4.s3.eu-west-3.amazonaws.com/meshes/0951_6422_01.drc",
        "format": "drc",
        "name": "0951_6422_01"
      }
    },
    {
      "type": "Feature",
      "geometry": {
        "type": "Polygon",
        "coordinates": [
          [
            [
              6.177243704966621,
              44.84271307082457
            ],
            [
              6.177752850316051,
              44.85170911296917
            ],
            [
              6.190399473457285,
              44.851346161258064
            ],
            [
              6.189888306245412,
              44.84235017829365
            ],
            [
              6.177243704966621,
              44.84271307082457
            ]
          ]
        ]
      },
      "properties": {
        "id": "951000_6422000",
        "x": 951000,
        "y": 6422000,
        "url": "https://amplify-d17uxdu2napxpc-ma-amplifyalphdmeshesbucket-4rknaslwb6z4.s3.eu-west-3.amazonaws.com/meshes/0951_6422_09.drc",
        "format": "drc",
        "name": "0951_6422_09"
      }
    },
    {
      "type": "Feature",
      "geometry": {
        "type": "Polygon",
        "coordinates": [
          [
            [
              6.177243704966621,
              44.84271307082457
            ],
            [
              6.177752850316051,
              44.85170911296917
            ],
            [
              6.190399473457285,
              44.851346161258064
            ],
            [
              6.189888306245412,
              44.84235017829365
            ],
            [
              6.177243704966621,
              44.84271307082457
            ]
          ]
        ]
      },
      "properties": {
        "id": "951000_6422000",
        "x": 951000,
        "y": 6422000,
        "url": "https://amplify-d17uxdu2napxpc-ma-amplifyalphdmeshesbucket-4rknaslwb6z4.s3.eu-west-3.amazonaws.com/meshes/0951_6422_11.drc",
        "format": "drc",
        "name": "0951_6422_11"
      }
    },
    {
      "type": "Feature",
      "geometry": {
        "type": "Polygon",
        "coordinates": [
          [
            [
              6.177752850316051,
              44.85170911296917
            ],
            [
              6.178262158782022,
              44.86070517892258
            ],
            [
              6.1909108044313355,
              44.86034216802101
            ],
            [
              6.190399473457285,
              44.851346161258064
            ],
            [
              6.177752850316051,
              44.85170911296917
            ]
          ]
        ]
      },
      "properties": {
        "id": "951000_6423000",
        "x": 951000,
        "y": 6423000,
        "url": "https://amplify-d17uxdu2napxpc-ma-amplifyalphdmeshesbucket-4rknaslwb6z4.s3.eu-west-3.amazonaws.com/meshes/0951_6423_01.drc",
        "format": "drc",
        "name": "0951_6423_01"
      }
    },
    {
      "type": "Feature",
      "geometry": {
        "type": "Polygon",
        "coordinates": [
          [
            [
              6.177752850316051,
              44.85170911296917
            ],
            [
              6.178262158782022,
              44.86070517892258
            ],
            [
              6.1909108044313355,
              44.86034216802101
            ],
            [
              6.190399473457285,
              44.851346161258064
            ],
            [
              6.177752850316051,
              44.85170911296917
            ]
          ]
        ]
      },
      "properties": {
        "id": "951000_6423000",
        "x": 951000,
        "y": 6423000,
        "url": "https://amplify-d17uxdu2napxpc-ma-amplifyalphdmeshesbucket-4rknaslwb6z4.s3.eu-west-3.amazonaws.com/meshes/0951_6423_09.drc",
        "format": "drc",
        "name": "0951_6423_09"
      }
    },
    {
      "type": "Feature",
      "geometry": {
        "type": "Polygon",
        "coordinates": [
          [
            [
              6.177752850316051,
              44.85170911296917
            ],
            [
              6.178262158782022,
              44.86070517892258
            ],
            [
              6.1909108044313355,
              44.86034216802101
            ],
            [
              6.190399473457285,
              44.851346161258064
            ],
            [
              6.177752850316051,
              44.85170911296917
            ]
          ]
        ]
      },
      "properties": {
        "id": "951000_6423000",
        "x": 951000,
        "y": 6423000,
        "url": "https://amplify-d17uxdu2napxpc-ma-amplifyalphdmeshesbucket-4rknaslwb6z4.s3.eu-west-3.amazonaws.com/meshes/0951_6423_11.drc",
        "format": "drc",
        "name": "0951_6423_11"
      }
    },
    {
      "type": "Feature",
      "geometry": {
        "type": "Polygon",
        "coordinates": [
          [
            [
              6.178262158782022,
              44.86070517892258
            ],
            [
              6.178771630442897,
              44.86970126846907
            ],
            [
              6.19142229924623,
              44.86933819836676
            ],
            [
              6.1909108044313355,
              44.86034216802101
            ],
            [
              6.178262158782022,
              44.86070517892258
            ]
          ]
        ]
      },
      "properties": {
        "id": "951000_6424000",
        "x": 951000,
        "y": 6424000,
        "url": "https://amplify-d17uxdu2napxpc-ma-amplifyalphdmeshesbucket-4rknaslwb6z4.s3.eu-west-3.amazonaws.com/meshes/0951_6424_01.drc",
        "format": "drc",
        "name": "0951_6424_01"
      }
    },
    {
      "type": "Feature",
      "geometry": {
        "type": "Polygon",
        "coordinates": [
          [
            [
              6.178262158782022,
              44.86070517892258
            ],
            [
              6.178771630442897,
              44.86970126846907
            ],
            [
              6.19142229924623,
              44.86933819836676
            ],
            [
              6.1909108044313355,
              44.86034216802101
            ],
            [
              6.178262158782022,
              44.86070517892258
            ]
          ]
        ]
      },
      "properties": {
        "id": "951000_6424000",
        "x": 951000,
        "y": 6424000,
        "url": "https://amplify-d17uxdu2napxpc-ma-amplifyalphdmeshesbucket-4rknaslwb6z4.s3.eu-west-3.amazonaws.com/meshes/0951_6424_09.drc",
        "format": "drc",
        "name": "0951_6424_09"
      }
    },
    {
      "type": "Feature",
      "geometry": {
        "type": "Polygon",
        "coordinates": [
          [
            [
              6.178262158782022,
              44.86070517892258
            ],
            [
              6.178771630442897,
              44.86970126846907
            ],
            [
              6.19142229924623,
              44.86933819836676
            ],
            [
              6.1909108044313355,
              44.86034216802101
            ],
            [
              6.178262158782022,
              44.86070517892258
            ]
          ]
        ]
      },
      "properties": {
        "id": "951000_6424000",
        "x": 951000,
        "y": 6424000,
        "url": "https://amplify-d17uxdu2napxpc-ma-amplifyalphdmeshesbucket-4rknaslwb6z4.s3.eu-west-3.amazonaws.com/meshes/0951_6424_11.drc",
        "format": "drc",
        "name": "0951_6424_11"
      }
    },
    {
      "type": "Feature",
      "geometry": {
        "type": "Polygon",
        "coordinates": [
          [
            [
              6.189888306245412,
              44.84235017829365
            ],
            [
              6.190399473457285,
              44.851346161258064
            ],
            [
              6.203045932836349,
              44.850981768801155
            ],
            [
              6.202532743840649,
              44.84198584525141
            ],
            [
              6.189888306245412,
              44.84235017829365
            ]
          ]
        ]
      },
      "properties": {
        "id": "952000_6422000",
        "x": 952000,
        "y": 6422000,
        "url": "https://amplify-d17uxdu2napxpc-ma-amplifyalphdmeshesbucket-4rknaslwb6z4.s3.eu-west-3.amazonaws.com/meshes/0952_6422_01.drc",
        "format": "drc",
        "name": "0952_6422_01"
      }
    },
    {
      "type": "Feature",
      "geometry": {
        "type": "Polygon",
        "coordinates": [
          [
            [
              6.189888306245412,
              44.84235017829365
            ],
            [
              6.190399473457285,
              44.851346161258064
            ],
            [
              6.203045932836349,
              44.850981768801155
            ],
            [
              6.202532743840649,
              44.84198584525141
            ],
            [
              6.189888306245412,
              44.84235017829365
            ]
          ]
        ]
      },
      "properties": {
        "id": "952000_6422000",
        "x": 952000,
        "y": 6422000,
        "url": "https://amplify-d17uxdu2napxpc-ma-amplifyalphdmeshesbucket-4rknaslwb6z4.s3.eu-west-3.amazonaws.com/meshes/0952_6422_09.drc",
        "format": "drc",
        "name": "0952_6422_09"
      }
    },
    {
      "type": "Feature",
      "geometry": {
        "type": "Polygon",
        "coordinates": [
          [
            [
              6.189888306245412,
              44.84235017829365
            ],
            [
              6.190399473457285,
              44.851346161258064
            ],
            [
              6.203045932836349,
              44.850981768801155
            ],
            [
              6.202532743840649,
              44.84198584525141
            ],
            [
              6.189888306245412,
              44.84235017829365
            ]
          ]
        ]
      },
      "properties": {
        "id": "952000_6422000",
        "x": 952000,
        "y": 6422000,
        "url": "https://amplify-d17uxdu2napxpc-ma-amplifyalphdmeshesbucket-4rknaslwb6z4.s3.eu-west-3.amazonaws.com/meshes/0952_6422_11.drc",
        "format": "drc",
        "name": "0952_6422_11"
      }
    },
    {
      "type": "Feature",
      "geometry": {
        "type": "Polygon",
        "coordinates": [
          [
            [
              6.190399473457285,
              44.851346161258064
            ],
            [
              6.1909108044313355,
              44.86034216802101
            ],
            [
              6.203559286239813,
              44.85997771613907
            ],
            [
              6.203045932836349,
              44.850981768801155
            ],
            [
              6.190399473457285,
              44.851346161258064
            ]
          ]
        ]
      },
      "properties": {
        "id": "952000_6423000",
        "x": 952000,
        "y": 6423000,
        "url": "https://amplify-d17uxdu2napxpc-ma-amplifyalphdmeshesbucket-4rknaslwb6z4.s3.eu-west-3.amazonaws.com/meshes/0952_6423_11.drc",
        "format": "drc",
        "name": "0952_6423_11"
      }
    },
    {
      "type": "Feature",
      "geometry": {
        "type": "Polygon",
        "coordinates": [
          [
            [
              6.1909108044313355,
              44.86034216802101
            ],
            [
              6.19142229924623,
              44.86933819836676
            ],
            [
              6.204072804130011,
              44.86897368704947
            ],
            [
              6.203559286239813,
              44.85997771613907
            ],
            [
              6.1909108044313355,
              44.86034216802101
            ]
          ]
        ]
      },
      "properties": {
        "id": "952000_6424000",
        "x": 952000,
        "y": 6424000,
        "url": "https://amplify-d17uxdu2napxpc-ma-amplifyalphdmeshesbucket-4rknaslwb6z4.s3.eu-west-3.amazonaws.com/meshes/0952_6424_01.drc",
        "format": "drc",
        "name": "0952_6424_01"
      }
    },
    {
      "type": "Feature",
      "geometry": {
        "type": "Polygon",
        "coordinates": [
          [
            [
              6.1909108044313355,
              44.86034216802101
            ],
            [
              6.19142229924623,
              44.86933819836676
            ],
            [
              6.204072804130011,
              44.86897368704947
            ],
            [
              6.203559286239813,
              44.85997771613907
            ],
            [
              6.1909108044313355,
              44.86034216802101
            ]
          ]
        ]
      },
      "properties": {
        "id": "952000_6424000",
        "x": 952000,
        "y": 6424000,
        "url": "https://amplify-d17uxdu2napxpc-ma-amplifyalphdmeshesbucket-4rknaslwb6z4.s3.eu-west-3.amazonaws.com/meshes/0952_6424_09.drc",
        "format": "drc",
        "name": "0952_6424_09"
      }
    },
    {
      "type": "Feature",
      "geometry": {
        "type": "Polygon",
        "coordinates": [
          [
            [
              6.1909108044313355,
              44.86034216802101
            ],
            [
              6.19142229924623,
              44.86933819836676
            ],
            [
              6.204072804130011,
              44.86897368704947
            ],
            [
              6.203559286239813,
              44.85997771613907
            ],
            [
              6.1909108044313355,
              44.86034216802101
            ]
          ]
        ]
      },
      "properties": {
        "id": "952000_6424000",
        "x": 952000,
        "y": 6424000,
        "url": "https://amplify-d17uxdu2napxpc-ma-amplifyalphdmeshesbucket-4rknaslwb6z4.s3.eu-west-3.amazonaws.com/meshes/0952_6424_11.drc",
        "format": "drc",
        "name": "0952_6424_11"
      }
    },
    {
      "type": "Feature",
      "geometry": {
        "type": "Polygon",
        "coordinates": [
          [
            [
              6.202532743840649,
              44.84198584525141
            ],
            [
              6.203045932836349,
              44.850981768801155
            ],
            [
              6.215692227807662,
              44.85061593562695
            ],
            [
              6.215177017107058,
              44.84162007172639
            ],
            [
              6.202532743840649,
              44.84198584525141
            ]
          ]
        ]
      },
      "properties": {
        "id": "953000_6422000",
        "x": 953000,
        "y": 6422000,
        "url": "https://amplify-d17uxdu2napxpc-ma-amplifyalphdmeshesbucket-4rknaslwb6z4.s3.eu-west-3.amazonaws.com/meshes/0953_6422_01.drc",
        "format": "drc",
        "name": "0953_6422_01"
      }
    },
    {
      "type": "Feature",
      "geometry": {
        "type": "Polygon",
        "coordinates": [
          [
            [
              6.202532743840649,
              44.84198584525141
            ],
            [
              6.203045932836349,
              44.850981768801155
            ],
            [
              6.215692227807662,
              44.85061593562695
            ],
            [
              6.215177017107058,
              44.84162007172639
            ],
            [
              6.202532743840649,
              44.84198584525141
            ]
          ]
        ]
      },
      "properties": {
        "id": "953000_6422000",
        "x": 953000,
        "y": 6422000,
        "url": "https://amplify-d17uxdu2napxpc-ma-amplifyalphdmeshesbucket-4rknaslwb6z4.s3.eu-west-3.amazonaws.com/meshes/0953_6422_09.drc",
        "format": "drc",
        "name": "0953_6422_09"
      }
    },
    {
      "type": "Feature",
      "geometry": {
        "type": "Polygon",
        "coordinates": [
          [
            [
              6.202532743840649,
              44.84198584525141
            ],
            [
              6.203045932836349,
              44.850981768801155
            ],
            [
              6.215692227807662,
              44.85061593562695
            ],
            [
              6.215177017107058,
              44.84162007172639
            ],
            [
              6.202532743840649,
              44.84198584525141
            ]
          ]
        ]
      },
      "properties": {
        "id": "953000_6422000",
        "x": 953000,
        "y": 6422000,
        "url": "https://amplify-d17uxdu2napxpc-ma-amplifyalphdmeshesbucket-4rknaslwb6z4.s3.eu-west-3.amazonaws.com/meshes/0953_6422_11.drc",
        "format": "drc",
        "name": "0953_6422_11"
      }
    },
    {
      "type": "Feature",
      "geometry": {
        "type": "Polygon",
        "coordinates": [
          [
            [
              6.203045932836349,
              44.850981768801155
            ],
            [
              6.203559286239813,
              44.85997771613907
            ],
            [
              6.216207603561561,
              44.85961182330532
            ],
            [
              6.215692227807662,
              44.85061593562695
            ],
            [
              6.203045932836349,
              44.850981768801155
            ]
          ]
        ]
      },
      "properties": {
        "id": "953000_6423000",
        "x": 953000,
        "y": 6423000,
        "url": "https://amplify-d17uxdu2napxpc-ma-amplifyalphdmeshesbucket-4rknaslwb6z4.s3.eu-west-3.amazonaws.com/meshes/0953_6423_01.drc",
        "format": "drc",
        "name": "0953_6423_01"
      }
    },
    {
      "type": "Feature",
      "geometry": {
        "type": "Polygon",
        "coordinates": [
          [
            [
              6.203045932836349,
              44.850981768801155
            ],
            [
              6.203559286239813,
              44.85997771613907
            ],
            [
              6.216207603561561,
              44.85961182330532
            ],
            [
              6.215692227807662,
              44.85061593562695
            ],
            [
              6.203045932836349,
              44.850981768801155
            ]
          ]
        ]
      },
      "properties": {
        "id": "953000_6423000",
        "x": 953000,
        "y": 6423000,
        "url": "https://amplify-d17uxdu2napxpc-ma-amplifyalphdmeshesbucket-4rknaslwb6z4.s3.eu-west-3.amazonaws.com/meshes/0953_6423_09.drc",
        "format": "drc",
        "name": "0953_6423_09"
      }
    },
    {
      "type": "Feature",
      "geometry": {
        "type": "Polygon",
        "coordinates": [
          [
            [
              6.203045932836349,
              44.850981768801155
            ],
            [
              6.203559286239813,
              44.85997771613907
            ],
            [
              6.216207603561561,
              44.85961182330532
            ],
            [
              6.215692227807662,
              44.85061593562695
            ],
            [
              6.203045932836349,
              44.850981768801155
            ]
          ]
        ]
      },
      "properties": {
        "id": "953000_6423000",
        "x": 953000,
        "y": 6423000,
        "url": "https://amplify-d17uxdu2napxpc-ma-amplifyalphdmeshesbucket-4rknaslwb6z4.s3.eu-west-3.amazonaws.com/meshes/0953_6423_11.drc",
        "format": "drc",
        "name": "0953_6423_11"
      }
    },
    {
      "type": "Feature",
      "geometry": {
        "type": "Polygon",
        "coordinates": [
          [
            [
              6.203559286239813,
              44.85997771613907
            ],
            [
              6.204072804130011,
              44.86897368704947
            ],
            [
              6.2167231444480375,
              44.86860773454581
            ],
            [
              6.216207603561561,
              44.85961182330532
            ],
            [
              6.203559286239813,
              44.85997771613907
            ]
          ]
        ]
      },
      "properties": {
        "id": "953000_6424000",
        "x": 953000,
        "y": 6424000,
        "url": "https://amplify-d17uxdu2napxpc-ma-amplifyalphdmeshesbucket-4rknaslwb6z4.s3.eu-west-3.amazonaws.com/meshes/0953_6424_01.drc",
        "format": "drc",
        "name": "0953_6424_01"
      }
    },
    {
      "type": "Feature",
      "geometry": {
        "type": "Polygon",
        "coordinates": [
          [
            [
              6.203559286239813,
              44.85997771613907
            ],
            [
              6.204072804130011,
              44.86897368704947
            ],
            [
              6.2167231444480375,
              44.86860773454581
            ],
            [
              6.216207603561561,
              44.85961182330532
            ],
            [
              6.203559286239813,
              44.85997771613907
            ]
          ]
        ]
      },
      "properties": {
        "id": "953000_6424000",
        "x": 953000,
        "y": 6424000,
        "url": "https://amplify-d17uxdu2napxpc-ma-amplifyalphdmeshesbucket-4rknaslwb6z4.s3.eu-west-3.amazonaws.com/meshes/0953_6424_09.drc",
        "format": "drc",
        "name": "0953_6424_09"
      }
    },
    {
      "type": "Feature",
      "geometry": {
        "type": "Polygon",
        "coordinates": [
          [
            [
              6.203559286239813,
              44.85997771613907
            ],
            [
              6.204072804130011,
              44.86897368704947
            ],
            [
              6.2167231444480375,
              44.86860773454581
            ],
            [
              6.216207603561561,
              44.85961182330532
            ],
            [
              6.203559286239813,
              44.85997771613907
            ]
          ]
        ]
      },
      "properties": {
        "id": "953000_6424000",
        "x": 953000,
        "y": 6424000,
        "url": "https://amplify-d17uxdu2napxpc-ma-amplifyalphdmeshesbucket-4rknaslwb6z4.s3.eu-west-3.amazonaws.com/meshes/0953_6424_11.drc",
        "format": "drc",
        "name": "0953_6424_11"
      }
    },
    {
      "type": "Feature",
      "geometry": {
        "type": "Polygon",
        "coordinates": [
          [
            [
              6.234038866969531,
              44.949204027119755
            ],
            [
              6.2345580929454485,
              44.95820010209922
            ],
            [
              6.247228366150315,
              44.957830665342875
            ],
            [
              6.24670711086268,
              44.94883465060717
            ],
            [
              6.234038866969531,
              44.949204027119755
            ]
          ]
        ]
      },
      "properties": {
        "id": "955000_6434000",
        "x": 955000,
        "y": 6434000,
        "url": "https://amplify-d17uxdu2napxpc-ma-amplifyalphdmeshesbucket-4rknaslwb6z4.s3.eu-west-3.amazonaws.com/meshes/0955_6434_01.drc",
        "format": "drc",
        "name": "0955_6434_01"
      }
    },
    {
      "type": "Feature",
      "geometry": {
        "type": "Polygon",
        "coordinates": [
          [
            [
              6.234038866969531,
              44.949204027119755
            ],
            [
              6.2345580929454485,
              44.95820010209922
            ],
            [
              6.247228366150315,
              44.957830665342875
            ],
            [
              6.24670711086268,
              44.94883465060717
            ],
            [
              6.234038866969531,
              44.949204027119755
            ]
          ]
        ]
      },
      "properties": {
        "id": "955000_6434000",
        "x": 955000,
        "y": 6434000,
        "url": "https://amplify-d17uxdu2napxpc-ma-amplifyalphdmeshesbucket-4rknaslwb6z4.s3.eu-west-3.amazonaws.com/meshes/0955_6434_09.drc",
        "format": "drc",
        "name": "0955_6434_09"
      }
    },
    {
      "type": "Feature",
      "geometry": {
        "type": "Polygon",
        "coordinates": [
          [
            [
              6.234038866969531,
              44.949204027119755
            ],
            [
              6.2345580929454485,
              44.95820010209922
            ],
            [
              6.247228366150315,
              44.957830665342875
            ],
            [
              6.24670711086268,
              44.94883465060717
            ],
            [
              6.234038866969531,
              44.949204027119755
            ]
          ]
        ]
      },
      "properties": {
        "id": "955000_6434000",
        "x": 955000,
        "y": 6434000,
        "url": "https://amplify-d17uxdu2napxpc-ma-amplifyalphdmeshesbucket-4rknaslwb6z4.s3.eu-west-3.amazonaws.com/meshes/0955_6434_11.drc",
        "format": "drc",
        "name": "0955_6434_11"
      }
    },
    {
      "type": "Feature",
      "geometry": {
        "type": "Polygon",
        "coordinates": [
          [
            [
              6.2345580929454485,
              44.95820010209922
            ],
            [
              6.235077485578622,
              44.96719619825491
            ],
            [
              6.247749788744357,
              44.96682670124431
            ],
            [
              6.247228366150315,
              44.957830665342875
            ],
            [
              6.2345580929454485,
              44.95820010209922
            ]
          ]
        ]
      },
      "properties": {
        "id": "955000_6435000",
        "x": 955000,
        "y": 6435000,
        "url": "https://amplify-d17uxdu2napxpc-ma-amplifyalphdmeshesbucket-4rknaslwb6z4.s3.eu-west-3.amazonaws.com/meshes/0955_6435_01.drc",
        "format": "drc",
        "name": "0955_6435_01"
      }
    },
    {
      "type": "Feature",
      "geometry": {
        "type": "Polygon",
        "coordinates": [
          [
            [
              6.2345580929454485,
              44.95820010209922
            ],
            [
              6.235077485578622,
              44.96719619825491
            ],
            [
              6.247749788744357,
              44.96682670124431
            ],
            [
              6.247228366150315,
              44.957830665342875
            ],
            [
              6.2345580929454485,
              44.95820010209922
            ]
          ]
        ]
      },
      "properties": {
        "id": "955000_6435000",
        "x": 955000,
        "y": 6435000,
        "url": "https://amplify-d17uxdu2napxpc-ma-amplifyalphdmeshesbucket-4rknaslwb6z4.s3.eu-west-3.amazonaws.com/meshes/0955_6435_09.drc",
        "format": "drc",
        "name": "0955_6435_09"
      }
    },
    {
      "type": "Feature",
      "geometry": {
        "type": "Polygon",
        "coordinates": [
          [
            [
              6.2345580929454485,
              44.95820010209922
            ],
            [
              6.235077485578622,
              44.96719619825491
            ],
            [
              6.247749788744357,
              44.96682670124431
            ],
            [
              6.247228366150315,
              44.957830665342875
            ],
            [
              6.2345580929454485,
              44.95820010209922
            ]
          ]
        ]
      },
      "properties": {
        "id": "955000_6435000",
        "x": 955000,
        "y": 6435000,
        "url": "https://amplify-d17uxdu2napxpc-ma-amplifyalphdmeshesbucket-4rknaslwb6z4.s3.eu-west-3.amazonaws.com/meshes/0955_6435_11.drc",
        "format": "drc",
        "name": "0955_6435_11"
      }
    },
    {
      "type": "Feature",
      "geometry": {
        "type": "Polygon",
        "coordinates": [
          [
            [
              6.235077485578622,
              44.96719619825491
            ],
            [
              6.235597044949259,
              44.976192315370696
            ],
            [
              6.248271378725318,
              44.97582275809535
            ],
            [
              6.247749788744357,
              44.96682670124431
            ],
            [
              6.235077485578622,
              44.96719619825491
            ]
          ]
        ]
      },
      "properties": {
        "id": "955000_6436000",
        "x": 955000,
        "y": 6436000,
        "url": "https://amplify-d17uxdu2napxpc-ma-amplifyalphdmeshesbucket-4rknaslwb6z4.s3.eu-west-3.amazonaws.com/meshes/0955_6436_11.drc",
        "format": "drc",
        "name": "0955_6436_11"
      }
    },
    {
      "type": "Feature",
      "geometry": {
        "type": "Polygon",
        "coordinates": [
          [
            [
              6.235597044949259,
              44.976192315370696
            ],
            [
              6.236116771137618,
              44.98518845323034
            ],
            [
              6.248793136173772,
              44.98481883567976
            ],
            [
              6.248271378725318,
              44.97582275809535
            ],
            [
              6.235597044949259,
              44.976192315370696
            ]
          ]
        ]
      },
      "properties": {
        "id": "955000_6437000",
        "x": 955000,
        "y": 6437000,
        "url": "https://amplify-d17uxdu2napxpc-ma-amplifyalphdmeshesbucket-4rknaslwb6z4.s3.eu-west-3.amazonaws.com/meshes/0955_6437_01.drc",
        "format": "drc",
        "name": "0955_6437_01"
      }
    },
    {
      "type": "Feature",
      "geometry": {
        "type": "Polygon",
        "coordinates": [
          [
            [
              6.235597044949259,
              44.976192315370696
            ],
            [
              6.236116771137618,
              44.98518845323034
            ],
            [
              6.248793136173772,
              44.98481883567976
            ],
            [
              6.248271378725318,
              44.97582275809535
            ],
            [
              6.235597044949259,
              44.976192315370696
            ]
          ]
        ]
      },
      "properties": {
        "id": "955000_6437000",
        "x": 955000,
        "y": 6437000,
        "url": "https://amplify-d17uxdu2napxpc-ma-amplifyalphdmeshesbucket-4rknaslwb6z4.s3.eu-west-3.amazonaws.com/meshes/0955_6437_09.drc",
        "format": "drc",
        "name": "0955_6437_09"
      }
    },
    {
      "type": "Feature",
      "geometry": {
        "type": "Polygon",
        "coordinates": [
          [
            [
              6.236116771137618,
              44.98518845323034
            ],
            [
              6.236636664224005,
              44.99418461161766
            ],
            [
              6.2493150611703365,
              44.99381493378133
            ],
            [
              6.248793136173772,
              44.98481883567976
            ],
            [
              6.236116771137618,
              44.98518845323034
            ]
          ]
        ]
      },
      "properties": {
        "id": "955000_6438000",
        "x": 955000,
        "y": 6438000,
        "url": "https://amplify-d17uxdu2napxpc-ma-amplifyalphdmeshesbucket-4rknaslwb6z4.s3.eu-west-3.amazonaws.com/meshes/0955_6438_01.drc",
        "format": "drc",
        "name": "0955_6438_01"
      }
    },
    {
      "type": "Feature",
      "geometry": {
        "type": "Polygon",
        "coordinates": [
          [
            [
              6.236116771137618,
              44.98518845323034
            ],
            [
              6.236636664224005,
              44.99418461161766
            ],
            [
              6.2493150611703365,
              44.99381493378133
            ],
            [
              6.248793136173772,
              44.98481883567976
            ],
            [
              6.236116771137618,
              44.98518845323034
            ]
          ]
        ]
      },
      "properties": {
        "id": "955000_6438000",
        "x": 955000,
        "y": 6438000,
        "url": "https://amplify-d17uxdu2napxpc-ma-amplifyalphdmeshesbucket-4rknaslwb6z4.s3.eu-west-3.amazonaws.com/meshes/0955_6438_09.drc",
        "format": "drc",
        "name": "0955_6438_09"
      }
    },
    {
      "type": "Feature",
      "geometry": {
        "type": "Polygon",
        "coordinates": [
          [
            [
              6.236116771137618,
              44.98518845323034
            ],
            [
              6.236636664224005,
              44.99418461161766
            ],
            [
              6.2493150611703365,
              44.99381493378133
            ],
            [
              6.248793136173772,
              44.98481883567976
            ],
            [
              6.236116771137618,
              44.98518845323034
            ]
          ]
        ]
      },
      "properties": {
        "id": "955000_6438000",
        "x": 955000,
        "y": 6438000,
        "url": "https://amplify-d17uxdu2napxpc-ma-amplifyalphdmeshesbucket-4rknaslwb6z4.s3.eu-west-3.amazonaws.com/meshes/0955_6438_11.drc",
        "format": "drc",
        "name": "0955_6438_11"
      }
    },
    {
      "type": "Feature",
      "geometry": {
        "type": "Polygon",
        "coordinates": [
          [
            [
              6.236636664224005,
              44.99418461161766
            ],
            [
              6.237156724288785,
              45.003180790316364
            ],
            [
              6.249837153795687,
              45.002811052183766
            ],
            [
              6.2493150611703365,
              44.99381493378133
            ],
            [
              6.236636664224005,
              44.99418461161766
            ]
          ]
        ]
      },
      "properties": {
        "id": "955000_6439000",
        "x": 955000,
        "y": 6439000,
        "url": "https://amplify-d17uxdu2napxpc-ma-amplifyalphdmeshesbucket-4rknaslwb6z4.s3.eu-west-3.amazonaws.com/meshes/0955_6439_01.drc",
        "format": "drc",
        "name": "0955_6439_01"
      }
    },
    {
      "type": "Feature",
      "geometry": {
        "type": "Polygon",
        "coordinates": [
          [
            [
              6.236636664224005,
              44.99418461161766
            ],
            [
              6.237156724288785,
              45.003180790316364
            ],
            [
              6.249837153795687,
              45.002811052183766
            ],
            [
              6.2493150611703365,
              44.99381493378133
            ],
            [
              6.236636664224005,
              44.99418461161766
            ]
          ]
        ]
      },
      "properties": {
        "id": "955000_6439000",
        "x": 955000,
        "y": 6439000,
        "url": "https://amplify-d17uxdu2napxpc-ma-amplifyalphdmeshesbucket-4rknaslwb6z4.s3.eu-west-3.amazonaws.com/meshes/0955_6439_09.drc",
        "format": "drc",
        "name": "0955_6439_09"
      }
    },
    {
      "type": "Feature",
      "geometry": {
        "type": "Polygon",
        "coordinates": [
          [
            [
              6.236636664224005,
              44.99418461161766
            ],
            [
              6.237156724288785,
              45.003180790316364
            ],
            [
              6.249837153795687,
              45.002811052183766
            ],
            [
              6.2493150611703365,
              44.99381493378133
            ],
            [
              6.236636664224005,
              44.99418461161766
            ]
          ]
        ]
      },
      "properties": {
        "id": "955000_6439000",
        "x": 955000,
        "y": 6439000,
        "url": "https://amplify-d17uxdu2napxpc-ma-amplifyalphdmeshesbucket-4rknaslwb6z4.s3.eu-west-3.amazonaws.com/meshes/0955_6439_11.drc",
        "format": "drc",
        "name": "0955_6439_11"
      }
    },
    {
      "type": "Feature",
      "geometry": {
        "type": "Polygon",
        "coordinates": [
          [
            [
              6.237156724288785,
              45.003180790316364
            ],
            [
              6.237676951412368,
              45.01217698911014
            ],
            [
              6.250359414130545,
              45.01180719067077
            ],
            [
              6.249837153795687,
              45.002811052183766
            ],
            [
              6.237156724288785,
              45.003180790316364
            ]
          ]
        ]
      },
      "properties": {
        "id": "955000_6440000",
        "x": 955000,
        "y": 6440000,
        "url": "https://amplify-d17uxdu2napxpc-ma-amplifyalphdmeshesbucket-4rknaslwb6z4.s3.eu-west-3.amazonaws.com/meshes/0955_6440_01.drc",
        "format": "drc",
        "name": "0955_6440_01"
      }
    },
    {
      "type": "Feature",
      "geometry": {
        "type": "Polygon",
        "coordinates": [
          [
            [
              6.237156724288785,
              45.003180790316364
            ],
            [
              6.237676951412368,
              45.01217698911014
            ],
            [
              6.250359414130545,
              45.01180719067077
            ],
            [
              6.249837153795687,
              45.002811052183766
            ],
            [
              6.237156724288785,
              45.003180790316364
            ]
          ]
        ]
      },
      "properties": {
        "id": "955000_6440000",
        "x": 955000,
        "y": 6440000,
        "url": "https://amplify-d17uxdu2napxpc-ma-amplifyalphdmeshesbucket-4rknaslwb6z4.s3.eu-west-3.amazonaws.com/meshes/0955_6440_09.drc",
        "format": "drc",
        "name": "0955_6440_09"
      }
    },
    {
      "type": "Feature",
      "geometry": {
        "type": "Polygon",
        "coordinates": [
          [
            [
              6.237156724288785,
              45.003180790316364
            ],
            [
              6.237676951412368,
              45.01217698911014
            ],
            [
              6.250359414130545,
              45.01180719067077
            ],
            [
              6.249837153795687,
              45.002811052183766
            ],
            [
              6.237156724288785,
              45.003180790316364
            ]
          ]
        ]
      },
      "properties": {
        "id": "955000_6440000",
        "x": 955000,
        "y": 6440000,
        "url": "https://amplify-d17uxdu2napxpc-ma-amplifyalphdmeshesbucket-4rknaslwb6z4.s3.eu-west-3.amazonaws.com/meshes/0955_6440_11.drc",
        "format": "drc",
        "name": "0955_6440_11"
      }
    },
    {
      "type": "Feature",
      "geometry": {
        "type": "Polygon",
        "coordinates": [
          [
            [
              6.24670711086268,
              44.94883465060717
            ],
            [
              6.247228366150315,
              44.957830665342875
            ],
            [
              6.2598984720487865,
              44.95745978513885
            ],
            [
              6.259375187529898,
              44.94846383088188
            ],
            [
              6.24670711086268,
              44.94883465060717
            ]
          ]
        ]
      },
      "properties": {
        "id": "956000_6434000",
        "x": 956000,
        "y": 6434000,
        "url": "https://amplify-d17uxdu2napxpc-ma-amplifyalphdmeshesbucket-4rknaslwb6z4.s3.eu-west-3.amazonaws.com/meshes/0956_6434_01.drc",
        "format": "drc",
        "name": "0956_6434_01"
      }
    },
    {
      "type": "Feature",
      "geometry": {
        "type": "Polygon",
        "coordinates": [
          [
            [
              6.24670711086268,
              44.94883465060717
            ],
            [
              6.247228366150315,
              44.957830665342875
            ],
            [
              6.2598984720487865,
              44.95745978513885
            ],
            [
              6.259375187529898,
              44.94846383088188
            ],
            [
              6.24670711086268,
              44.94883465060717
            ]
          ]
        ]
      },
      "properties": {
        "id": "956000_6434000",
        "x": 956000,
        "y": 6434000,
        "url": "https://amplify-d17uxdu2napxpc-ma-amplifyalphdmeshesbucket-4rknaslwb6z4.s3.eu-west-3.amazonaws.com/meshes/0956_6434_09.drc",
        "format": "drc",
        "name": "0956_6434_09"
      }
    },
    {
      "type": "Feature",
      "geometry": {
        "type": "Polygon",
        "coordinates": [
          [
            [
              6.24670711086268,
              44.94883465060717
            ],
            [
              6.247228366150315,
              44.957830665342875
            ],
            [
              6.2598984720487865,
              44.95745978513885
            ],
            [
              6.259375187529898,
              44.94846383088188
            ],
            [
              6.24670711086268,
              44.94883465060717
            ]
          ]
        ]
      },
      "properties": {
        "id": "956000_6434000",
        "x": 956000,
        "y": 6434000,
        "url": "https://amplify-d17uxdu2napxpc-ma-amplifyalphdmeshesbucket-4rknaslwb6z4.s3.eu-west-3.amazonaws.com/meshes/0956_6434_11.drc",
        "format": "drc",
        "name": "0956_6434_11"
      }
    },
    {
      "type": "Feature",
      "geometry": {
        "type": "Polygon",
        "coordinates": [
          [
            [
              6.247228366150315,
              44.957830665342875
            ],
            [
              6.247749788744357,
              44.96682670124431
            ],
            [
              6.260421924523176,
              44.96645576055106
            ],
            [
              6.2598984720487865,
              44.95745978513885
            ],
            [
              6.247228366150315,
              44.957830665342875
            ]
          ]
        ]
      },
      "properties": {
        "id": "956000_6435000",
        "x": 956000,
        "y": 6435000,
        "url": "https://amplify-d17uxdu2napxpc-ma-amplifyalphdmeshesbucket-4rknaslwb6z4.s3.eu-west-3.amazonaws.com/meshes/0956_6435_01.drc",
        "format": "drc",
        "name": "0956_6435_01"
      }
    },
    {
      "type": "Feature",
      "geometry": {
        "type": "Polygon",
        "coordinates": [
          [
            [
              6.247228366150315,
              44.957830665342875
            ],
            [
              6.247749788744357,
              44.96682670124431
            ],
            [
              6.260421924523176,
              44.96645576055106
            ],
            [
              6.2598984720487865,
              44.95745978513885
            ],
            [
              6.247228366150315,
              44.957830665342875
            ]
          ]
        ]
      },
      "properties": {
        "id": "956000_6435000",
        "x": 956000,
        "y": 6435000,
        "url": "https://amplify-d17uxdu2napxpc-ma-amplifyalphdmeshesbucket-4rknaslwb6z4.s3.eu-west-3.amazonaws.com/meshes/0956_6435_09.drc",
        "format": "drc",
        "name": "0956_6435_09"
      }
    },
    {
      "type": "Feature",
      "geometry": {
        "type": "Polygon",
        "coordinates": [
          [
            [
              6.247228366150315,
              44.957830665342875
            ],
            [
              6.247749788744357,
              44.96682670124431
            ],
            [
              6.260421924523176,
              44.96645576055106
            ],
            [
              6.2598984720487865,
              44.95745978513885
            ],
            [
              6.247228366150315,
              44.957830665342875
            ]
          ]
        ]
      },
      "properties": {
        "id": "956000_6435000",
        "x": 956000,
        "y": 6435000,
        "url": "https://amplify-d17uxdu2napxpc-ma-amplifyalphdmeshesbucket-4rknaslwb6z4.s3.eu-west-3.amazonaws.com/meshes/0956_6435_11.drc",
        "format": "drc",
        "name": "0956_6435_11"
      }
    },
    {
      "type": "Feature",
      "geometry": {
        "type": "Polygon",
        "coordinates": [
          [
            [
              6.247749788744357,
              44.96682670124431
            ],
            [
              6.248271378725318,
              44.97582275809535
            ],
            [
              6.260945545033895,
              44.97545175690231
            ],
            [
              6.260421924523176,
              44.96645576055106
            ],
            [
              6.247749788744357,
              44.96682670124431
            ]
          ]
        ]
      },
      "properties": {
        "id": "956000_6436000",
        "x": 956000,
        "y": 6436000,
        "url": "https://amplify-d17uxdu2napxpc-ma-amplifyalphdmeshesbucket-4rknaslwb6z4.s3.eu-west-3.amazonaws.com/meshes/0956_6436_01.drc",
        "format": "drc",
        "name": "0956_6436_01"
      }
    },
    {
      "type": "Feature",
      "geometry": {
        "type": "Polygon",
        "coordinates": [
          [
            [
              6.247749788744357,
              44.96682670124431
            ],
            [
              6.248271378725318,
              44.97582275809535
            ],
            [
              6.260945545033895,
              44.97545175690231
            ],
            [
              6.260421924523176,
              44.96645576055106
            ],
            [
              6.247749788744357,
              44.96682670124431
            ]
          ]
        ]
      },
      "properties": {
        "id": "956000_6436000",
        "x": 956000,
        "y": 6436000,
        "url": "https://amplify-d17uxdu2napxpc-ma-amplifyalphdmeshesbucket-4rknaslwb6z4.s3.eu-west-3.amazonaws.com/meshes/0956_6436_09.drc",
        "format": "drc",
        "name": "0956_6436_09"
      }
    },
    {
      "type": "Feature",
      "geometry": {
        "type": "Polygon",
        "coordinates": [
          [
            [
              6.247749788744357,
              44.96682670124431
            ],
            [
              6.248271378725318,
              44.97582275809535
            ],
            [
              6.260945545033895,
              44.97545175690231
            ],
            [
              6.260421924523176,
              44.96645576055106
            ],
            [
              6.247749788744357,
              44.96682670124431
            ]
          ]
        ]
      },
      "properties": {
        "id": "956000_6436000",
        "x": 956000,
        "y": 6436000,
        "url": "https://amplify-d17uxdu2napxpc-ma-amplifyalphdmeshesbucket-4rknaslwb6z4.s3.eu-west-3.amazonaws.com/meshes/0956_6436_11.drc",
        "format": "drc",
        "name": "0956_6436_11"
      }
    },
    {
      "type": "Feature",
      "geometry": {
        "type": "Polygon",
        "coordinates": [
          [
            [
              6.248271378725318,
              44.97582275809535
            ],
            [
              6.248793136173772,
              44.98481883567976
            ],
            [
              6.261469333661823,
              44.98444777397639
            ],
            [
              6.260945545033895,
              44.97545175690231
            ],
            [
              6.248271378725318,
              44.97582275809535
            ]
          ]
        ]
      },
      "properties": {
        "id": "956000_6437000",
        "x": 956000,
        "y": 6437000,
        "url": "https://amplify-d17uxdu2napxpc-ma-amplifyalphdmeshesbucket-4rknaslwb6z4.s3.eu-west-3.amazonaws.com/meshes/0956_6437_01.drc",
        "format": "drc",
        "name": "0956_6437_01"
      }
    },
    {
      "type": "Feature",
      "geometry": {
        "type": "Polygon",
        "coordinates": [
          [
            [
              6.248271378725318,
              44.97582275809535
            ],
            [
              6.248793136173772,
              44.98481883567976
            ],
            [
              6.261469333661823,
              44.98444777397639
            ],
            [
              6.260945545033895,
              44.97545175690231
            ],
            [
              6.248271378725318,
              44.97582275809535
            ]
          ]
        ]
      },
      "properties": {
        "id": "956000_6437000",
        "x": 956000,
        "y": 6437000,
        "url": "https://amplify-d17uxdu2napxpc-ma-amplifyalphdmeshesbucket-4rknaslwb6z4.s3.eu-west-3.amazonaws.com/meshes/0956_6437_09.drc",
        "format": "drc",
        "name": "0956_6437_09"
      }
    },
    {
      "type": "Feature",
      "geometry": {
        "type": "Polygon",
        "coordinates": [
          [
            [
              6.248271378725318,
              44.97582275809535
            ],
            [
              6.248793136173772,
              44.98481883567976
            ],
            [
              6.261469333661823,
              44.98444777397639
            ],
            [
              6.260945545033895,
              44.97545175690231
            ],
            [
              6.248271378725318,
              44.97582275809535
            ]
          ]
        ]
      },
      "properties": {
        "id": "956000_6437000",
        "x": 956000,
        "y": 6437000,
        "url": "https://amplify-d17uxdu2napxpc-ma-amplifyalphdmeshesbucket-4rknaslwb6z4.s3.eu-west-3.amazonaws.com/meshes/0956_6437_11.drc",
        "format": "drc",
        "name": "0956_6437_11"
      }
    },
    {
      "type": "Feature",
      "geometry": {
        "type": "Polygon",
        "coordinates": [
          [
            [
              6.248793136173772,
              44.98481883567976
            ],
            [
              6.2493150611703365,
              44.99381493378133
            ],
            [
              6.261993290487893,
              44.993443811557086
            ],
            [
              6.261469333661823,
              44.98444777397639
            ],
            [
              6.248793136173772,
              44.98481883567976
            ]
          ]
        ]
      },
      "properties": {
        "id": "956000_6438000",
        "x": 956000,
        "y": 6438000,
        "url": "https://amplify-d17uxdu2napxpc-ma-amplifyalphdmeshesbucket-4rknaslwb6z4.s3.eu-west-3.amazonaws.com/meshes/0956_6438_01.drc",
        "format": "drc",
        "name": "0956_6438_01"
      }
    },
    {
      "type": "Feature",
      "geometry": {
        "type": "Polygon",
        "coordinates": [
          [
            [
              6.248793136173772,
              44.98481883567976
            ],
            [
              6.2493150611703365,
              44.99381493378133
            ],
            [
              6.261993290487893,
              44.993443811557086
            ],
            [
              6.261469333661823,
              44.98444777397639
            ],
            [
              6.248793136173772,
              44.98481883567976
            ]
          ]
        ]
      },
      "properties": {
        "id": "956000_6438000",
        "x": 956000,
        "y": 6438000,
        "url": "https://amplify-d17uxdu2napxpc-ma-amplifyalphdmeshesbucket-4rknaslwb6z4.s3.eu-west-3.amazonaws.com/meshes/0956_6438_09.drc",
        "format": "drc",
        "name": "0956_6438_09"
      }
    },
    {
      "type": "Feature",
      "geometry": {
        "type": "Polygon",
        "coordinates": [
          [
            [
              6.248793136173772,
              44.98481883567976
            ],
            [
              6.2493150611703365,
              44.99381493378133
            ],
            [
              6.261993290487893,
              44.993443811557086
            ],
            [
              6.261469333661823,
              44.98444777397639
            ],
            [
              6.248793136173772,
              44.98481883567976
            ]
          ]
        ]
      },
      "properties": {
        "id": "956000_6438000",
        "x": 956000,
        "y": 6438000,
        "url": "https://amplify-d17uxdu2napxpc-ma-amplifyalphdmeshesbucket-4rknaslwb6z4.s3.eu-west-3.amazonaws.com/meshes/0956_6438_11.drc",
        "format": "drc",
        "name": "0956_6438_11"
      }
    },
    {
      "type": "Feature",
      "geometry": {
        "type": "Polygon",
        "coordinates": [
          [
            [
              6.2493150611703365,
              44.99381493378133
            ],
            [
              6.249837153795687,
              45.002811052183766
            ],
            [
              6.262517415593089,
              45.00243986942812
            ],
            [
              6.261993290487893,
              44.993443811557086
            ],
            [
              6.2493150611703365,
              44.99381493378133
            ]
          ]
        ]
      },
      "properties": {
        "id": "956000_6439000",
        "x": 956000,
        "y": 6439000,
        "url": "https://amplify-d17uxdu2napxpc-ma-amplifyalphdmeshesbucket-4rknaslwb6z4.s3.eu-west-3.amazonaws.com/meshes/0956_6439_01.drc",
        "format": "drc",
        "name": "0956_6439_01"
      }
    },
    {
      "type": "Feature",
      "geometry": {
        "type": "Polygon",
        "coordinates": [
          [
            [
              6.2493150611703365,
              44.99381493378133
            ],
            [
              6.249837153795687,
              45.002811052183766
            ],
            [
              6.262517415593089,
              45.00243986942812
            ],
            [
              6.261993290487893,
              44.993443811557086
            ],
            [
              6.2493150611703365,
              44.99381493378133
            ]
          ]
        ]
      },
      "properties": {
        "id": "956000_6439000",
        "x": 956000,
        "y": 6439000,
        "url": "https://amplify-d17uxdu2napxpc-ma-amplifyalphdmeshesbucket-4rknaslwb6z4.s3.eu-west-3.amazonaws.com/meshes/0956_6439_09.drc",
        "format": "drc",
        "name": "0956_6439_09"
      }
    },
    {
      "type": "Feature",
      "geometry": {
        "type": "Polygon",
        "coordinates": [
          [
            [
              6.2493150611703365,
              44.99381493378133
            ],
            [
              6.249837153795687,
              45.002811052183766
            ],
            [
              6.262517415593089,
              45.00243986942812
            ],
            [
              6.261993290487893,
              44.993443811557086
            ],
            [
              6.2493150611703365,
              44.99381493378133
            ]
          ]
        ]
      },
      "properties": {
        "id": "956000_6439000",
        "x": 956000,
        "y": 6439000,
        "url": "https://amplify-d17uxdu2napxpc-ma-amplifyalphdmeshesbucket-4rknaslwb6z4.s3.eu-west-3.amazonaws.com/meshes/0956_6439_11.drc",
        "format": "drc",
        "name": "0956_6439_11"
      }
    },
    {
      "type": "Feature",
      "geometry": {
        "type": "Polygon",
        "coordinates": [
          [
            [
              6.249837153795687,
              45.002811052183766
            ],
            [
              6.250359414130545,
              45.01180719067077
            ],
            [
              6.263041709058448,
              45.01143594737316
            ],
            [
              6.262517415593089,
              45.00243986942812
            ],
            [
              6.249837153795687,
              45.002811052183766
            ]
          ]
        ]
      },
      "properties": {
        "id": "956000_6440000",
        "x": 956000,
        "y": 6440000,
        "url": "https://amplify-d17uxdu2napxpc-ma-amplifyalphdmeshesbucket-4rknaslwb6z4.s3.eu-west-3.amazonaws.com/meshes/0956_6440_01.drc",
        "format": "drc",
        "name": "0956_6440_01"
      }
    },
    {
      "type": "Feature",
      "geometry": {
        "type": "Polygon",
        "coordinates": [
          [
            [
              6.249837153795687,
              45.002811052183766
            ],
            [
              6.250359414130545,
              45.01180719067077
            ],
            [
              6.263041709058448,
              45.01143594737316
            ],
            [
              6.262517415593089,
              45.00243986942812
            ],
            [
              6.249837153795687,
              45.002811052183766
            ]
          ]
        ]
      },
      "properties": {
        "id": "956000_6440000",
        "x": 956000,
        "y": 6440000,
        "url": "https://amplify-d17uxdu2napxpc-ma-amplifyalphdmeshesbucket-4rknaslwb6z4.s3.eu-west-3.amazonaws.com/meshes/0956_6440_09.drc",
        "format": "drc",
        "name": "0956_6440_09"
      }
    },
    {
      "type": "Feature",
      "geometry": {
        "type": "Polygon",
        "coordinates": [
          [
            [
              6.249837153795687,
              45.002811052183766
            ],
            [
              6.250359414130545,
              45.01180719067077
            ],
            [
              6.263041709058448,
              45.01143594737316
            ],
            [
              6.262517415593089,
              45.00243986942812
            ],
            [
              6.249837153795687,
              45.002811052183766
            ]
          ]
        ]
      },
      "properties": {
        "id": "956000_6440000",
        "x": 956000,
        "y": 6440000,
        "url": "https://amplify-d17uxdu2napxpc-ma-amplifyalphdmeshesbucket-4rknaslwb6z4.s3.eu-west-3.amazonaws.com/meshes/0956_6440_11.drc",
        "format": "drc",
        "name": "0956_6440_11"
      }
    },
    {
      "type": "Feature",
      "geometry": {
        "type": "Polygon",
        "coordinates": [
          [
            [
              6.254151562148281,
              44.85850549938066
            ],
            [
              6.25467317154635,
              44.86750123020402
            ],
            [
              6.2673228471403695,
              44.86712951324289
            ],
            [
              6.266799215065212,
              44.85813384302768
            ],
            [
              6.254151562148281,
              44.85850549938066
            ]
          ]
        ]
      },
      "properties": {
        "id": "957000_6424000",
        "x": 957000,
        "y": 6424000,
        "url": "https://amplify-d17uxdu2napxpc-ma-amplifyalphdmeshesbucket-4rknaslwb6z4.s3.eu-west-3.amazonaws.com/meshes/0957_6424_11.drc",
        "format": "drc",
        "name": "0957_6424_11"
      }
    },
    {
      "type": "Feature",
      "geometry": {
        "type": "Polygon",
        "coordinates": [
          [
            [
              6.259375187529898,
              44.94846383088188
            ],
            [
              6.2598984720487865,
              44.95745978513885
            ],
            [
              6.272568409991766,
              44.9570874615163
            ],
            [
              6.272043096322401,
              44.94809156797298
            ],
            [
              6.259375187529898,
              44.94846383088188
            ]
          ]
        ]
      },
      "properties": {
        "id": "957000_6434000",
        "x": 957000,
        "y": 6434000,
        "url": "https://amplify-d17uxdu2napxpc-ma-amplifyalphdmeshesbucket-4rknaslwb6z4.s3.eu-west-3.amazonaws.com/meshes/0957_6434_01.drc",
        "format": "drc",
        "name": "0957_6434_01"
      }
    },
    {
      "type": "Feature",
      "geometry": {
        "type": "Polygon",
        "coordinates": [
          [
            [
              6.259375187529898,
              44.94846383088188
            ],
            [
              6.2598984720487865,
              44.95745978513885
            ],
            [
              6.272568409991766,
              44.9570874615163
            ],
            [
              6.272043096322401,
              44.94809156797298
            ],
            [
              6.259375187529898,
              44.94846383088188
            ]
          ]
        ]
      },
      "properties": {
        "id": "957000_6434000",
        "x": 957000,
        "y": 6434000,
        "url": "https://amplify-d17uxdu2napxpc-ma-amplifyalphdmeshesbucket-4rknaslwb6z4.s3.eu-west-3.amazonaws.com/meshes/0957_6434_09.drc",
        "format": "drc",
        "name": "0957_6434_09"
      }
    },
    {
      "type": "Feature",
      "geometry": {
        "type": "Polygon",
        "coordinates": [
          [
            [
              6.259375187529898,
              44.94846383088188
            ],
            [
              6.2598984720487865,
              44.95745978513885
            ],
            [
              6.272568409991766,
              44.9570874615163
            ],
            [
              6.272043096322401,
              44.94809156797298
            ],
            [
              6.259375187529898,
              44.94846383088188
            ]
          ]
        ]
      },
      "properties": {
        "id": "957000_6434000",
        "x": 957000,
        "y": 6434000,
        "url": "https://amplify-d17uxdu2napxpc-ma-amplifyalphdmeshesbucket-4rknaslwb6z4.s3.eu-west-3.amazonaws.com/meshes/0957_6434_11.drc",
        "format": "drc",
        "name": "0957_6434_11"
      }
    },
    {
      "type": "Feature",
      "geometry": {
        "type": "Polygon",
        "coordinates": [
          [
            [
              6.2598984720487865,
              44.95745978513885
            ],
            [
              6.260421924523176,
              44.96645576055106
            ],
            [
              6.273093892265676,
              44.96608337620427
            ],
            [
              6.272568409991766,
              44.9570874615163
            ],
            [
              6.2598984720487865,
              44.95745978513885
            ]
          ]
        ]
      },
      "properties": {
        "id": "957000_6435000",
        "x": 957000,
        "y": 6435000,
        "url": "https://amplify-d17uxdu2napxpc-ma-amplifyalphdmeshesbucket-4rknaslwb6z4.s3.eu-west-3.amazonaws.com/meshes/0957_6435_01.drc",
        "format": "drc",
        "name": "0957_6435_01"
      }
    },
    {
      "type": "Feature",
      "geometry": {
        "type": "Polygon",
        "coordinates": [
          [
            [
              6.2598984720487865,
              44.95745978513885
            ],
            [
              6.260421924523176,
              44.96645576055106
            ],
            [
              6.273093892265676,
              44.96608337620427
            ],
            [
              6.272568409991766,
              44.9570874615163
            ],
            [
              6.2598984720487865,
              44.95745978513885
            ]
          ]
        ]
      },
      "properties": {
        "id": "957000_6435000",
        "x": 957000,
        "y": 6435000,
        "url": "https://amplify-d17uxdu2napxpc-ma-amplifyalphdmeshesbucket-4rknaslwb6z4.s3.eu-west-3.amazonaws.com/meshes/0957_6435_09.drc",
        "format": "drc",
        "name": "0957_6435_09"
      }
    },
    {
      "type": "Feature",
      "geometry": {
        "type": "Polygon",
        "coordinates": [
          [
            [
              6.2598984720487865,
              44.95745978513885
            ],
            [
              6.260421924523176,
              44.96645576055106
            ],
            [
              6.273093892265676,
              44.96608337620427
            ],
            [
              6.272568409991766,
              44.9570874615163
            ],
            [
              6.2598984720487865,
              44.95745978513885
            ]
          ]
        ]
      },
      "properties": {
        "id": "957000_6435000",
        "x": 957000,
        "y": 6435000,
        "url": "https://amplify-d17uxdu2napxpc-ma-amplifyalphdmeshesbucket-4rknaslwb6z4.s3.eu-west-3.amazonaws.com/meshes/0957_6435_11.drc",
        "format": "drc",
        "name": "0957_6435_11"
      }
    },
    {
      "type": "Feature",
      "geometry": {
        "type": "Polygon",
        "coordinates": [
          [
            [
              6.260421924523176,
              44.96645576055106
            ],
            [
              6.260945545033895,
              44.97545175690231
            ],
            [
              6.27361954322527,
              44.97507931182069
            ],
            [
              6.273093892265676,
              44.96608337620427
            ],
            [
              6.260421924523176,
              44.96645576055106
            ]
          ]
        ]
      },
      "properties": {
        "id": "957000_6436000",
        "x": 957000,
        "y": 6436000,
        "url": "https://amplify-d17uxdu2napxpc-ma-amplifyalphdmeshesbucket-4rknaslwb6z4.s3.eu-west-3.amazonaws.com/meshes/0957_6436_01.drc",
        "format": "drc",
        "name": "0957_6436_01"
      }
    },
    {
      "type": "Feature",
      "geometry": {
        "type": "Polygon",
        "coordinates": [
          [
            [
              6.260421924523176,
              44.96645576055106
            ],
            [
              6.260945545033895,
              44.97545175690231
            ],
            [
              6.27361954322527,
              44.97507931182069
            ],
            [
              6.273093892265676,
              44.96608337620427
            ],
            [
              6.260421924523176,
              44.96645576055106
            ]
          ]
        ]
      },
      "properties": {
        "id": "957000_6436000",
        "x": 957000,
        "y": 6436000,
        "url": "https://amplify-d17uxdu2napxpc-ma-amplifyalphdmeshesbucket-4rknaslwb6z4.s3.eu-west-3.amazonaws.com/meshes/0957_6436_09.drc",
        "format": "drc",
        "name": "0957_6436_09"
      }
    },
    {
      "type": "Feature",
      "geometry": {
        "type": "Polygon",
        "coordinates": [
          [
            [
              6.260421924523176,
              44.96645576055106
            ],
            [
              6.260945545033895,
              44.97545175690231
            ],
            [
              6.27361954322527,
              44.97507931182069
            ],
            [
              6.273093892265676,
              44.96608337620427
            ],
            [
              6.260421924523176,
              44.96645576055106
            ]
          ]
        ]
      },
      "properties": {
        "id": "957000_6436000",
        "x": 957000,
        "y": 6436000,
        "url": "https://amplify-d17uxdu2napxpc-ma-amplifyalphdmeshesbucket-4rknaslwb6z4.s3.eu-west-3.amazonaws.com/meshes/0957_6436_11.drc",
        "format": "drc",
        "name": "0957_6436_11"
      }
    },
    {
      "type": "Feature",
      "geometry": {
        "type": "Polygon",
        "coordinates": [
          [
            [
              6.260945545033895,
              44.97545175690231
            ],
            [
              6.261469333661823,
              44.98444777397639
            ],
            [
              6.274145362951741,
              44.9840752681494
            ],
            [
              6.27361954322527,
              44.97507931182069
            ],
            [
              6.260945545033895,
              44.97545175690231
            ]
          ]
        ]
      },
      "properties": {
        "id": "957000_6437000",
        "x": 957000,
        "y": 6437000,
        "url": "https://amplify-d17uxdu2napxpc-ma-amplifyalphdmeshesbucket-4rknaslwb6z4.s3.eu-west-3.amazonaws.com/meshes/0957_6437_01.drc",
        "format": "drc",
        "name": "0957_6437_01"
      }
    },
    {
      "type": "Feature",
      "geometry": {
        "type": "Polygon",
        "coordinates": [
          [
            [
              6.260945545033895,
              44.97545175690231
            ],
            [
              6.261469333661823,
              44.98444777397639
            ],
            [
              6.274145362951741,
              44.9840752681494
            ],
            [
              6.27361954322527,
              44.97507931182069
            ],
            [
              6.260945545033895,
              44.97545175690231
            ]
          ]
        ]
      },
      "properties": {
        "id": "957000_6437000",
        "x": 957000,
        "y": 6437000,
        "url": "https://amplify-d17uxdu2napxpc-ma-amplifyalphdmeshesbucket-4rknaslwb6z4.s3.eu-west-3.amazonaws.com/meshes/0957_6437_09.drc",
        "format": "drc",
        "name": "0957_6437_09"
      }
    },
    {
      "type": "Feature",
      "geometry": {
        "type": "Polygon",
        "coordinates": [
          [
            [
              6.260945545033895,
              44.97545175690231
            ],
            [
              6.261469333661823,
              44.98444777397639
            ],
            [
              6.274145362951741,
              44.9840752681494
            ],
            [
              6.27361954322527,
              44.97507931182069
            ],
            [
              6.260945545033895,
              44.97545175690231
            ]
          ]
        ]
      },
      "properties": {
        "id": "957000_6437000",
        "x": 957000,
        "y": 6437000,
        "url": "https://amplify-d17uxdu2napxpc-ma-amplifyalphdmeshesbucket-4rknaslwb6z4.s3.eu-west-3.amazonaws.com/meshes/0957_6437_11.drc",
        "format": "drc",
        "name": "0957_6437_11"
      }
    },
    {
      "type": "Feature",
      "geometry": {
        "type": "Polygon",
        "coordinates": [
          [
            [
              6.261469333661823,
              44.98444777397639
            ],
            [
              6.261993290487893,
              44.993443811557086
            ],
            [
              6.274671351526332,
              44.99307124497411
            ],
            [
              6.274145362951741,
              44.9840752681494
            ],
            [
              6.261469333661823,
              44.98444777397639
            ]
          ]
        ]
      },
      "properties": {
        "id": "957000_6438000",
        "x": 957000,
        "y": 6438000,
        "url": "https://amplify-d17uxdu2napxpc-ma-amplifyalphdmeshesbucket-4rknaslwb6z4.s3.eu-west-3.amazonaws.com/meshes/0957_6438_01.drc",
        "format": "drc",
        "name": "0957_6438_01"
      }
    },
    {
      "type": "Feature",
      "geometry": {
        "type": "Polygon",
        "coordinates": [
          [
            [
              6.261469333661823,
              44.98444777397639
            ],
            [
              6.261993290487893,
              44.993443811557086
            ],
            [
              6.274671351526332,
              44.99307124497411
            ],
            [
              6.274145362951741,
              44.9840752681494
            ],
            [
              6.261469333661823,
              44.98444777397639
            ]
          ]
        ]
      },
      "properties": {
        "id": "957000_6438000",
        "x": 957000,
        "y": 6438000,
        "url": "https://amplify-d17uxdu2napxpc-ma-amplifyalphdmeshesbucket-4rknaslwb6z4.s3.eu-west-3.amazonaws.com/meshes/0957_6438_09.drc",
        "format": "drc",
        "name": "0957_6438_09"
      }
    },
    {
      "type": "Feature",
      "geometry": {
        "type": "Polygon",
        "coordinates": [
          [
            [
              6.261469333661823,
              44.98444777397639
            ],
            [
              6.261993290487893,
              44.993443811557086
            ],
            [
              6.274671351526332,
              44.99307124497411
            ],
            [
              6.274145362951741,
              44.9840752681494
            ],
            [
              6.261469333661823,
              44.98444777397639
            ]
          ]
        ]
      },
      "properties": {
        "id": "957000_6438000",
        "x": 957000,
        "y": 6438000,
        "url": "https://amplify-d17uxdu2napxpc-ma-amplifyalphdmeshesbucket-4rknaslwb6z4.s3.eu-west-3.amazonaws.com/meshes/0957_6438_11.drc",
        "format": "drc",
        "name": "0957_6438_11"
      }
    },
    {
      "type": "Feature",
      "geometry": {
        "type": "Polygon",
        "coordinates": [
          [
            [
              6.261993290487893,
              44.993443811557086
            ],
            [
              6.262517415593089,
              45.00243986942812
            ],
            [
              6.275197509030337,
              45.00206724207858
            ],
            [
              6.274671351526332,
              44.99307124497411
            ],
            [
              6.261993290487893,
              44.993443811557086
            ]
          ]
        ]
      },
      "properties": {
        "id": "957000_6439000",
        "x": 957000,
        "y": 6439000,
        "url": "https://amplify-d17uxdu2napxpc-ma-amplifyalphdmeshesbucket-4rknaslwb6z4.s3.eu-west-3.amazonaws.com/meshes/0957_6439_01.drc",
        "format": "drc",
        "name": "0957_6439_01"
      }
    },
    {
      "type": "Feature",
      "geometry": {
        "type": "Polygon",
        "coordinates": [
          [
            [
              6.261993290487893,
              44.993443811557086
            ],
            [
              6.262517415593089,
              45.00243986942812
            ],
            [
              6.275197509030337,
              45.00206724207858
            ],
            [
              6.274671351526332,
              44.99307124497411
            ],
            [
              6.261993290487893,
              44.993443811557086
            ]
          ]
        ]
      },
      "properties": {
        "id": "957000_6439000",
        "x": 957000,
        "y": 6439000,
        "url": "https://amplify-d17uxdu2napxpc-ma-amplifyalphdmeshesbucket-4rknaslwb6z4.s3.eu-west-3.amazonaws.com/meshes/0957_6439_09.drc",
        "format": "drc",
        "name": "0957_6439_09"
      }
    },
    {
      "type": "Feature",
      "geometry": {
        "type": "Polygon",
        "coordinates": [
          [
            [
              6.261993290487893,
              44.993443811557086
            ],
            [
              6.262517415593089,
              45.00243986942812
            ],
            [
              6.275197509030337,
              45.00206724207858
            ],
            [
              6.274671351526332,
              44.99307124497411
            ],
            [
              6.261993290487893,
              44.993443811557086
            ]
          ]
        ]
      },
      "properties": {
        "id": "957000_6439000",
        "x": 957000,
        "y": 6439000,
        "url": "https://amplify-d17uxdu2napxpc-ma-amplifyalphdmeshesbucket-4rknaslwb6z4.s3.eu-west-3.amazonaws.com/meshes/0957_6439_11.drc",
        "format": "drc",
        "name": "0957_6439_11"
      }
    },
    {
      "type": "Feature",
      "geometry": {
        "type": "Polygon",
        "coordinates": [
          [
            [
              6.262517415593089,
              45.00243986942812
            ],
            [
              6.263041709058448,
              45.01143594737316
            ],
            [
              6.275723835545107,
              45.011063259246484
            ],
            [
              6.275197509030337,
              45.00206724207858
            ],
            [
              6.262517415593089,
              45.00243986942812
            ]
          ]
        ]
      },
      "properties": {
        "id": "957000_6440000",
        "x": 957000,
        "y": 6440000,
        "url": "https://amplify-d17uxdu2napxpc-ma-amplifyalphdmeshesbucket-4rknaslwb6z4.s3.eu-west-3.amazonaws.com/meshes/0957_6440_01.drc",
        "format": "drc",
        "name": "0957_6440_01"
      }
    },
    {
      "type": "Feature",
      "geometry": {
        "type": "Polygon",
        "coordinates": [
          [
            [
              6.262517415593089,
              45.00243986942812
            ],
            [
              6.263041709058448,
              45.01143594737316
            ],
            [
              6.275723835545107,
              45.011063259246484
            ],
            [
              6.275197509030337,
              45.00206724207858
            ],
            [
              6.262517415593089,
              45.00243986942812
            ]
          ]
        ]
      },
      "properties": {
        "id": "957000_6440000",
        "x": 957000,
        "y": 6440000,
        "url": "https://amplify-d17uxdu2napxpc-ma-amplifyalphdmeshesbucket-4rknaslwb6z4.s3.eu-west-3.amazonaws.com/meshes/0957_6440_09.drc",
        "format": "drc",
        "name": "0957_6440_09"
      }
    },
    {
      "type": "Feature",
      "geometry": {
        "type": "Polygon",
        "coordinates": [
          [
            [
              6.262517415593089,
              45.00243986942812
            ],
            [
              6.263041709058448,
              45.01143594737316
            ],
            [
              6.275723835545107,
              45.011063259246484
            ],
            [
              6.275197509030337,
              45.00206724207858
            ],
            [
              6.262517415593089,
              45.00243986942812
            ]
          ]
        ]
      },
      "properties": {
        "id": "957000_6440000",
        "x": 957000,
        "y": 6440000,
        "url": "https://amplify-d17uxdu2napxpc-ma-amplifyalphdmeshesbucket-4rknaslwb6z4.s3.eu-west-3.amazonaws.com/meshes/0957_6440_11.drc",
        "format": "drc",
        "name": "0957_6440_11"
      }
    },
    {
      "type": "Feature",
      "geometry": {
        "type": "Polygon",
        "coordinates": [
          [
            [
              6.272043096322401,
              44.94809156797298
            ],
            [
              6.272568409991766,
              44.9570874615163
            ],
            [
              6.285238179330207,
              44.95671369450443
            ],
            [
              6.284710836591453,
              44.947717861909695
            ],
            [
              6.272043096322401,
              44.94809156797298
            ]
          ]
        ]
      },
      "properties": {
        "id": "958000_6434000",
        "x": 958000,
        "y": 6434000,
        "url": "https://amplify-d17uxdu2napxpc-ma-amplifyalphdmeshesbucket-4rknaslwb6z4.s3.eu-west-3.amazonaws.com/meshes/0958_6434_01.drc",
        "format": "drc",
        "name": "0958_6434_01"
      }
    },
    {
      "type": "Feature",
      "geometry": {
        "type": "Polygon",
        "coordinates": [
          [
            [
              6.272043096322401,
              44.94809156797298
            ],
            [
              6.272568409991766,
              44.9570874615163
            ],
            [
              6.285238179330207,
              44.95671369450443
            ],
            [
              6.284710836591453,
              44.947717861909695
            ],
            [
              6.272043096322401,
              44.94809156797298
            ]
          ]
        ]
      },
      "properties": {
        "id": "958000_6434000",
        "x": 958000,
        "y": 6434000,
        "url": "https://amplify-d17uxdu2napxpc-ma-amplifyalphdmeshesbucket-4rknaslwb6z4.s3.eu-west-3.amazonaws.com/meshes/0958_6434_09.drc",
        "format": "drc",
        "name": "0958_6434_09"
      }
    },
    {
      "type": "Feature",
      "geometry": {
        "type": "Polygon",
        "coordinates": [
          [
            [
              6.272043096322401,
              44.94809156797298
            ],
            [
              6.272568409991766,
              44.9570874615163
            ],
            [
              6.285238179330207,
              44.95671369450443
            ],
            [
              6.284710836591453,
              44.947717861909695
            ],
            [
              6.272043096322401,
              44.94809156797298
            ]
          ]
        ]
      },
      "properties": {
        "id": "958000_6434000",
        "x": 958000,
        "y": 6434000,
        "url": "https://amplify-d17uxdu2napxpc-ma-amplifyalphdmeshesbucket-4rknaslwb6z4.s3.eu-west-3.amazonaws.com/meshes/0958_6434_11.drc",
        "format": "drc",
        "name": "0958_6434_11"
      }
    },
    {
      "type": "Feature",
      "geometry": {
        "type": "Polygon",
        "coordinates": [
          [
            [
              6.272568409991766,
              44.9570874615163
            ],
            [
              6.273093892265676,
              44.96608337620427
            ],
            [
              6.285765691322498,
              44.965709548233185
            ],
            [
              6.285238179330207,
              44.95671369450443
            ],
            [
              6.272568409991766,
              44.9570874615163
            ]
          ]
        ]
      },
      "properties": {
        "id": "958000_6435000",
        "x": 958000,
        "y": 6435000,
        "url": "https://amplify-d17uxdu2napxpc-ma-amplifyalphdmeshesbucket-4rknaslwb6z4.s3.eu-west-3.amazonaws.com/meshes/0958_6435_01.drc",
        "format": "drc",
        "name": "0958_6435_01"
      }
    },
    {
      "type": "Feature",
      "geometry": {
        "type": "Polygon",
        "coordinates": [
          [
            [
              6.272568409991766,
              44.9570874615163
            ],
            [
              6.273093892265676,
              44.96608337620427
            ],
            [
              6.285765691322498,
              44.965709548233185
            ],
            [
              6.285238179330207,
              44.95671369450443
            ],
            [
              6.272568409991766,
              44.9570874615163
            ]
          ]
        ]
      },
      "properties": {
        "id": "958000_6435000",
        "x": 958000,
        "y": 6435000,
        "url": "https://amplify-d17uxdu2napxpc-ma-amplifyalphdmeshesbucket-4rknaslwb6z4.s3.eu-west-3.amazonaws.com/meshes/0958_6435_09.drc",
        "format": "drc",
        "name": "0958_6435_09"
      }
    },
    {
      "type": "Feature",
      "geometry": {
        "type": "Polygon",
        "coordinates": [
          [
            [
              6.272568409991766,
              44.9570874615163
            ],
            [
              6.273093892265676,
              44.96608337620427
            ],
            [
              6.285765691322498,
              44.965709548233185
            ],
            [
              6.285238179330207,
              44.95671369450443
            ],
            [
              6.272568409991766,
              44.9570874615163
            ]
          ]
        ]
      },
      "properties": {
        "id": "958000_6435000",
        "x": 958000,
        "y": 6435000,
        "url": "https://amplify-d17uxdu2napxpc-ma-amplifyalphdmeshesbucket-4rknaslwb6z4.s3.eu-west-3.amazonaws.com/meshes/0958_6435_11.drc",
        "format": "drc",
        "name": "0958_6435_11"
      }
    },
    {
      "type": "Feature",
      "geometry": {
        "type": "Polygon",
        "coordinates": [
          [
            [
              6.273093892265676,
              44.96608337620427
            ],
            [
              6.27361954322527,
              44.97507931182069
            ],
            [
              6.286293372649778,
              44.9747054228798
            ],
            [
              6.285765691322498,
              44.965709548233185
            ],
            [
              6.273093892265676,
              44.96608337620427
            ]
          ]
        ]
      },
      "properties": {
        "id": "958000_6436000",
        "x": 958000,
        "y": 6436000,
        "url": "https://amplify-d17uxdu2napxpc-ma-amplifyalphdmeshesbucket-4rknaslwb6z4.s3.eu-west-3.amazonaws.com/meshes/0958_6436_01.drc",
        "format": "drc",
        "name": "0958_6436_01"
      }
    },
    {
      "type": "Feature",
      "geometry": {
        "type": "Polygon",
        "coordinates": [
          [
            [
              6.273093892265676,
              44.96608337620427
            ],
            [
              6.27361954322527,
              44.97507931182069
            ],
            [
              6.286293372649778,
              44.9747054228798
            ],
            [
              6.285765691322498,
              44.965709548233185
            ],
            [
              6.273093892265676,
              44.96608337620427
            ]
          ]
        ]
      },
      "properties": {
        "id": "958000_6436000",
        "x": 958000,
        "y": 6436000,
        "url": "https://amplify-d17uxdu2napxpc-ma-amplifyalphdmeshesbucket-4rknaslwb6z4.s3.eu-west-3.amazonaws.com/meshes/0958_6436_09.drc",
        "format": "drc",
        "name": "0958_6436_09"
      }
    },
    {
      "type": "Feature",
      "geometry": {
        "type": "Polygon",
        "coordinates": [
          [
            [
              6.273093892265676,
              44.96608337620427
            ],
            [
              6.27361954322527,
              44.97507931182069
            ],
            [
              6.286293372649778,
              44.9747054228798
            ],
            [
              6.285765691322498,
              44.965709548233185
            ],
            [
              6.273093892265676,
              44.96608337620427
            ]
          ]
        ]
      },
      "properties": {
        "id": "958000_6436000",
        "x": 958000,
        "y": 6436000,
        "url": "https://amplify-d17uxdu2napxpc-ma-amplifyalphdmeshesbucket-4rknaslwb6z4.s3.eu-west-3.amazonaws.com/meshes/0958_6436_11.drc",
        "format": "drc",
        "name": "0958_6436_11"
      }
    },
    {
      "type": "Feature",
      "geometry": {
        "type": "Polygon",
        "coordinates": [
          [
            [
              6.27361954322527,
              44.97507931182069
            ],
            [
              6.274145362951741,
              44.9840752681494
            ],
            [
              6.286821223393548,
              44.98370131822805
            ],
            [
              6.286293372649778,
              44.9747054228798
            ],
            [
              6.27361954322527,
              44.97507931182069
            ]
          ]
        ]
      },
      "properties": {
        "id": "958000_6437000",
        "x": 958000,
        "y": 6437000,
        "url": "https://amplify-d17uxdu2napxpc-ma-amplifyalphdmeshesbucket-4rknaslwb6z4.s3.eu-west-3.amazonaws.com/meshes/0958_6437_01.drc",
        "format": "drc",
        "name": "0958_6437_01"
      }
    },
    {
      "type": "Feature",
      "geometry": {
        "type": "Polygon",
        "coordinates": [
          [
            [
              6.27361954322527,
              44.97507931182069
            ],
            [
              6.274145362951741,
              44.9840752681494
            ],
            [
              6.286821223393548,
              44.98370131822805
            ],
            [
              6.286293372649778,
              44.9747054228798
            ],
            [
              6.27361954322527,
              44.97507931182069
            ]
          ]
        ]
      },
      "properties": {
        "id": "958000_6437000",
        "x": 958000,
        "y": 6437000,
        "url": "https://amplify-d17uxdu2napxpc-ma-amplifyalphdmeshesbucket-4rknaslwb6z4.s3.eu-west-3.amazonaws.com/meshes/0958_6437_09.drc",
        "format": "drc",
        "name": "0958_6437_09"
      }
    },
    {
      "type": "Feature",
      "geometry": {
        "type": "Polygon",
        "coordinates": [
          [
            [
              6.27361954322527,
              44.97507931182069
            ],
            [
              6.274145362951741,
              44.9840752681494
            ],
            [
              6.286821223393548,
              44.98370131822805
            ],
            [
              6.286293372649778,
              44.9747054228798
            ],
            [
              6.27361954322527,
              44.97507931182069
            ]
          ]
        ]
      },
      "properties": {
        "id": "958000_6437000",
        "x": 958000,
        "y": 6437000,
        "url": "https://amplify-d17uxdu2napxpc-ma-amplifyalphdmeshesbucket-4rknaslwb6z4.s3.eu-west-3.amazonaws.com/meshes/0958_6437_11.drc",
        "format": "drc",
        "name": "0958_6437_11"
      }
    },
    {
      "type": "Feature",
      "geometry": {
        "type": "Polygon",
        "coordinates": [
          [
            [
              6.274145362951741,
              44.9840752681494
            ],
            [
              6.274671351526332,
              44.99307124497411
            ],
            [
              6.287349243635364,
              44.992697234061694
            ],
            [
              6.286821223393548,
              44.98370131822805
            ],
            [
              6.274145362951741,
              44.9840752681494
            ]
          ]
        ]
      },
      "properties": {
        "id": "958000_6438000",
        "x": 958000,
        "y": 6438000,
        "url": "https://amplify-d17uxdu2napxpc-ma-amplifyalphdmeshesbucket-4rknaslwb6z4.s3.eu-west-3.amazonaws.com/meshes/0958_6438_01.drc",
        "format": "drc",
        "name": "0958_6438_01"
      }
    },
    {
      "type": "Feature",
      "geometry": {
        "type": "Polygon",
        "coordinates": [
          [
            [
              6.274145362951741,
              44.9840752681494
            ],
            [
              6.274671351526332,
              44.99307124497411
            ],
            [
              6.287349243635364,
              44.992697234061694
            ],
            [
              6.286821223393548,
              44.98370131822805
            ],
            [
              6.274145362951741,
              44.9840752681494
            ]
          ]
        ]
      },
      "properties": {
        "id": "958000_6438000",
        "x": 958000,
        "y": 6438000,
        "url": "https://amplify-d17uxdu2napxpc-ma-amplifyalphdmeshesbucket-4rknaslwb6z4.s3.eu-west-3.amazonaws.com/meshes/0958_6438_09.drc",
        "format": "drc",
        "name": "0958_6438_09"
      }
    },
    {
      "type": "Feature",
      "geometry": {
        "type": "Polygon",
        "coordinates": [
          [
            [
              6.274145362951741,
              44.9840752681494
            ],
            [
              6.274671351526332,
              44.99307124497411
            ],
            [
              6.287349243635364,
              44.992697234061694
            ],
            [
              6.286821223393548,
              44.98370131822805
            ],
            [
              6.274145362951741,
              44.9840752681494
            ]
          ]
        ]
      },
      "properties": {
        "id": "958000_6438000",
        "x": 958000,
        "y": 6438000,
        "url": "https://amplify-d17uxdu2napxpc-ma-amplifyalphdmeshesbucket-4rknaslwb6z4.s3.eu-west-3.amazonaws.com/meshes/0958_6438_11.drc",
        "format": "drc",
        "name": "0958_6438_11"
      }
    },
    {
      "type": "Feature",
      "geometry": {
        "type": "Polygon",
        "coordinates": [
          [
            [
              6.274671351526332,
              44.99307124497411
            ],
            [
              6.275197509030337,
              45.00206724207858
            ],
            [
              6.287877433456833,
              45.00169317016446
            ],
            [
              6.287349243635364,
              44.992697234061694
            ],
            [
              6.274671351526332,
              44.99307124497411
            ]
          ]
        ]
      },
      "properties": {
        "id": "958000_6439000",
        "x": 958000,
        "y": 6439000,
        "url": "https://amplify-d17uxdu2napxpc-ma-amplifyalphdmeshesbucket-4rknaslwb6z4.s3.eu-west-3.amazonaws.com/meshes/0958_6439_01.drc",
        "format": "drc",
        "name": "0958_6439_01"
      }
    },
    {
      "type": "Feature",
      "geometry": {
        "type": "Polygon",
        "coordinates": [
          [
            [
              6.274671351526332,
              44.99307124497411
            ],
            [
              6.275197509030337,
              45.00206724207858
            ],
            [
              6.287877433456833,
              45.00169317016446
            ],
            [
              6.287349243635364,
              44.992697234061694
            ],
            [
              6.274671351526332,
              44.99307124497411
            ]
          ]
        ]
      },
      "properties": {
        "id": "958000_6439000",
        "x": 958000,
        "y": 6439000,
        "url": "https://amplify-d17uxdu2napxpc-ma-amplifyalphdmeshesbucket-4rknaslwb6z4.s3.eu-west-3.amazonaws.com/meshes/0958_6439_09.drc",
        "format": "drc",
        "name": "0958_6439_09"
      }
    },
    {
      "type": "Feature",
      "geometry": {
        "type": "Polygon",
        "coordinates": [
          [
            [
              6.274671351526332,
              44.99307124497411
            ],
            [
              6.275197509030337,
              45.00206724207858
            ],
            [
              6.287877433456833,
              45.00169317016446
            ],
            [
              6.287349243635364,
              44.992697234061694
            ],
            [
              6.274671351526332,
              44.99307124497411
            ]
          ]
        ]
      },
      "properties": {
        "id": "958000_6439000",
        "x": 958000,
        "y": 6439000,
        "url": "https://amplify-d17uxdu2napxpc-ma-amplifyalphdmeshesbucket-4rknaslwb6z4.s3.eu-west-3.amazonaws.com/meshes/0958_6439_11.drc",
        "format": "drc",
        "name": "0958_6439_11"
      }
    },
    {
      "type": "Feature",
      "geometry": {
        "type": "Polygon",
        "coordinates": [
          [
            [
              6.275197509030337,
              45.00206724207858
            ],
            [
              6.275723835545107,
              45.011063259246484
            ],
            [
              6.288405792939613,
              45.01068912632003
            ],
            [
              6.287877433456833,
              45.00169317016446
            ],
            [
              6.275197509030337,
              45.00206724207858
            ]
          ]
        ]
      },
      "properties": {
        "id": "958000_6440000",
        "x": 958000,
        "y": 6440000,
        "url": "https://amplify-d17uxdu2napxpc-ma-amplifyalphdmeshesbucket-4rknaslwb6z4.s3.eu-west-3.amazonaws.com/meshes/0958_6440_01.drc",
        "format": "drc",
        "name": "0958_6440_01"
      }
    },
    {
      "type": "Feature",
      "geometry": {
        "type": "Polygon",
        "coordinates": [
          [
            [
              6.275197509030337,
              45.00206724207858
            ],
            [
              6.275723835545107,
              45.011063259246484
            ],
            [
              6.288405792939613,
              45.01068912632003
            ],
            [
              6.287877433456833,
              45.00169317016446
            ],
            [
              6.275197509030337,
              45.00206724207858
            ]
          ]
        ]
      },
      "properties": {
        "id": "958000_6440000",
        "x": 958000,
        "y": 6440000,
        "url": "https://amplify-d17uxdu2napxpc-ma-amplifyalphdmeshesbucket-4rknaslwb6z4.s3.eu-west-3.amazonaws.com/meshes/0958_6440_09.drc",
        "format": "drc",
        "name": "0958_6440_09"
      }
    },
    {
      "type": "Feature",
      "geometry": {
        "type": "Polygon",
        "coordinates": [
          [
            [
              6.275197509030337,
              45.00206724207858
            ],
            [
              6.275723835545107,
              45.011063259246484
            ],
            [
              6.288405792939613,
              45.01068912632003
            ],
            [
              6.287877433456833,
              45.00169317016446
            ],
            [
              6.275197509030337,
              45.00206724207858
            ]
          ]
        ]
      },
      "properties": {
        "id": "958000_6440000",
        "x": 958000,
        "y": 6440000,
        "url": "https://amplify-d17uxdu2napxpc-ma-amplifyalphdmeshesbucket-4rknaslwb6z4.s3.eu-west-3.amazonaws.com/meshes/0958_6440_11.drc",
        "format": "drc",
        "name": "0958_6440_11"
      }
    },
    {
      "type": "Feature",
      "geometry": {
        "type": "Polygon",
        "coordinates": [
          [
            [
              6.2836566585490194,
              44.92972626098686
            ],
            [
              6.284183663024839,
              44.93872205066514
            ],
            [
              6.2968492057824,
              44.93834696264972
            ],
            [
              6.2963201736155385,
              44.929351234133655
            ],
            [
              6.2836566585490194,
              44.92972626098686
            ]
          ]
        ]
      },
      "properties": {
        "id": "959000_6432000",
        "x": 959000,
        "y": 6432000,
        "url": "https://amplify-d17uxdu2napxpc-ma-amplifyalphdmeshesbucket-4rknaslwb6z4.s3.eu-west-3.amazonaws.com/meshes/0959_6432_11.drc",
        "format": "drc",
        "name": "0959_6432_11"
      }
    },
    {
      "type": "Feature",
      "geometry": {
        "type": "Polygon",
        "coordinates": [
          [
            [
              6.287349243635364,
              44.992697234061694
            ],
            [
              6.287877433456833,
              45.00169317016446
            ],
            [
              6.300557188222024,
              45.00131765371515
            ],
            [
              6.3000269661647526,
              44.992321778849224
            ],
            [
              6.287349243635364,
              44.992697234061694
            ]
          ]
        ]
      },
      "properties": {
        "id": "959000_6439000",
        "x": 959000,
        "y": 6439000,
        "url": "https://amplify-d17uxdu2napxpc-ma-amplifyalphdmeshesbucket-4rknaslwb6z4.s3.eu-west-3.amazonaws.com/meshes/0959_6439_11.drc",
        "format": "drc",
        "name": "0959_6439_11"
      }
    },
    {
      "type": "Feature",
      "geometry": {
        "type": "Polygon",
        "coordinates": [
          [
            [
              6.287877433456833,
              45.00169317016446
            ],
            [
              6.288405792939613,
              45.01068912632003
            ],
            [
              6.301087580591102,
              45.01031354862322
            ],
            [
              6.300557188222024,
              45.00131765371515
            ],
            [
              6.287877433456833,
              45.00169317016446
            ]
          ]
        ]
      },
      "properties": {
        "id": "959000_6440000",
        "x": 959000,
        "y": 6440000,
        "url": "https://amplify-d17uxdu2napxpc-ma-amplifyalphdmeshesbucket-4rknaslwb6z4.s3.eu-west-3.amazonaws.com/meshes/0959_6440_11.drc",
        "format": "drc",
        "name": "0959_6440_11"
      }
    },
    {
      "type": "Feature",
      "geometry": {
        "type": "Polygon",
        "coordinates": [
          [
            [
              6.288405792939613,
              45.01068912632003
            ],
            [
              6.288934322165416,
              45.01968510231206
            ],
            [
              6.3016181433540135,
              45.019309463357075
            ],
            [
              6.301087580591102,
              45.01031354862322
            ],
            [
              6.288405792939613,
              45.01068912632003
            ]
          ]
        ]
      },
      "properties": {
        "id": "959000_6441000",
        "x": 959000,
        "y": 6441000,
        "url": "https://amplify-d17uxdu2napxpc-ma-amplifyalphdmeshesbucket-4rknaslwb6z4.s3.eu-west-3.amazonaws.com/meshes/0959_6441_11.drc",
        "format": "drc",
        "name": "0959_6441_11"
      }
    },
    {
      "type": "Feature",
      "geometry": {
        "type": "Polygon",
        "coordinates": [
          [
            [
              6.3000269661647526,
              44.992321778849224
            ],
            [
              6.300557188222024,
              45.00131765371515
            ],
            [
              6.313236772675415,
              45.00094069276019
            ],
            [
              6.3127045184643125,
              44.991944879366194
            ],
            [
              6.3000269661647526,
              44.992321778849224
            ]
          ]
        ]
      },
      "properties": {
        "id": "960000_6439000",
        "x": 960000,
        "y": 6439000,
        "url": "https://amplify-d17uxdu2napxpc-ma-amplifyalphdmeshesbucket-4rknaslwb6z4.s3.eu-west-3.amazonaws.com/meshes/0960_6439_11.drc",
        "format": "drc",
        "name": "0960_6439_11"
      }
    },
    {
      "type": "Feature",
      "geometry": {
        "type": "Polygon",
        "coordinates": [
          [
            [
              6.300557188222024,
              45.00131765371515
            ],
            [
              6.301087580591102,
              45.01031354862322
            ],
            [
              6.313769197848771,
              45.0099365261856
            ],
            [
              6.313236772675415,
              45.00094069276019
            ],
            [
              6.300557188222024,
              45.00131765371515
            ]
          ]
        ]
      },
      "properties": {
        "id": "960000_6440000",
        "x": 960000,
        "y": 6440000,
        "url": "https://amplify-d17uxdu2napxpc-ma-amplifyalphdmeshesbucket-4rknaslwb6z4.s3.eu-west-3.amazonaws.com/meshes/0960_6440_11.drc",
        "format": "drc",
        "name": "0960_6440_11"
      }
    },
    {
      "type": "Feature",
      "geometry": {
        "type": "Polygon",
        "coordinates": [
          [
            [
              6.301087580591102,
              45.01031354862322
            ],
            [
              6.3016181433540135,
              45.019309463357075
            ],
            [
              6.314301794066712,
              45.018932379426055
            ],
            [
              6.313769197848771,
              45.0099365261856
            ],
            [
              6.301087580591102,
              45.01031354862322
            ]
          ]
        ]
      },
      "properties": {
        "id": "960000_6441000",
        "x": 960000,
        "y": 6441000,
        "url": "https://amplify-d17uxdu2napxpc-ma-amplifyalphdmeshesbucket-4rknaslwb6z4.s3.eu-west-3.amazonaws.com/meshes/0960_6441_11.drc",
        "format": "drc",
        "name": "0960_6441_11"
      }
    },
    {
      "type": "Feature",
      "geometry": {
        "type": "Polygon",
        "coordinates": [
          [
            [
              6.300509668605671,
              44.785047197073276
            ],
            [
              6.301038013288641,
              44.794042490110776
            ],
            [
              6.3136708530546475,
              44.79366550122883
            ],
            [
              6.313140491173539,
              44.784670269652054
            ],
            [
              6.300509668605671,
              44.785047197073276
            ]
          ]
        ]
      },
      "properties": {
        "id": "961000_6416000",
        "x": 961000,
        "y": 6416000,
        "url": "https://amplify-d17uxdu2napxpc-ma-amplifyalphdmeshesbucket-4rknaslwb6z4.s3.eu-west-3.amazonaws.com/meshes/0961_6416_11.drc",
        "format": "drc",
        "name": "0961_6416_11"
      }
    },
    {
      "type": "Feature",
      "geometry": {
        "type": "Polygon",
        "coordinates": [
          [
            [
              6.3047411649411504,
              44.85701022924231
            ],
            [
              6.305270864562919,
              44.86600571622598
            ],
            [
              6.3179198650977915,
              44.865628235273725
            ],
            [
              6.317388143123067,
              44.856632809836256
            ],
            [
              6.3047411649411504,
              44.85701022924231
            ]
          ]
        ]
      },
      "properties": {
        "id": "961000_6424000",
        "x": 961000,
        "y": 6424000,
        "url": "https://amplify-d17uxdu2napxpc-ma-amplifyalphdmeshesbucket-4rknaslwb6z4.s3.eu-west-3.amazonaws.com/meshes/0961_6424_11.drc",
        "format": "drc",
        "name": "0961_6424_11"
      }
    },
    {
      "type": "Feature",
      "geometry": {
        "type": "Polygon",
        "coordinates": [
          [
            [
              6.311640522599786,
              44.973953313537706
            ],
            [
              6.3121724351331805,
              44.98294908621994
            ],
            [
              6.324847785131309,
              44.98257080419229
            ],
            [
              6.324313841826214,
              44.97357509319562
            ],
            [
              6.311640522599786,
              44.973953313537706
            ]
          ]
        ]
      },
      "properties": {
        "id": "961000_6437000",
        "x": 961000,
        "y": 6437000,
        "url": "https://amplify-d17uxdu2napxpc-ma-amplifyalphdmeshesbucket-4rknaslwb6z4.s3.eu-west-3.amazonaws.com/meshes/0961_6437_11.drc",
        "format": "drc",
        "name": "0961_6437_11"
      }
    },
    {
      "type": "Feature",
      "geometry": {
        "type": "Polygon",
        "coordinates": [
          [
            [
              6.3121724351331805,
              44.98294908621994
            ],
            [
              6.3127045184643125,
              44.991944879366194
            ],
            [
              6.325381899883911,
              44.991566535642235
            ],
            [
              6.324847785131309,
              44.98257080419229
            ],
            [
              6.3121724351331805,
              44.98294908621994
            ]
          ]
        ]
      },
      "properties": {
        "id": "961000_6438000",
        "x": 961000,
        "y": 6438000,
        "url": "https://amplify-d17uxdu2napxpc-ma-amplifyalphdmeshesbucket-4rknaslwb6z4.s3.eu-west-3.amazonaws.com/meshes/0961_6438_11.drc",
        "format": "drc",
        "name": "0961_6438_11"
      }
    },
    {
      "type": "Feature",
      "geometry": {
        "type": "Polygon",
        "coordinates": [
          [
            [
              6.3127045184643125,
              44.991944879366194
            ],
            [
              6.313236772675415,
              45.00094069276019
            ],
            [
              6.3259161861665625,
              45.00056228732917
            ],
            [
              6.325381899883911,
              44.991566535642235
            ],
            [
              6.3127045184643125,
              44.991944879366194
            ]
          ]
        ]
      },
      "properties": {
        "id": "961000_6439000",
        "x": 961000,
        "y": 6439000,
        "url": "https://amplify-d17uxdu2napxpc-ma-amplifyalphdmeshesbucket-4rknaslwb6z4.s3.eu-west-3.amazonaws.com/meshes/0961_6439_11.drc",
        "format": "drc",
        "name": "0961_6439_11"
      }
    },
    {
      "type": "Feature",
      "geometry": {
        "type": "Polygon",
        "coordinates": [
          [
            [
              6.313236772675415,
              45.00094069276019
            ],
            [
              6.313769197848771,
              45.0099365261856
            ],
            [
              6.326450644061858,
              45.00955805903679
            ],
            [
              6.3259161861665625,
              45.00056228732917
            ],
            [
              6.313236772675415,
              45.00094069276019
            ]
          ]
        ]
      },
      "properties": {
        "id": "961000_6440000",
        "x": 961000,
        "y": 6440000,
        "url": "https://amplify-d17uxdu2napxpc-ma-amplifyalphdmeshesbucket-4rknaslwb6z4.s3.eu-west-3.amazonaws.com/meshes/0961_6440_11.drc",
        "format": "drc",
        "name": "0961_6440_11"
      }
    },
    {
      "type": "Feature",
      "geometry": {
        "type": "Polygon",
        "coordinates": [
          [
            [
              6.313769197848771,
              45.0099365261856
            ],
            [
              6.314301794066712,
              45.018932379426055
            ],
            [
              6.3269852736524435,
              45.01855385054868
            ],
            [
              6.326450644061858,
              45.00955805903679
            ],
            [
              6.313769197848771,
              45.0099365261856
            ]
          ]
        ]
      },
      "properties": {
        "id": "961000_6441000",
        "x": 961000,
        "y": 6441000,
        "url": "https://amplify-d17uxdu2napxpc-ma-amplifyalphdmeshesbucket-4rknaslwb6z4.s3.eu-west-3.amazonaws.com/meshes/0961_6441_11.drc",
        "format": "drc",
        "name": "0961_6441_11"
      }
    },
    {
      "type": "Feature",
      "geometry": {
        "type": "Polygon",
        "coordinates": [
          [
            [
              6.31685659144581,
              44.84763740787645
            ],
            [
              6.317388143123067,
              44.856632809836256
            ],
            [
              6.330034951007524,
              44.85625394974061
            ],
            [
              6.329501377704492,
              44.84725860955076
            ],
            [
              6.31685659144581,
              44.84763740787645
            ]
          ]
        ]
      },
      "properties": {
        "id": "962000_6423000",
        "x": 962000,
        "y": 6423000,
        "url": "https://amplify-d17uxdu2napxpc-ma-amplifyalphdmeshesbucket-4rknaslwb6z4.s3.eu-west-3.amazonaws.com/meshes/0962_6423_11.drc",
        "format": "drc",
        "name": "0962_6423_11"
      }
    },
    {
      "type": "Feature",
      "geometry": {
        "type": "Polygon",
        "coordinates": [
          [
            [
              6.317388143123067,
              44.856632809836256
            ],
            [
              6.3179198650977915,
              44.865628235273725
            ],
            [
              6.330568695253401,
              44.86524931339741
            ],
            [
              6.330034951007524,
              44.85625394974061
            ],
            [
              6.317388143123067,
              44.856632809836256
            ]
          ]
        ]
      },
      "properties": {
        "id": "962000_6424000",
        "x": 962000,
        "y": 6424000,
        "url": "https://amplify-d17uxdu2napxpc-ma-amplifyalphdmeshesbucket-4rknaslwb6z4.s3.eu-west-3.amazonaws.com/meshes/0962_6424_11.drc",
        "format": "drc",
        "name": "0962_6424_11"
      }
    },
    {
      "type": "Feature",
      "geometry": {
        "type": "Polygon",
        "coordinates": [
          [
            [
              6.3179198650977915,
              44.865628235273725
            ],
            [
              6.318451757451788,
              44.87462368397308
            ],
            [
              6.331102610524236,
              44.874244700305326
            ],
            [
              6.330568695253401,
              44.86524931339741
            ],
            [
              6.3179198650977915,
              44.865628235273725
            ]
          ]
        ]
      },
      "properties": {
        "id": "962000_6425000",
        "x": 962000,
        "y": 6425000,
        "url": "https://amplify-d17uxdu2napxpc-ma-amplifyalphdmeshesbucket-4rknaslwb6z4.s3.eu-west-3.amazonaws.com/meshes/0962_6425_11.drc",
        "format": "drc",
        "name": "0962_6425_11"
      }
    },
    {
      "type": "Feature",
      "geometry": {
        "type": "Polygon",
        "coordinates": [
          [
            [
              6.323780069886141,
              44.96457940286849
            ],
            [
              6.324313841826214,
              44.97357509319562
            ],
            [
              6.336986989687633,
              44.97319542911241
            ],
            [
              6.336451187707748,
              44.96419980069507
            ],
            [
              6.323780069886141,
              44.96457940286849
            ]
          ]
        ]
      },
      "properties": {
        "id": "962000_6436000",
        "x": 962000,
        "y": 6436000,
        "url": "https://amplify-d17uxdu2napxpc-ma-amplifyalphdmeshesbucket-4rknaslwb6z4.s3.eu-west-3.amazonaws.com/meshes/0962_6436_11.drc",
        "format": "drc",
        "name": "0962_6436_11"
      }
    },
    {
      "type": "Feature",
      "geometry": {
        "type": "Polygon",
        "coordinates": [
          [
            [
              6.325381899883911,
              44.991566535642235
            ],
            [
              6.3259161861665625,
              45.00056228732917
            ],
            [
              6.338595428045077,
              45.00018243745189
            ],
            [
              6.338059109773471,
              44.99118674770709
            ],
            [
              6.325381899883911,
              44.991566535642235
            ]
          ]
        ]
      },
      "properties": {
        "id": "962000_6439000",
        "x": 962000,
        "y": 6439000,
        "url": "https://amplify-d17uxdu2napxpc-ma-amplifyalphdmeshesbucket-4rknaslwb6z4.s3.eu-west-3.amazonaws.com/meshes/0962_6439_11.drc",
        "format": "drc",
        "name": "0962_6439_11"
      }
    },
    {
      "type": "Feature",
      "geometry": {
        "type": "Polygon",
        "coordinates": [
          [
            [
              6.3259161861665625,
              45.00056228732917
            ],
            [
              6.326450644061858,
              45.00955805903679
            ],
            [
              6.339131918579665,
              45.00917814720653
            ],
            [
              6.338595428045077,
              45.00018243745189
            ],
            [
              6.3259161861665625,
              45.00056228732917
            ]
          ]
        ]
      },
      "properties": {
        "id": "962000_6440000",
        "x": 962000,
        "y": 6440000,
        "url": "https://amplify-d17uxdu2napxpc-ma-amplifyalphdmeshesbucket-4rknaslwb6z4.s3.eu-west-3.amazonaws.com/meshes/0962_6440_11.drc",
        "format": "drc",
        "name": "0962_6440_11"
      }
    },
    {
      "type": "Feature",
      "geometry": {
        "type": "Polygon",
        "coordinates": [
          [
            [
              6.326450644061858,
              45.00955805903679
            ],
            [
              6.3269852736524435,
              45.01855385054868
            ],
            [
              6.3396685814601925,
              45.018173876754695
            ],
            [
              6.339131918579665,
              45.00917814720653
            ],
            [
              6.326450644061858,
              45.00955805903679
            ]
          ]
        ]
      },
      "properties": {
        "id": "962000_6441000",
        "x": 962000,
        "y": 6441000,
        "url": "https://amplify-d17uxdu2napxpc-ma-amplifyalphdmeshesbucket-4rknaslwb6z4.s3.eu-west-3.amazonaws.com/meshes/0962_6441_11.drc",
        "format": "drc",
        "name": "0962_6441_11"
      }
    },
    {
      "type": "Feature",
      "geometry": {
        "type": "Polygon",
        "coordinates": [
          [
            [
              6.329501377704492,
              44.84725860955076
            ],
            [
              6.330034951007524,
              44.85625394974061
            ],
            [
              6.342681587949143,
              44.85587364898509
            ],
            [
              6.342145993102397,
              44.84687837079962
            ],
            [
              6.329501377704492,
              44.84725860955076
            ]
          ]
        ]
      },
      "properties": {
        "id": "963000_6423000",
        "x": 963000,
        "y": 6423000,
        "url": "https://amplify-d17uxdu2napxpc-ma-amplifyalphdmeshesbucket-4rknaslwb6z4.s3.eu-west-3.amazonaws.com/meshes/0963_6423_11.drc",
        "format": "drc",
        "name": "0963_6423_11"
      }
    },
    {
      "type": "Feature",
      "geometry": {
        "type": "Polygon",
        "coordinates": [
          [
            [
              6.330034951007524,
              44.85625394974061
            ],
            [
              6.330568695253401,
              44.86524931339741
            ],
            [
              6.343217354384061,
              44.864868950626715
            ],
            [
              6.342681587949143,
              44.85587364898509
            ],
            [
              6.330034951007524,
              44.85625394974061
            ]
          ]
        ]
      },
      "properties": {
        "id": "963000_6424000",
        "x": 963000,
        "y": 6424000,
        "url": "https://amplify-d17uxdu2napxpc-ma-amplifyalphdmeshesbucket-4rknaslwb6z4.s3.eu-west-3.amazonaws.com/meshes/0963_6424_11.drc",
        "format": "drc",
        "name": "0963_6424_11"
      }
    },
    {
      "type": "Feature",
      "geometry": {
        "type": "Polygon",
        "coordinates": [
          [
            [
              6.330568695253401,
              44.86524931339741
            ],
            [
              6.331102610524236,
              44.874244700305326
            ],
            [
              6.343753292489571,
              44.87386427550871
            ],
            [
              6.343217354384061,
              44.864868950626715
            ],
            [
              6.330568695253401,
              44.86524931339741
            ]
          ]
        ]
      },
      "properties": {
        "id": "963000_6425000",
        "x": 963000,
        "y": 6425000,
        "url": "https://amplify-d17uxdu2napxpc-ma-amplifyalphdmeshesbucket-4rknaslwb6z4.s3.eu-west-3.amazonaws.com/meshes/0963_6425_11.drc",
        "format": "drc",
        "name": "0963_6425_11"
      }
    },
    {
      "type": "Feature",
      "geometry": {
        "type": "Polygon",
        "coordinates": [
          [
            [
              6.33270538330841,
              44.90123099837733
            ],
            [
              6.333239983501258,
              44.91022647613104
            ],
            [
              6.345898763267802,
              44.90984580312278
            ],
            [
              6.3453621376546545,
              44.900850387438155
            ],
            [
              6.33270538330841,
              44.90123099837733
            ]
          ]
        ]
      },
      "properties": {
        "id": "963000_6429000",
        "x": 963000,
        "y": 6429000,
        "url": "https://amplify-d17uxdu2napxpc-ma-amplifyalphdmeshesbucket-4rknaslwb6z4.s3.eu-west-3.amazonaws.com/meshes/0963_6429_01.drc",
        "format": "drc",
        "name": "0963_6429_01"
      }
    },
    {
      "type": "Feature",
      "geometry": {
        "type": "Polygon",
        "coordinates": [
          [
            [
              6.33270538330841,
              44.90123099837733
            ],
            [
              6.333239983501258,
              44.91022647613104
            ],
            [
              6.345898763267802,
              44.90984580312278
            ],
            [
              6.3453621376546545,
              44.900850387438155
            ],
            [
              6.33270538330841,
              44.90123099837733
            ]
          ]
        ]
      },
      "properties": {
        "id": "963000_6429000",
        "x": 963000,
        "y": 6429000,
        "url": "https://amplify-d17uxdu2napxpc-ma-amplifyalphdmeshesbucket-4rknaslwb6z4.s3.eu-west-3.amazonaws.com/meshes/0963_6429_09.drc",
        "format": "drc",
        "name": "0963_6429_09"
      }
    },
    {
      "type": "Feature",
      "geometry": {
        "type": "Polygon",
        "coordinates": [
          [
            [
              6.333239983501258,
              44.91022647613104
            ],
            [
              6.333774755130418,
              44.91922197605634
            ],
            [
              6.346435560964439,
              44.918841240968185
            ],
            [
              6.345898763267802,
              44.90984580312278
            ],
            [
              6.333239983501258,
              44.91022647613104
            ]
          ]
        ]
      },
      "properties": {
        "id": "963000_6430000",
        "x": 963000,
        "y": 6430000,
        "url": "https://amplify-d17uxdu2napxpc-ma-amplifyalphdmeshesbucket-4rknaslwb6z4.s3.eu-west-3.amazonaws.com/meshes/0963_6430_01.drc",
        "format": "drc",
        "name": "0963_6430_01"
      }
    },
    {
      "type": "Feature",
      "geometry": {
        "type": "Polygon",
        "coordinates": [
          [
            [
              6.333239983501258,
              44.91022647613104
            ],
            [
              6.333774755130418,
              44.91922197605634
            ],
            [
              6.346435560964439,
              44.918841240968185
            ],
            [
              6.345898763267802,
              44.90984580312278
            ],
            [
              6.333239983501258,
              44.91022647613104
            ]
          ]
        ]
      },
      "properties": {
        "id": "963000_6430000",
        "x": 963000,
        "y": 6430000,
        "url": "https://amplify-d17uxdu2napxpc-ma-amplifyalphdmeshesbucket-4rknaslwb6z4.s3.eu-west-3.amazonaws.com/meshes/0963_6430_09.drc",
        "format": "drc",
        "name": "0963_6430_09"
      }
    },
    {
      "type": "Feature",
      "geometry": {
        "type": "Polygon",
        "coordinates": [
          [
            [
              6.333774755130418,
              44.91922197605634
            ],
            [
              6.334309698278318,
              44.92821749793723
            ],
            [
              6.346972530827306,
              44.92783670075838
            ],
            [
              6.346435560964439,
              44.918841240968185
            ],
            [
              6.333774755130418,
              44.91922197605634
            ]
          ]
        ]
      },
      "properties": {
        "id": "963000_6431000",
        "x": 963000,
        "y": 6431000,
        "url": "https://amplify-d17uxdu2napxpc-ma-amplifyalphdmeshesbucket-4rknaslwb6z4.s3.eu-west-3.amazonaws.com/meshes/0963_6431_11.drc",
        "format": "drc",
        "name": "0963_6431_11"
      }
    },
    {
      "type": "Feature",
      "geometry": {
        "type": "Polygon",
        "coordinates": [
          [
            [
              6.342145993102397,
              44.84687837079962
            ],
            [
              6.342681587949143,
              44.85587364898509
            ],
            [
              6.355328053302601,
              44.85549190759948
            ],
            [
              6.3547904369945085,
              44.846496691652845
            ],
            [
              6.342145993102397,
              44.84687837079962
            ]
          ]
        ]
      },
      "properties": {
        "id": "964000_6423000",
        "x": 964000,
        "y": 6423000,
        "url": "https://amplify-d17uxdu2napxpc-ma-amplifyalphdmeshesbucket-4rknaslwb6z4.s3.eu-west-3.amazonaws.com/meshes/0964_6423_11.drc",
        "format": "drc",
        "name": "0964_6423_11"
      }
    },
    {
      "type": "Feature",
      "geometry": {
        "type": "Polygon",
        "coordinates": [
          [
            [
              6.342681587949143,
              44.85587364898509
            ],
            [
              6.343217354384061,
              44.864868950626715
            ],
            [
              6.355865841844136,
              44.86448714699149
            ],
            [
              6.355328053302601,
              44.85549190759948
            ],
            [
              6.342681587949143,
              44.85587364898509
            ]
          ]
        ]
      },
      "properties": {
        "id": "964000_6424000",
        "x": 964000,
        "y": 6424000,
        "url": "https://amplify-d17uxdu2napxpc-ma-amplifyalphdmeshesbucket-4rknaslwb6z4.s3.eu-west-3.amazonaws.com/meshes/0964_6424_11.drc",
        "format": "drc",
        "name": "0964_6424_11"
      }
    },
    {
      "type": "Feature",
      "geometry": {
        "type": "Polygon",
        "coordinates": [
          [
            [
              6.343217354384061,
              44.864868950626715
            ],
            [
              6.343753292489571,
              44.87386427550871
            ],
            [
              6.356403802701847,
              44.873482409613
            ],
            [
              6.355865841844136,
              44.86448714699149
            ],
            [
              6.343217354384061,
              44.864868950626715
            ]
          ]
        ]
      },
      "properties": {
        "id": "964000_6425000",
        "x": 964000,
        "y": 6425000,
        "url": "https://amplify-d17uxdu2napxpc-ma-amplifyalphdmeshesbucket-4rknaslwb6z4.s3.eu-west-3.amazonaws.com/meshes/0964_6425_11.drc",
        "format": "drc",
        "name": "0964_6425_11"
      }
    },
    {
      "type": "Feature",
      "geometry": {
        "type": "Polygon",
        "coordinates": [
          [
            [
              6.343753292489571,
              44.87386427550871
            ],
            [
              6.344289402348146,
              44.88285962341518
            ],
            [
              6.3569419359585115,
              44.88247769524821
            ],
            [
              6.356403802701847,
              44.873482409613
            ],
            [
              6.343753292489571,
              44.87386427550871
            ]
          ]
        ]
      },
      "properties": {
        "id": "964000_6426000",
        "x": 964000,
        "y": 6426000,
        "url": "https://amplify-d17uxdu2napxpc-ma-amplifyalphdmeshesbucket-4rknaslwb6z4.s3.eu-west-3.amazonaws.com/meshes/0964_6426_11.drc",
        "format": "drc",
        "name": "0964_6426_11"
      }
    },
    {
      "type": "Feature",
      "geometry": {
        "type": "Polygon",
        "coordinates": [
          [
            [
              6.344289402348146,
              44.88285962341518
            ],
            [
              6.344825684042314,
              44.89185499413029
            ],
            [
              6.357480241696968,
              44.89147300368123
            ],
            [
              6.3569419359585115,
              44.88247769524821
            ],
            [
              6.344289402348146,
              44.88285962341518
            ]
          ]
        ]
      },
      "properties": {
        "id": "964000_6427000",
        "x": 964000,
        "y": 6427000,
        "url": "https://amplify-d17uxdu2napxpc-ma-amplifyalphdmeshesbucket-4rknaslwb6z4.s3.eu-west-3.amazonaws.com/meshes/0964_6427_11.drc",
        "format": "drc",
        "name": "0964_6427_11"
      }
    },
    {
      "type": "Feature",
      "geometry": {
        "type": "Polygon",
        "coordinates": [
          [
            [
              6.344825684042314,
              44.89185499413029
            ],
            [
              6.3453621376546545,
              44.900850387438155
            ],
            [
              6.358018720000105,
              44.90046833469615
            ],
            [
              6.357480241696968,
              44.89147300368123
            ],
            [
              6.344825684042314,
              44.89185499413029
            ]
          ]
        ]
      },
      "properties": {
        "id": "964000_6428000",
        "x": 964000,
        "y": 6428000,
        "url": "https://amplify-d17uxdu2napxpc-ma-amplifyalphdmeshesbucket-4rknaslwb6z4.s3.eu-west-3.amazonaws.com/meshes/0964_6428_01.drc",
        "format": "drc",
        "name": "0964_6428_01"
      }
    },
    {
      "type": "Feature",
      "geometry": {
        "type": "Polygon",
        "coordinates": [
          [
            [
              6.344825684042314,
              44.89185499413029
            ],
            [
              6.3453621376546545,
              44.900850387438155
            ],
            [
              6.358018720000105,
              44.90046833469615
            ],
            [
              6.357480241696968,
              44.89147300368123
            ],
            [
              6.344825684042314,
              44.89185499413029
            ]
          ]
        ]
      },
      "properties": {
        "id": "964000_6428000",
        "x": 964000,
        "y": 6428000,
        "url": "https://amplify-d17uxdu2napxpc-ma-amplifyalphdmeshesbucket-4rknaslwb6z4.s3.eu-west-3.amazonaws.com/meshes/0964_6428_09.drc",
        "format": "drc",
        "name": "0964_6428_09"
      }
    },
    {
      "type": "Feature",
      "geometry": {
        "type": "Polygon",
        "coordinates": [
          [
            [
              6.344825684042314,
              44.89185499413029
            ],
            [
              6.3453621376546545,
              44.900850387438155
            ],
            [
              6.358018720000105,
              44.90046833469615
            ],
            [
              6.357480241696968,
              44.89147300368123
            ],
            [
              6.344825684042314,
              44.89185499413029
            ]
          ]
        ]
      },
      "properties": {
        "id": "964000_6428000",
        "x": 964000,
        "y": 6428000,
        "url": "https://amplify-d17uxdu2napxpc-ma-amplifyalphdmeshesbucket-4rknaslwb6z4.s3.eu-west-3.amazonaws.com/meshes/0964_6428_11.drc",
        "format": "drc",
        "name": "0964_6428_11"
      }
    },
    {
      "type": "Feature",
      "geometry": {
        "type": "Polygon",
        "coordinates": [
          [
            [
              6.3453621376546545,
              44.900850387438155
            ],
            [
              6.345898763267802,
              44.90984580312278
            ],
            [
              6.358557370950863,
              44.909463688077
            ],
            [
              6.358018720000105,
              44.90046833469615
            ],
            [
              6.3453621376546545,
              44.900850387438155
            ]
          ]
        ]
      },
      "properties": {
        "id": "964000_6429000",
        "x": 964000,
        "y": 6429000,
        "url": "https://amplify-d17uxdu2napxpc-ma-amplifyalphdmeshesbucket-4rknaslwb6z4.s3.eu-west-3.amazonaws.com/meshes/0964_6429_11.drc",
        "format": "drc",
        "name": "0964_6429_11"
      }
    },
    {
      "type": "Feature",
      "geometry": {
        "type": "Polygon",
        "coordinates": [
          [
            [
              6.345898763267802,
              44.90984580312278
            ],
            [
              6.346435560964439,
              44.918841240968185
            ],
            [
              6.359096194632239,
              44.9184590636078
            ],
            [
              6.358557370950863,
              44.909463688077
            ],
            [
              6.345898763267802,
              44.90984580312278
            ]
          ]
        ]
      },
      "properties": {
        "id": "964000_6430000",
        "x": 964000,
        "y": 6430000,
        "url": "https://amplify-d17uxdu2napxpc-ma-amplifyalphdmeshesbucket-4rknaslwb6z4.s3.eu-west-3.amazonaws.com/meshes/0964_6430_01.drc",
        "format": "drc",
        "name": "0964_6430_01"
      }
    },
    {
      "type": "Feature",
      "geometry": {
        "type": "Polygon",
        "coordinates": [
          [
            [
              6.345898763267802,
              44.90984580312278
            ],
            [
              6.346435560964439,
              44.918841240968185
            ],
            [
              6.359096194632239,
              44.9184590636078
            ],
            [
              6.358557370950863,
              44.909463688077
            ],
            [
              6.345898763267802,
              44.90984580312278
            ]
          ]
        ]
      },
      "properties": {
        "id": "964000_6430000",
        "x": 964000,
        "y": 6430000,
        "url": "https://amplify-d17uxdu2napxpc-ma-amplifyalphdmeshesbucket-4rknaslwb6z4.s3.eu-west-3.amazonaws.com/meshes/0964_6430_09.drc",
        "format": "drc",
        "name": "0964_6430_09"
      }
    },
    {
      "type": "Feature",
      "geometry": {
        "type": "Polygon",
        "coordinates": [
          [
            [
              6.345898763267802,
              44.90984580312278
            ],
            [
              6.346435560964439,
              44.918841240968185
            ],
            [
              6.359096194632239,
              44.9184590636078
            ],
            [
              6.358557370950863,
              44.909463688077
            ],
            [
              6.345898763267802,
              44.90984580312278
            ]
          ]
        ]
      },
      "properties": {
        "id": "964000_6430000",
        "x": 964000,
        "y": 6430000,
        "url": "https://amplify-d17uxdu2napxpc-ma-amplifyalphdmeshesbucket-4rknaslwb6z4.s3.eu-west-3.amazonaws.com/meshes/0964_6430_11.drc",
        "format": "drc",
        "name": "0964_6430_11"
      }
    },
    {
      "type": "Feature",
      "geometry": {
        "type": "Polygon",
        "coordinates": [
          [
            [
              6.346435560964439,
              44.918841240968185
            ],
            [
              6.346972530827306,
              44.92783670075838
            ],
            [
              6.35963519112728,
              44.927454461072536
            ],
            [
              6.359096194632239,
              44.9184590636078
            ],
            [
              6.346435560964439,
              44.918841240968185
            ]
          ]
        ]
      },
      "properties": {
        "id": "964000_6431000",
        "x": 964000,
        "y": 6431000,
        "url": "https://amplify-d17uxdu2napxpc-ma-amplifyalphdmeshesbucket-4rknaslwb6z4.s3.eu-west-3.amazonaws.com/meshes/0964_6431_01.drc",
        "format": "drc",
        "name": "0964_6431_01"
      }
    },
    {
      "type": "Feature",
      "geometry": {
        "type": "Polygon",
        "coordinates": [
          [
            [
              6.346435560964439,
              44.918841240968185
            ],
            [
              6.346972530827306,
              44.92783670075838
            ],
            [
              6.35963519112728,
              44.927454461072536
            ],
            [
              6.359096194632239,
              44.9184590636078
            ],
            [
              6.346435560964439,
              44.918841240968185
            ]
          ]
        ]
      },
      "properties": {
        "id": "964000_6431000",
        "x": 964000,
        "y": 6431000,
        "url": "https://amplify-d17uxdu2napxpc-ma-amplifyalphdmeshesbucket-4rknaslwb6z4.s3.eu-west-3.amazonaws.com/meshes/0964_6431_09.drc",
        "format": "drc",
        "name": "0964_6431_09"
      }
    },
    {
      "type": "Feature",
      "geometry": {
        "type": "Polygon",
        "coordinates": [
          [
            [
              6.346435560964439,
              44.918841240968185
            ],
            [
              6.346972530827306,
              44.92783670075838
            ],
            [
              6.35963519112728,
              44.927454461072536
            ],
            [
              6.359096194632239,
              44.9184590636078
            ],
            [
              6.346435560964439,
              44.918841240968185
            ]
          ]
        ]
      },
      "properties": {
        "id": "964000_6431000",
        "x": 964000,
        "y": 6431000,
        "url": "https://amplify-d17uxdu2napxpc-ma-amplifyalphdmeshesbucket-4rknaslwb6z4.s3.eu-west-3.amazonaws.com/meshes/0964_6431_11.drc",
        "format": "drc",
        "name": "0964_6431_11"
      }
    },
    {
      "type": "Feature",
      "geometry": {
        "type": "Polygon",
        "coordinates": [
          [
            [
              6.346972530827306,
              44.92783670075838
            ],
            [
              6.347509672939193,
              44.93683218227731
            ],
            [
              6.360174360519087,
              44.93644988025516
            ],
            [
              6.35963519112728,
              44.927454461072536
            ],
            [
              6.346972530827306,
              44.92783670075838
            ]
          ]
        ]
      },
      "properties": {
        "id": "964000_6432000",
        "x": 964000,
        "y": 6432000,
        "url": "https://amplify-d17uxdu2napxpc-ma-amplifyalphdmeshesbucket-4rknaslwb6z4.s3.eu-west-3.amazonaws.com/meshes/0964_6432_11.drc",
        "format": "drc",
        "name": "0964_6432_11"
      }
    },
    {
      "type": "Feature",
      "geometry": {
        "type": "Polygon",
        "coordinates": [
          [
            [
              6.347509672939193,
              44.93683218227731
            ],
            [
              6.348046987382944,
              44.94582768530885
            ],
            [
              6.360713702890816,
              44.94544532093956
            ],
            [
              6.360174360519087,
              44.93644988025516
            ],
            [
              6.347509672939193,
              44.93683218227731
            ]
          ]
        ]
      },
      "properties": {
        "id": "964000_6433000",
        "x": 964000,
        "y": 6433000,
        "url": "https://amplify-d17uxdu2napxpc-ma-amplifyalphdmeshesbucket-4rknaslwb6z4.s3.eu-west-3.amazonaws.com/meshes/0964_6433_11.drc",
        "format": "drc",
        "name": "0964_6433_11"
      }
    },
    {
      "type": "Feature",
      "geometry": {
        "type": "Polygon",
        "coordinates": [
          [
            [
              6.3547904369945085,
              44.846496691652845
            ],
            [
              6.355328053302601,
              44.85549190759948
            ],
            [
              6.367974346422624,
              44.85510872561374
            ],
            [
              6.367434708735862,
              44.846113572140325
            ],
            [
              6.3547904369945085,
              44.846496691652845
            ]
          ]
        ]
      },
      "properties": {
        "id": "965000_6423000",
        "x": 965000,
        "y": 6423000,
        "url": "https://amplify-d17uxdu2napxpc-ma-amplifyalphdmeshesbucket-4rknaslwb6z4.s3.eu-west-3.amazonaws.com/meshes/0965_6423_11.drc",
        "format": "drc",
        "name": "0965_6423_11"
      }
    },
    {
      "type": "Feature",
      "geometry": {
        "type": "Polygon",
        "coordinates": [
          [
            [
              6.355328053302601,
              44.85549190759948
            ],
            [
              6.355865841844136,
              44.86448714699149
            ],
            [
              6.3685141569880495,
              44.86410390252164
            ],
            [
              6.367974346422624,
              44.85510872561374
            ],
            [
              6.355328053302601,
              44.85549190759948
            ]
          ]
        ]
      },
      "properties": {
        "id": "965000_6424000",
        "x": 965000,
        "y": 6424000,
        "url": "https://amplify-d17uxdu2napxpc-ma-amplifyalphdmeshesbucket-4rknaslwb6z4.s3.eu-west-3.amazonaws.com/meshes/0965_6424_11.drc",
        "format": "drc",
        "name": "0965_6424_11"
      }
    },
    {
      "type": "Feature",
      "geometry": {
        "type": "Polygon",
        "coordinates": [
          [
            [
              6.355865841844136,
              44.86448714699149
            ],
            [
              6.356403802701847,
              44.873482409613
            ],
            [
              6.369054140515175,
              44.87309910264821
            ],
            [
              6.3685141569880495,
              44.86410390252164
            ],
            [
              6.355865841844136,
              44.86448714699149
            ]
          ]
        ]
      },
      "properties": {
        "id": "965000_6425000",
        "x": 965000,
        "y": 6425000,
        "url": "https://amplify-d17uxdu2napxpc-ma-amplifyalphdmeshesbucket-4rknaslwb6z4.s3.eu-west-3.amazonaws.com/meshes/0965_6425_11.drc",
        "format": "drc",
        "name": "0965_6425_11"
      }
    },
    {
      "type": "Feature",
      "geometry": {
        "type": "Polygon",
        "coordinates": [
          [
            [
              6.356403802701847,
              44.873482409613
            ],
            [
              6.3569419359585115,
              44.88247769524821
            ],
            [
              6.369594297087095,
              44.8820943257776
            ],
            [
              6.369054140515175,
              44.87309910264821
            ],
            [
              6.356403802701847,
              44.873482409613
            ]
          ]
        ]
      },
      "properties": {
        "id": "965000_6426000",
        "x": 965000,
        "y": 6426000,
        "url": "https://amplify-d17uxdu2napxpc-ma-amplifyalphdmeshesbucket-4rknaslwb6z4.s3.eu-west-3.amazonaws.com/meshes/0965_6426_11.drc",
        "format": "drc",
        "name": "0965_6426_11"
      }
    },
    {
      "type": "Feature",
      "geometry": {
        "type": "Polygon",
        "coordinates": [
          [
            [
              6.3569419359585115,
              44.88247769524821
            ],
            [
              6.357480241696968,
              44.89147300368123
            ],
            [
              6.3701346267869505,
              44.891089571693925
            ],
            [
              6.369594297087095,
              44.8820943257776
            ],
            [
              6.3569419359585115,
              44.88247769524821
            ]
          ]
        ]
      },
      "properties": {
        "id": "965000_6427000",
        "x": 965000,
        "y": 6427000,
        "url": "https://amplify-d17uxdu2napxpc-ma-amplifyalphdmeshesbucket-4rknaslwb6z4.s3.eu-west-3.amazonaws.com/meshes/0965_6427_11.drc",
        "format": "drc",
        "name": "0965_6427_11"
      }
    },
    {
      "type": "Feature",
      "geometry": {
        "type": "Polygon",
        "coordinates": [
          [
            [
              6.357480241696968,
              44.89147300368123
            ],
            [
              6.358018720000105,
              44.90046833469615
            ],
            [
              6.370675129697941,
              44.90008484018128
            ],
            [
              6.3701346267869505,
              44.891089571693925
            ],
            [
              6.357480241696968,
              44.89147300368123
            ]
          ]
        ]
      },
      "properties": {
        "id": "965000_6428000",
        "x": 965000,
        "y": 6428000,
        "url": "https://amplify-d17uxdu2napxpc-ma-amplifyalphdmeshesbucket-4rknaslwb6z4.s3.eu-west-3.amazonaws.com/meshes/0965_6428_11.drc",
        "format": "drc",
        "name": "0965_6428_11"
      }
    },
    {
      "type": "Feature",
      "geometry": {
        "type": "Polygon",
        "coordinates": [
          [
            [
              6.358018720000105,
              44.90046833469615
            ],
            [
              6.358557370950863,
              44.909463688077
            ],
            [
              6.371215805903317,
              44.909080131023686
            ],
            [
              6.370675129697941,
              44.90008484018128
            ],
            [
              6.358018720000105,
              44.90046833469615
            ]
          ]
        ]
      },
      "properties": {
        "id": "965000_6429000",
        "x": 965000,
        "y": 6429000,
        "url": "https://amplify-d17uxdu2napxpc-ma-amplifyalphdmeshesbucket-4rknaslwb6z4.s3.eu-west-3.amazonaws.com/meshes/0965_6429_11.drc",
        "format": "drc",
        "name": "0965_6429_11"
      }
    },
    {
      "type": "Feature",
      "geometry": {
        "type": "Polygon",
        "coordinates": [
          [
            [
              6.358557370950863,
              44.909463688077
            ],
            [
              6.359096194632239,
              44.9184590636078
            ],
            [
              6.371756655486384,
              44.91807544400519
            ],
            [
              6.371215805903317,
              44.909080131023686
            ],
            [
              6.358557370950863,
              44.909463688077
            ]
          ]
        ]
      },
      "properties": {
        "id": "965000_6430000",
        "x": 965000,
        "y": 6430000,
        "url": "https://amplify-d17uxdu2napxpc-ma-amplifyalphdmeshesbucket-4rknaslwb6z4.s3.eu-west-3.amazonaws.com/meshes/0965_6430_11.drc",
        "format": "drc",
        "name": "0965_6430_11"
      }
    },
    {
      "type": "Feature",
      "geometry": {
        "type": "Polygon",
        "coordinates": [
          [
            [
              6.359096194632239,
              44.9184590636078
            ],
            [
              6.35963519112728,
              44.927454461072536
            ],
            [
              6.372297678530498,
              44.92707077890973
            ],
            [
              6.371756655486384,
              44.91807544400519
            ],
            [
              6.359096194632239,
              44.9184590636078
            ]
          ]
        ]
      },
      "properties": {
        "id": "965000_6431000",
        "x": 965000,
        "y": 6431000,
        "url": "https://amplify-d17uxdu2napxpc-ma-amplifyalphdmeshesbucket-4rknaslwb6z4.s3.eu-west-3.amazonaws.com/meshes/0965_6431_11.drc",
        "format": "drc",
        "name": "0965_6431_11"
      }
    },
    {
      "type": "Feature",
      "geometry": {
        "type": "Polygon",
        "coordinates": [
          [
            [
              6.35963519112728,
              44.927454461072536
            ],
            [
              6.360174360519087,
              44.93644988025516
            ],
            [
              6.372838875119071,
              44.936066135521294
            ],
            [
              6.372297678530498,
              44.92707077890973
            ],
            [
              6.35963519112728,
              44.927454461072536
            ]
          ]
        ]
      },
      "properties": {
        "id": "965000_6432000",
        "x": 965000,
        "y": 6432000,
        "url": "https://amplify-d17uxdu2napxpc-ma-amplifyalphdmeshesbucket-4rknaslwb6z4.s3.eu-west-3.amazonaws.com/meshes/0965_6432_11.drc",
        "format": "drc",
        "name": "0965_6432_11"
      }
    },
    {
      "type": "Feature",
      "geometry": {
        "type": "Polygon",
        "coordinates": [
          [
            [
              6.360174360519087,
              44.93644988025516
            ],
            [
              6.360713702890816,
              44.94544532093956
            ],
            [
              6.373380245335568,
              44.94506151362372
            ],
            [
              6.372838875119071,
              44.936066135521294
            ],
            [
              6.360174360519087,
              44.93644988025516
            ]
          ]
        ]
      },
      "properties": {
        "id": "965000_6433000",
        "x": 965000,
        "y": 6433000,
        "url": "https://amplify-d17uxdu2napxpc-ma-amplifyalphdmeshesbucket-4rknaslwb6z4.s3.eu-west-3.amazonaws.com/meshes/0965_6433_11.drc",
        "format": "drc",
        "name": "0965_6433_11"
      }
    },
    {
      "type": "Feature",
      "geometry": {
        "type": "Polygon",
        "coordinates": [
          [
            [
              6.360713702890816,
              44.94544532093956
            ],
            [
              6.361253218325673,
              44.95444078290963
            ],
            [
              6.373921789263505,
              44.95405691300092
            ],
            [
              6.373380245335568,
              44.94506151362372
            ],
            [
              6.360713702890816,
              44.94544532093956
            ]
          ]
        ]
      },
      "properties": {
        "id": "965000_6434000",
        "x": 965000,
        "y": 6434000,
        "url": "https://amplify-d17uxdu2napxpc-ma-amplifyalphdmeshesbucket-4rknaslwb6z4.s3.eu-west-3.amazonaws.com/meshes/0965_6434_11.drc",
        "format": "drc",
        "name": "0965_6434_11"
      }
    },
    {
      "type": "Feature",
      "geometry": {
        "type": "Polygon",
        "coordinates": [
          [
            [
              6.367974346422624,
              44.85510872561374
            ],
            [
              6.3685141569880495,
              44.86410390252164
            ],
            [
              6.381162299170269,
              44.86371921724723
            ],
            [
              6.380620466663993,
              44.85472410305786
            ],
            [
              6.367974346422624,
              44.85510872561374
            ]
          ]
        ]
      },
      "properties": {
        "id": "966000_6424000",
        "x": 966000,
        "y": 6424000,
        "url": "https://amplify-d17uxdu2napxpc-ma-amplifyalphdmeshesbucket-4rknaslwb6z4.s3.eu-west-3.amazonaws.com/meshes/0966_6424_11.drc",
        "format": "drc",
        "name": "0966_6424_11"
      }
    },
    {
      "type": "Feature",
      "geometry": {
        "type": "Polygon",
        "coordinates": [
          [
            [
              6.3685141569880495,
              44.86410390252164
            ],
            [
              6.369054140515175,
              44.87309910264821
            ],
            [
              6.381704305283721,
              44.87271435464435
            ],
            [
              6.381162299170269,
              44.86371921724723
            ],
            [
              6.3685141569880495,
              44.86410390252164
            ]
          ]
        ]
      },
      "properties": {
        "id": "966000_6425000",
        "x": 966000,
        "y": 6425000,
        "url": "https://amplify-d17uxdu2napxpc-ma-amplifyalphdmeshesbucket-4rknaslwb6z4.s3.eu-west-3.amazonaws.com/meshes/0966_6425_11.drc",
        "format": "drc",
        "name": "0966_6425_11"
      }
    },
    {
      "type": "Feature",
      "geometry": {
        "type": "Polygon",
        "coordinates": [
          [
            [
              6.369054140515175,
              44.87309910264821
            ],
            [
              6.369594297087095,
              44.8820943257776
            ],
            [
              6.382246485087748,
              44.881709515033386
            ],
            [
              6.381704305283721,
              44.87271435464435
            ],
            [
              6.369054140515175,
              44.87309910264821
            ]
          ]
        ]
      },
      "properties": {
        "id": "966000_6426000",
        "x": 966000,
        "y": 6426000,
        "url": "https://amplify-d17uxdu2napxpc-ma-amplifyalphdmeshesbucket-4rknaslwb6z4.s3.eu-west-3.amazonaws.com/meshes/0966_6426_11.drc",
        "format": "drc",
        "name": "0966_6426_11"
      }
    },
    {
      "type": "Feature",
      "geometry": {
        "type": "Polygon",
        "coordinates": [
          [
            [
              6.369594297087095,
              44.8820943257776
            ],
            [
              6.3701346267869505,
              44.891089571693925
            ],
            [
              6.382788838665807,
              44.89070469819845
            ],
            [
              6.382246485087748,
              44.881709515033386
            ],
            [
              6.369594297087095,
              44.8820943257776
            ]
          ]
        ]
      },
      "properties": {
        "id": "966000_6427000",
        "x": 966000,
        "y": 6427000,
        "url": "https://amplify-d17uxdu2napxpc-ma-amplifyalphdmeshesbucket-4rknaslwb6z4.s3.eu-west-3.amazonaws.com/meshes/0966_6427_11.drc",
        "format": "drc",
        "name": "0966_6427_11"
      }
    },
    {
      "type": "Feature",
      "geometry": {
        "type": "Polygon",
        "coordinates": [
          [
            [
              6.3701346267869505,
              44.891089571693925
            ],
            [
              6.370675129697941,
              44.90008484018128
            ],
            [
              6.3833313661014,
              44.899699903923654
            ],
            [
              6.382788838665807,
              44.89070469819845
            ],
            [
              6.3701346267869505,
              44.891089571693925
            ]
          ]
        ]
      },
      "properties": {
        "id": "966000_6428000",
        "x": 966000,
        "y": 6428000,
        "url": "https://amplify-d17uxdu2napxpc-ma-amplifyalphdmeshesbucket-4rknaslwb6z4.s3.eu-west-3.amazonaws.com/meshes/0966_6428_11.drc",
        "format": "drc",
        "name": "0966_6428_11"
      }
    },
    {
      "type": "Feature",
      "geometry": {
        "type": "Polygon",
        "coordinates": [
          [
            [
              6.370675129697941,
              44.90008484018128
            ],
            [
              6.371215805903317,
              44.909080131023686
            ],
            [
              6.383874067478089,
              44.90869513199297
            ],
            [
              6.3833313661014,
              44.899699903923654
            ],
            [
              6.370675129697941,
              44.90008484018128
            ]
          ]
        ]
      },
      "properties": {
        "id": "966000_6429000",
        "x": 966000,
        "y": 6429000,
        "url": "https://amplify-d17uxdu2napxpc-ma-amplifyalphdmeshesbucket-4rknaslwb6z4.s3.eu-west-3.amazonaws.com/meshes/0966_6429_11.drc",
        "format": "drc",
        "name": "0966_6429_11"
      }
    },
    {
      "type": "Feature",
      "geometry": {
        "type": "Polygon",
        "coordinates": [
          [
            [
              6.371215805903317,
              44.909080131023686
            ],
            [
              6.371756655486384,
              44.91807544400519
            ],
            [
              6.384416942879489,
              44.91769038219047
            ],
            [
              6.383874067478089,
              44.90869513199297
            ],
            [
              6.371215805903317,
              44.909080131023686
            ]
          ]
        ]
      },
      "properties": {
        "id": "966000_6430000",
        "x": 966000,
        "y": 6430000,
        "url": "https://amplify-d17uxdu2napxpc-ma-amplifyalphdmeshesbucket-4rknaslwb6z4.s3.eu-west-3.amazonaws.com/meshes/0966_6430_11.drc",
        "format": "drc",
        "name": "0966_6430_11"
      }
    },
    {
      "type": "Feature",
      "geometry": {
        "type": "Polygon",
        "coordinates": [
          [
            [
              6.371756655486384,
              44.91807544400519
            ],
            [
              6.372297678530498,
              44.92707077890973
            ],
            [
              6.384959992389266,
              44.92668565430009
            ],
            [
              6.384416942879489,
              44.91769038219047
            ],
            [
              6.371756655486384,
              44.91807544400519
            ]
          ]
        ]
      },
      "properties": {
        "id": "966000_6431000",
        "x": 966000,
        "y": 6431000,
        "url": "https://amplify-d17uxdu2napxpc-ma-amplifyalphdmeshesbucket-4rknaslwb6z4.s3.eu-west-3.amazonaws.com/meshes/0966_6431_11.drc",
        "format": "drc",
        "name": "0966_6431_11"
      }
    },
    {
      "type": "Feature",
      "geometry": {
        "type": "Polygon",
        "coordinates": [
          [
            [
              6.372297678530498,
              44.92707077890973
            ],
            [
              6.372838875119071,
              44.936066135521294
            ],
            [
              6.38550321609114,
              44.93568094810578
            ],
            [
              6.384959992389266,
              44.92668565430009
            ],
            [
              6.372297678530498,
              44.92707077890973
            ]
          ]
        ]
      },
      "properties": {
        "id": "966000_6432000",
        "x": 966000,
        "y": 6432000,
        "url": "https://amplify-d17uxdu2napxpc-ma-amplifyalphdmeshesbucket-4rknaslwb6z4.s3.eu-west-3.amazonaws.com/meshes/0966_6432_11.drc",
        "format": "drc",
        "name": "0966_6432_11"
      }
    },
    {
      "type": "Feature",
      "geometry": {
        "type": "Polygon",
        "coordinates": [
          [
            [
              6.372838875119071,
              44.936066135521294
            ],
            [
              6.373380245335568,
              44.94506151362372
            ],
            [
              6.386046614068886,
              44.94467626339143
            ],
            [
              6.38550321609114,
              44.93568094810578
            ],
            [
              6.372838875119071,
              44.936066135521294
            ]
          ]
        ]
      },
      "properties": {
        "id": "966000_6433000",
        "x": 966000,
        "y": 6433000,
        "url": "https://amplify-d17uxdu2napxpc-ma-amplifyalphdmeshesbucket-4rknaslwb6z4.s3.eu-west-3.amazonaws.com/meshes/0966_6433_11.drc",
        "format": "drc",
        "name": "0966_6433_11"
      }
    },
    {
      "type": "Feature",
      "geometry": {
        "type": "Polygon",
        "coordinates": [
          [
            [
              6.373380245335568,
              44.94506151362372
            ],
            [
              6.373921789263505,
              44.95405691300092
            ],
            [
              6.386590186406333,
              44.95367159994091
            ],
            [
              6.386046614068886,
              44.94467626339143
            ],
            [
              6.373380245335568,
              44.94506151362372
            ]
          ]
        ]
      },
      "properties": {
        "id": "966000_6434000",
        "x": 966000,
        "y": 6434000,
        "url": "https://amplify-d17uxdu2napxpc-ma-amplifyalphdmeshesbucket-4rknaslwb6z4.s3.eu-west-3.amazonaws.com/meshes/0966_6434_11.drc",
        "format": "drc",
        "name": "0966_6434_11"
      }
    },
    {
      "type": "Feature",
      "geometry": {
        "type": "Polygon",
        "coordinates": [
          [
            [
              6.373921789263505,
              44.95405691300092
            ],
            [
              6.374463506986456,
              44.96305233343672
            ],
            [
              6.3871339331873624,
              44.962666957538055
            ],
            [
              6.386590186406333,
              44.95367159994091
            ],
            [
              6.373921789263505,
              44.95405691300092
            ]
          ]
        ]
      },
      "properties": {
        "id": "966000_6435000",
        "x": 966000,
        "y": 6435000,
        "url": "https://amplify-d17uxdu2napxpc-ma-amplifyalphdmeshesbucket-4rknaslwb6z4.s3.eu-west-3.amazonaws.com/meshes/0966_6435_11.drc",
        "format": "drc",
        "name": "0966_6435_11"
      }
    },
    {
      "type": "Feature",
      "geometry": {
        "type": "Polygon",
        "coordinates": [
          [
            [
              6.380620466663993,
              44.85472410305786
            ],
            [
              6.381162299170269,
              44.86371921724723
            ],
            [
              6.39381026774532,
              44.863333091198406
            ],
            [
              6.39326641338154,
              44.85433803996202
            ],
            [
              6.380620466663993,
              44.85472410305786
            ]
          ]
        ]
      },
      "properties": {
        "id": "967000_6424000",
        "x": 967000,
        "y": 6424000,
        "url": "https://amplify-d17uxdu2napxpc-ma-amplifyalphdmeshesbucket-4rknaslwb6z4.s3.eu-west-3.amazonaws.com/meshes/0967_6424_11.drc",
        "format": "drc",
        "name": "0967_6424_11"
      }
    },
    {
      "type": "Feature",
      "geometry": {
        "type": "Polygon",
        "coordinates": [
          [
            [
              6.381162299170269,
              44.86371921724723
            ],
            [
              6.381704305283721,
              44.87271435464435
            ],
            [
              6.3943542963616995,
              44.8723281656316
            ],
            [
              6.39381026774532,
              44.863333091198406
            ],
            [
              6.381162299170269,
              44.86371921724723
            ]
          ]
        ]
      },
      "properties": {
        "id": "967000_6425000",
        "x": 967000,
        "y": 6425000,
        "url": "https://amplify-d17uxdu2napxpc-ma-amplifyalphdmeshesbucket-4rknaslwb6z4.s3.eu-west-3.amazonaws.com/meshes/0967_6425_11.drc",
        "format": "drc",
        "name": "0967_6425_11"
      }
    },
    {
      "type": "Feature",
      "geometry": {
        "type": "Polygon",
        "coordinates": [
          [
            [
              6.381704305283721,
              44.87271435464435
            ],
            [
              6.382246485087748,
              44.881709515033386
            ],
            [
              6.394898499314383,
              44.88132326304577
            ],
            [
              6.3943542963616995,
              44.8723281656316
            ],
            [
              6.381704305283721,
              44.87271435464435
            ]
          ]
        ]
      },
      "properties": {
        "id": "967000_6426000",
        "x": 967000,
        "y": 6426000,
        "url": "https://amplify-d17uxdu2napxpc-ma-amplifyalphdmeshesbucket-4rknaslwb6z4.s3.eu-west-3.amazonaws.com/meshes/0967_6426_11.drc",
        "format": "drc",
        "name": "0967_6426_11"
      }
    },
    {
      "type": "Feature",
      "geometry": {
        "type": "Polygon",
        "coordinates": [
          [
            [
              6.382246485087748,
              44.881709515033386
            ],
            [
              6.382788838665807,
              44.89070469819845
            ],
            [
              6.395442876687136,
              44.89031838322502
            ],
            [
              6.394898499314383,
              44.88132326304577
            ],
            [
              6.382246485087748,
              44.881709515033386
            ]
          ]
        ]
      },
      "properties": {
        "id": "967000_6427000",
        "x": 967000,
        "y": 6427000,
        "url": "https://amplify-d17uxdu2napxpc-ma-amplifyalphdmeshesbucket-4rknaslwb6z4.s3.eu-west-3.amazonaws.com/meshes/0967_6427_11.drc",
        "format": "drc",
        "name": "0967_6427_11"
      }
    },
    {
      "type": "Feature",
      "geometry": {
        "type": "Polygon",
        "coordinates": [
          [
            [
              6.382788838665807,
              44.89070469819845
            ],
            [
              6.3833313661014,
              44.899699903923654
            ],
            [
              6.395987428563772,
              44.899313525953445
            ],
            [
              6.395442876687136,
              44.89031838322502
            ],
            [
              6.382788838665807,
              44.89070469819845
            ]
          ]
        ]
      },
      "properties": {
        "id": "967000_6428000",
        "x": 967000,
        "y": 6428000,
        "url": "https://amplify-d17uxdu2napxpc-ma-amplifyalphdmeshesbucket-4rknaslwb6z4.s3.eu-west-3.amazonaws.com/meshes/0967_6428_11.drc",
        "format": "drc",
        "name": "0967_6428_11"
      }
    },
    {
      "type": "Feature",
      "geometry": {
        "type": "Polygon",
        "coordinates": [
          [
            [
              6.3833313661014,
              44.899699903923654
            ],
            [
              6.383874067478089,
              44.90869513199297
            ],
            [
              6.3965321550281615,
              44.90830869101504
            ],
            [
              6.395987428563772,
              44.899313525953445
            ],
            [
              6.3833313661014,
              44.899699903923654
            ]
          ]
        ]
      },
      "properties": {
        "id": "967000_6429000",
        "x": 967000,
        "y": 6429000,
        "url": "https://amplify-d17uxdu2napxpc-ma-amplifyalphdmeshesbucket-4rknaslwb6z4.s3.eu-west-3.amazonaws.com/meshes/0967_6429_11.drc",
        "format": "drc",
        "name": "0967_6429_11"
      }
    },
    {
      "type": "Feature",
      "geometry": {
        "type": "Polygon",
        "coordinates": [
          [
            [
              6.383874067478089,
              44.90869513199297
            ],
            [
              6.384416942879489,
              44.91769038219047
            ],
            [
              6.3970770561642265,
              44.91730387819385
            ],
            [
              6.3965321550281615,
              44.90830869101504
            ],
            [
              6.383874067478089,
              44.90869513199297
            ]
          ]
        ]
      },
      "properties": {
        "id": "967000_6430000",
        "x": 967000,
        "y": 6430000,
        "url": "https://amplify-d17uxdu2napxpc-ma-amplifyalphdmeshesbucket-4rknaslwb6z4.s3.eu-west-3.amazonaws.com/meshes/0967_6430_11.drc",
        "format": "drc",
        "name": "0967_6430_11"
      }
    },
    {
      "type": "Feature",
      "geometry": {
        "type": "Polygon",
        "coordinates": [
          [
            [
              6.384416942879489,
              44.91769038219047
            ],
            [
              6.384959992389266,
              44.92668565430009
            ],
            [
              6.397622132055943,
              44.92629908727382
            ],
            [
              6.3970770561642265,
              44.91730387819385
            ],
            [
              6.384416942879489,
              44.91769038219047
            ]
          ]
        ]
      },
      "properties": {
        "id": "967000_6431000",
        "x": 967000,
        "y": 6431000,
        "url": "https://amplify-d17uxdu2napxpc-ma-amplifyalphdmeshesbucket-4rknaslwb6z4.s3.eu-west-3.amazonaws.com/meshes/0967_6431_11.drc",
        "format": "drc",
        "name": "0967_6431_11"
      }
    },
    {
      "type": "Feature",
      "geometry": {
        "type": "Polygon",
        "coordinates": [
          [
            [
              6.384959992389266,
              44.92668565430009
            ],
            [
              6.38550321609114,
              44.93568094810578
            ],
            [
              6.398167382787345,
              44.93529431803889
            ],
            [
              6.397622132055943,
              44.92629908727382
            ],
            [
              6.384959992389266,
              44.92668565430009
            ]
          ]
        ]
      },
      "properties": {
        "id": "967000_6432000",
        "x": 967000,
        "y": 6432000,
        "url": "https://amplify-d17uxdu2napxpc-ma-amplifyalphdmeshesbucket-4rknaslwb6z4.s3.eu-west-3.amazonaws.com/meshes/0967_6432_11.drc",
        "format": "drc",
        "name": "0967_6432_11"
      }
    },
    {
      "type": "Feature",
      "geometry": {
        "type": "Polygon",
        "coordinates": [
          [
            [
              6.38550321609114,
              44.93568094810578
            ],
            [
              6.386046614068886,
              44.94467626339143
            ],
            [
              6.398712808442513,
              44.94428957027294
            ],
            [
              6.398167382787345,
              44.93529431803889
            ],
            [
              6.38550321609114,
              44.93568094810578
            ]
          ]
        ]
      },
      "properties": {
        "id": "967000_6433000",
        "x": 967000,
        "y": 6433000,
        "url": "https://amplify-d17uxdu2napxpc-ma-amplifyalphdmeshesbucket-4rknaslwb6z4.s3.eu-west-3.amazonaws.com/meshes/0967_6433_11.drc",
        "format": "drc",
        "name": "0967_6433_11"
      }
    },
    {
      "type": "Feature",
      "geometry": {
        "type": "Polygon",
        "coordinates": [
          [
            [
              6.386046614068886,
              44.94467626339143
            ],
            [
              6.386590186406333,
              44.95367159994091
            ],
            [
              6.399258409105588,
              44.95328484375987
            ],
            [
              6.398712808442513,
              44.94428957027294
            ],
            [
              6.386046614068886,
              44.94467626339143
            ]
          ]
        ]
      },
      "properties": {
        "id": "967000_6434000",
        "x": 967000,
        "y": 6434000,
        "url": "https://amplify-d17uxdu2napxpc-ma-amplifyalphdmeshesbucket-4rknaslwb6z4.s3.eu-west-3.amazonaws.com/meshes/0967_6434_11.drc",
        "format": "drc",
        "name": "0967_6434_11"
      }
    },
    {
      "type": "Feature",
      "geometry": {
        "type": "Polygon",
        "coordinates": [
          [
            [
              6.386590186406333,
              44.95367159994091
            ],
            [
              6.3871339331873624,
              44.962666957538055
            ],
            [
              6.39980418486076,
              44.96228013828347
            ],
            [
              6.399258409105588,
              44.95328484375987
            ],
            [
              6.386590186406333,
              44.95367159994091
            ]
          ]
        ]
      },
      "properties": {
        "id": "967000_6435000",
        "x": 967000,
        "y": 6435000,
        "url": "https://amplify-d17uxdu2napxpc-ma-amplifyalphdmeshesbucket-4rknaslwb6z4.s3.eu-west-3.amazonaws.com/meshes/0967_6435_11.drc",
        "format": "drc",
        "name": "0967_6435_11"
      }
    },
    {
      "type": "Feature",
      "geometry": {
        "type": "Polygon",
        "coordinates": [
          [
            [
              6.389855286685879,
              45.00764405367028
            ],
            [
              6.390400081892939,
              45.01663953301187
            ],
            [
              6.4030825210474225,
              45.01625233508525
            ],
            [
              6.402535692968599,
              45.007256918883165
            ],
            [
              6.389855286685879,
              45.00764405367028
            ]
          ]
        ]
      },
      "properties": {
        "id": "967000_6441000",
        "x": 967000,
        "y": 6441000,
        "url": "https://amplify-d17uxdu2napxpc-ma-amplifyalphdmeshesbucket-4rknaslwb6z4.s3.eu-west-3.amazonaws.com/meshes/0967_6441_11.drc",
        "format": "drc",
        "name": "0967_6441_11"
      }
    },
    {
      "type": "Feature",
      "geometry": {
        "type": "Polygon",
        "coordinates": [
          [
            [
              6.390400081892939,
              45.01663953301187
            ],
            [
              6.3909450521322615,
              45.02563503188691
            ],
            [
              6.403629524809203,
              45.0252477708098
            ],
            [
              6.4030825210474225,
              45.01625233508525
            ],
            [
              6.390400081892939,
              45.01663953301187
            ]
          ]
        ]
      },
      "properties": {
        "id": "967000_6442000",
        "x": 967000,
        "y": 6442000,
        "url": "https://amplify-d17uxdu2napxpc-ma-amplifyalphdmeshesbucket-4rknaslwb6z4.s3.eu-west-3.amazonaws.com/meshes/0967_6442_11.drc",
        "format": "drc",
        "name": "0967_6442_11"
      }
    },
    {
      "type": "Feature",
      "geometry": {
        "type": "Polygon",
        "coordinates": [
          [
            [
              6.3909450521322615,
              45.02563503188691
            ],
            [
              6.391490197488162,
              45.034630550079
            ],
            [
              6.404176704338565,
              45.03424322584037
            ],
            [
              6.403629524809203,
              45.0252477708098
            ],
            [
              6.3909450521322615,
              45.02563503188691
            ]
          ]
        ]
      },
      "properties": {
        "id": "967000_6443000",
        "x": 967000,
        "y": 6443000,
        "url": "https://amplify-d17uxdu2napxpc-ma-amplifyalphdmeshesbucket-4rknaslwb6z4.s3.eu-west-3.amazonaws.com/meshes/0967_6443_11.drc",
        "format": "drc",
        "name": "0967_6443_11"
      }
    },
    {
      "type": "Feature",
      "geometry": {
        "type": "Polygon",
        "coordinates": [
          [
            [
              6.39326641338154,
              44.85433803996202
            ],
            [
              6.39381026774532,
              44.863333091198406
            ],
            [
              6.406458062067783,
              44.86294552440545
            ],
            [
              6.405912185930154,
              44.85395053635649
            ],
            [
              6.39326641338154,
              44.85433803996202
            ]
          ]
        ]
      },
      "properties": {
        "id": "968000_6424000",
        "x": 968000,
        "y": 6424000,
        "url": "https://amplify-d17uxdu2napxpc-ma-amplifyalphdmeshesbucket-4rknaslwb6z4.s3.eu-west-3.amazonaws.com/meshes/0968_6424_11.drc",
        "format": "drc",
        "name": "0968_6424_11"
      }
    },
    {
      "type": "Feature",
      "geometry": {
        "type": "Polygon",
        "coordinates": [
          [
            [
              6.39381026774532,
              44.863333091198406
            ],
            [
              6.3943542963616995,
              44.8723281656316
            ],
            [
              6.407004113103379,
              44.87194053564024
            ],
            [
              6.406458062067783,
              44.86294552440545
            ],
            [
              6.39381026774532,
              44.863333091198406
            ]
          ]
        ]
      },
      "properties": {
        "id": "968000_6425000",
        "x": 968000,
        "y": 6425000,
        "url": "https://amplify-d17uxdu2napxpc-ma-amplifyalphdmeshesbucket-4rknaslwb6z4.s3.eu-west-3.amazonaws.com/meshes/0968_6425_11.drc",
        "format": "drc",
        "name": "0968_6425_11"
      }
    },
    {
      "type": "Feature",
      "geometry": {
        "type": "Polygon",
        "coordinates": [
          [
            [
              6.3943542963616995,
              44.8723281656316
            ],
            [
              6.394898499314383,
              44.88132326304577
            ],
            [
              6.4075503391209585,
              44.88093556984504
            ],
            [
              6.407004113103379,
              44.87194053564024
            ],
            [
              6.3943542963616995,
              44.8723281656316
            ]
          ]
        ]
      },
      "properties": {
        "id": "968000_6426000",
        "x": 968000,
        "y": 6426000,
        "url": "https://amplify-d17uxdu2napxpc-ma-amplifyalphdmeshesbucket-4rknaslwb6z4.s3.eu-west-3.amazonaws.com/meshes/0968_6426_11.drc",
        "format": "drc",
        "name": "0968_6426_11"
      }
    },
    {
      "type": "Feature",
      "geometry": {
        "type": "Polygon",
        "coordinates": [
          [
            [
              6.394898499314383,
              44.88132326304577
            ],
            [
              6.395442876687136,
              44.89031838322502
            ],
            [
              6.4080967402045905,
              44.88993062680391
            ],
            [
              6.4075503391209585,
              44.88093556984504
            ],
            [
              6.394898499314383,
              44.88132326304577
            ]
          ]
        ]
      },
      "properties": {
        "id": "968000_6427000",
        "x": 968000,
        "y": 6427000,
        "url": "https://amplify-d17uxdu2napxpc-ma-amplifyalphdmeshesbucket-4rknaslwb6z4.s3.eu-west-3.amazonaws.com/meshes/0968_6427_11.drc",
        "format": "drc",
        "name": "0968_6427_11"
      }
    },
    {
      "type": "Feature",
      "geometry": {
        "type": "Polygon",
        "coordinates": [
          [
            [
              6.395442876687136,
              44.89031838322502
            ],
            [
              6.395987428563772,
              44.899313525953445
            ],
            [
              6.4086433164384,
              44.89892570630098
            ],
            [
              6.4080967402045905,
              44.88993062680391
            ],
            [
              6.395442876687136,
              44.89031838322502
            ]
          ]
        ]
      },
      "properties": {
        "id": "968000_6428000",
        "x": 968000,
        "y": 6428000,
        "url": "https://amplify-d17uxdu2napxpc-ma-amplifyalphdmeshesbucket-4rknaslwb6z4.s3.eu-west-3.amazonaws.com/meshes/0968_6428_11.drc",
        "format": "drc",
        "name": "0968_6428_11"
      }
    },
    {
      "type": "Feature",
      "geometry": {
        "type": "Polygon",
        "coordinates": [
          [
            [
              6.395987428563772,
              44.899313525953445
            ],
            [
              6.3965321550281615,
              44.90830869101504
            ],
            [
              6.409190067906567,
              44.90792080812021
            ],
            [
              6.4086433164384,
              44.89892570630098
            ],
            [
              6.395987428563772,
              44.899313525953445
            ]
          ]
        ]
      },
      "properties": {
        "id": "968000_6429000",
        "x": 968000,
        "y": 6429000,
        "url": "https://amplify-d17uxdu2napxpc-ma-amplifyalphdmeshesbucket-4rknaslwb6z4.s3.eu-west-3.amazonaws.com/meshes/0968_6429_11.drc",
        "format": "drc",
        "name": "0968_6429_11"
      }
    },
    {
      "type": "Feature",
      "geometry": {
        "type": "Polygon",
        "coordinates": [
          [
            [
              6.3965321550281615,
              44.90830869101504
            ],
            [
              6.3970770561642265,
              44.91730387819385
            ],
            [
              6.40973699469332,
              44.916915932045654
            ],
            [
              6.409190067906567,
              44.90792080812021
            ],
            [
              6.3965321550281615,
              44.90830869101504
            ]
          ]
        ]
      },
      "properties": {
        "id": "968000_6430000",
        "x": 968000,
        "y": 6430000,
        "url": "https://amplify-d17uxdu2napxpc-ma-amplifyalphdmeshesbucket-4rknaslwb6z4.s3.eu-west-3.amazonaws.com/meshes/0968_6430_11.drc",
        "format": "drc",
        "name": "0968_6430_11"
      }
    },
    {
      "type": "Feature",
      "geometry": {
        "type": "Polygon",
        "coordinates": [
          [
            [
              6.397622132055943,
              44.92629908727382
            ],
            [
              6.398167382787345,
              44.93529431803889
            ],
            [
              6.410831374559792,
              44.934906245350966
            ],
            [
              6.410284096882949,
              44.92591107786125
            ],
            [
              6.397622132055943,
              44.92629908727382
            ]
          ]
        ]
      },
      "properties": {
        "id": "968000_6432000",
        "x": 968000,
        "y": 6432000,
        "url": "https://amplify-d17uxdu2napxpc-ma-amplifyalphdmeshesbucket-4rknaslwb6z4.s3.eu-west-3.amazonaws.com/meshes/0968_6432_11.drc",
        "format": "drc",
        "name": "0968_6432_11"
      }
    },
    {
      "type": "Feature",
      "geometry": {
        "type": "Polygon",
        "coordinates": [
          [
            [
              6.398167382787345,
              44.93529431803889
            ],
            [
              6.398712808442513,
              44.94428957027294
            ],
            [
              6.411378827808244,
              44.94390143429863
            ],
            [
              6.410831374559792,
              44.934906245350966
            ],
            [
              6.398167382787345,
              44.93529431803889
            ]
          ]
        ]
      },
      "properties": {
        "id": "968000_6433000",
        "x": 968000,
        "y": 6433000,
        "url": "https://amplify-d17uxdu2napxpc-ma-amplifyalphdmeshesbucket-4rknaslwb6z4.s3.eu-west-3.amazonaws.com/meshes/0968_6433_11.drc",
        "format": "drc",
        "name": "0968_6433_11"
      }
    },
    {
      "type": "Feature",
      "geometry": {
        "type": "Polygon",
        "coordinates": [
          [
            [
              6.398712808442513,
              44.94428957027294
            ],
            [
              6.399258409105588,
              44.95328484375987
            ],
            [
              6.411926456712753,
              44.95289664448815
            ],
            [
              6.411378827808244,
              44.94390143429863
            ],
            [
              6.398712808442513,
              44.94428957027294
            ]
          ]
        ]
      },
      "properties": {
        "id": "968000_6434000",
        "x": 968000,
        "y": 6434000,
        "url": "https://amplify-d17uxdu2napxpc-ma-amplifyalphdmeshesbucket-4rknaslwb6z4.s3.eu-west-3.amazonaws.com/meshes/0968_6434_11.drc",
        "format": "drc",
        "name": "0968_6434_11"
      }
    },
    {
      "type": "Feature",
      "geometry": {
        "type": "Polygon",
        "coordinates": [
          [
            [
              6.402535692968599,
              45.007256918883165
            ],
            [
              6.4030825210474225,
              45.01625233508525
            ],
            [
              6.415764784518958,
              45.015863692422975
            ],
            [
              6.4152159236529425,
              45.00686833959552
            ],
            [
              6.402535692968599,
              45.007256918883165
            ]
          ]
        ]
      },
      "properties": {
        "id": "968000_6441000",
        "x": 968000,
        "y": 6441000,
        "url": "https://amplify-d17uxdu2napxpc-ma-amplifyalphdmeshesbucket-4rknaslwb6z4.s3.eu-west-3.amazonaws.com/meshes/0968_6441_11.drc",
        "format": "drc",
        "name": "0968_6441_11"
      }
    },
    {
      "type": "Feature",
      "geometry": {
        "type": "Polygon",
        "coordinates": [
          [
            [
              6.4030825210474225,
              45.01625233508525
            ],
            [
              6.403629524809203,
              45.0252477708098
            ],
            [
              6.41631382171857,
              45.02485906476187
            ],
            [
              6.415764784518958,
              45.015863692422975
            ],
            [
              6.4030825210474225,
              45.01625233508525
            ]
          ]
        ]
      },
      "properties": {
        "id": "968000_6442000",
        "x": 968000,
        "y": 6442000,
        "url": "https://amplify-d17uxdu2napxpc-ma-amplifyalphdmeshesbucket-4rknaslwb6z4.s3.eu-west-3.amazonaws.com/meshes/0968_6442_11.drc",
        "format": "drc",
        "name": "0968_6442_11"
      }
    },
    {
      "type": "Feature",
      "geometry": {
        "type": "Polygon",
        "coordinates": [
          [
            [
              6.403629524809203,
              45.0252477708098
            ],
            [
              6.404176704338565,
              45.03424322584037
            ],
            [
              6.416863035336715,
              45.03385445639573
            ],
            [
              6.41631382171857,
              45.02485906476187
            ],
            [
              6.403629524809203,
              45.0252477708098
            ]
          ]
        ]
      },
      "properties": {
        "id": "968000_6443000",
        "x": 968000,
        "y": 6443000,
        "url": "https://amplify-d17uxdu2napxpc-ma-amplifyalphdmeshesbucket-4rknaslwb6z4.s3.eu-west-3.amazonaws.com/meshes/0968_6443_11.drc",
        "format": "drc",
        "name": "0968_6443_11"
      }
    },
    {
      "type": "Feature",
      "geometry": {
        "type": "Polygon",
        "coordinates": [
          [
            [
              6.4075503391209585,
              44.88093556984504
            ],
            [
              6.4080967402045905,
              44.88993062680391
            ],
            [
              6.420750428571877,
              44.88954142896555
            ],
            [
              6.4202020038614895,
              44.88054643546159
            ],
            [
              6.4075503391209585,
              44.88093556984504
            ]
          ]
        ]
      },
      "properties": {
        "id": "969000_6427000",
        "x": 969000,
        "y": 6427000,
        "url": "https://amplify-d17uxdu2napxpc-ma-amplifyalphdmeshesbucket-4rknaslwb6z4.s3.eu-west-3.amazonaws.com/meshes/0969_6427_11.drc",
        "format": "drc",
        "name": "0969_6427_11"
      }
    },
    {
      "type": "Feature",
      "geometry": {
        "type": "Polygon",
        "coordinates": [
          [
            [
              6.4080967402045905,
              44.88993062680391
            ],
            [
              6.4086433164384,
              44.89892570630098
            ],
            [
              6.421299029078682,
              44.89853644499665
            ],
            [
              6.420750428571877,
              44.88954142896555
            ],
            [
              6.4080967402045905,
              44.88993062680391
            ]
          ]
        ]
      },
      "properties": {
        "id": "969000_6428000",
        "x": 969000,
        "y": 6428000,
        "url": "https://amplify-d17uxdu2napxpc-ma-amplifyalphdmeshesbucket-4rknaslwb6z4.s3.eu-west-3.amazonaws.com/meshes/0969_6428_11.drc",
        "format": "drc",
        "name": "0969_6428_11"
      }
    },
    {
      "type": "Feature",
      "geometry": {
        "type": "Polygon",
        "coordinates": [
          [
            [
              6.4086433164384,
              44.89892570630098
            ],
            [
              6.409190067906567,
              44.90792080812021
            ],
            [
              6.421847805466392,
              44.907531483338914
            ],
            [
              6.421299029078682,
              44.89853644499665
            ],
            [
              6.4086433164384,
              44.89892570630098
            ]
          ]
        ]
      },
      "properties": {
        "id": "969000_6429000",
        "x": 969000,
        "y": 6429000,
        "url": "https://amplify-d17uxdu2napxpc-ma-amplifyalphdmeshesbucket-4rknaslwb6z4.s3.eu-west-3.amazonaws.com/meshes/0969_6429_11.drc",
        "format": "drc",
        "name": "0969_6429_11"
      }
    },
    {
      "type": "Feature",
      "geometry": {
        "type": "Polygon",
        "coordinates": [
          [
            [
              6.409190067906567,
              44.90792080812021
            ],
            [
              6.40973699469332,
              44.916915932045654
            ],
            [
              6.422396757819548,
              44.916526543776335
            ],
            [
              6.421847805466392,
              44.907531483338914
            ],
            [
              6.409190067906567,
              44.90792080812021
            ]
          ]
        ]
      },
      "properties": {
        "id": "969000_6430000",
        "x": 969000,
        "y": 6430000,
        "url": "https://amplify-d17uxdu2napxpc-ma-amplifyalphdmeshesbucket-4rknaslwb6z4.s3.eu-west-3.amazonaws.com/meshes/0969_6430_11.drc",
        "format": "drc",
        "name": "0969_6430_11"
      }
    },
    {
      "type": "Feature",
      "geometry": {
        "type": "Polygon",
        "coordinates": [
          [
            [
              6.410831374559792,
              44.934906245350966
            ],
            [
              6.411378827808244,
              44.94390143429863
            ],
            [
              6.424044671517927,
              44.94351185549896
            ],
            [
              6.423495190760639,
              44.93451673007245
            ],
            [
              6.410831374559792,
              44.934906245350966
            ]
          ]
        ]
      },
      "properties": {
        "id": "969000_6433000",
        "x": 969000,
        "y": 6433000,
        "url": "https://amplify-d17uxdu2napxpc-ma-amplifyalphdmeshesbucket-4rknaslwb6z4.s3.eu-west-3.amazonaws.com/meshes/0969_6433_11.drc",
        "format": "drc",
        "name": "0969_6433_11"
      }
    },
    {
      "type": "Feature",
      "geometry": {
        "type": "Polygon",
        "coordinates": [
          [
            [
              6.411378827808244,
              44.94390143429863
            ],
            [
              6.411926456712753,
              44.95289664448815
            ],
            [
              6.424594328579368,
              44.95250700215625
            ],
            [
              6.424044671517927,
              44.94351185549896
            ],
            [
              6.411378827808244,
              44.94390143429863
            ]
          ]
        ]
      },
      "properties": {
        "id": "969000_6434000",
        "x": 969000,
        "y": 6434000,
        "url": "https://amplify-d17uxdu2napxpc-ma-amplifyalphdmeshesbucket-4rknaslwb6z4.s3.eu-west-3.amazonaws.com/meshes/0969_6434_11.drc",
        "format": "drc",
        "name": "0969_6434_11"
      }
    },
    {
      "type": "Feature",
      "geometry": {
        "type": "Polygon",
        "coordinates": [
          [
            [
              6.4152159236529425,
              45.00686833959552
            ],
            [
              6.415764784518958,
              45.015863692422975
            ],
            [
              6.428446871656906,
              45.0154736050556
            ],
            [
              6.42789597808858,
              45.00647831583788
            ],
            [
              6.4152159236529425,
              45.00686833959552
            ]
          ]
        ]
      },
      "properties": {
        "id": "969000_6441000",
        "x": 969000,
        "y": 6441000,
        "url": "https://amplify-d17uxdu2napxpc-ma-amplifyalphdmeshesbucket-4rknaslwb6z4.s3.eu-west-3.amazonaws.com/meshes/0969_6441_11.drc",
        "format": "drc",
        "name": "0969_6441_11"
      }
    },
    {
      "type": "Feature",
      "geometry": {
        "type": "Polygon",
        "coordinates": [
          [
            [
              6.415764784518958,
              45.015863692422975
            ],
            [
              6.41631382171857,
              45.02485906476187
            ],
            [
              6.4289979422094135,
              45.02446891377369
            ],
            [
              6.428446871656906,
              45.0154736050556
            ],
            [
              6.415764784518958,
              45.015863692422975
            ]
          ]
        ]
      },
      "properties": {
        "id": "969000_6442000",
        "x": 969000,
        "y": 6442000,
        "url": "https://amplify-d17uxdu2napxpc-ma-amplifyalphdmeshesbucket-4rknaslwb6z4.s3.eu-west-3.amazonaws.com/meshes/0969_6442_11.drc",
        "format": "drc",
        "name": "0969_6442_11"
      }
    },
    {
      "type": "Feature",
      "geometry": {
        "type": "Polygon",
        "coordinates": [
          [
            [
              6.41631382171857,
              45.02485906476187
            ],
            [
              6.416863035336715,
              45.03385445639573
            ],
            [
              6.4295491898313495,
              45.03346424177565
            ],
            [
              6.4289979422094135,
              45.02446891377369
            ],
            [
              6.41631382171857,
              45.02485906476187
            ]
          ]
        ]
      },
      "properties": {
        "id": "969000_6443000",
        "x": 969000,
        "y": 6443000,
        "url": "https://amplify-d17uxdu2napxpc-ma-amplifyalphdmeshesbucket-4rknaslwb6z4.s3.eu-west-3.amazonaws.com/meshes/0969_6443_11.drc",
        "format": "drc",
        "name": "0969_6443_11"
      }
    },
    {
      "type": "Feature",
      "geometry": {
        "type": "Polygon",
        "coordinates": [
          [
            [
              6.423495190760639,
              44.93451673007245
            ],
            [
              6.424044671517927,
              44.94351185549896
            ],
            [
              6.436710338923462,
              44.94312083390451
            ],
            [
              6.436158830742099,
              44.93412577223396
            ],
            [
              6.423495190760639,
              44.93451673007245
            ]
          ]
        ]
      },
      "properties": {
        "id": "970000_6433000",
        "x": 970000,
        "y": 6433000,
        "url": "https://amplify-d17uxdu2napxpc-ma-amplifyalphdmeshesbucket-4rknaslwb6z4.s3.eu-west-3.amazonaws.com/meshes/0970_6433_11.drc",
        "format": "drc",
        "name": "0970_6433_11"
      }
    },
    {
      "type": "Feature",
      "geometry": {
        "type": "Polygon",
        "coordinates": [
          [
            [
              6.424044671517927,
              44.94351185549896
            ],
            [
              6.424594328579368,
              44.95250700215625
            ],
            [
              6.437262024057024,
              44.952115916794774
            ],
            [
              6.436710338923462,
              44.94312083390451
            ],
            [
              6.424044671517927,
              44.94351185549896
            ]
          ]
        ]
      },
      "properties": {
        "id": "970000_6434000",
        "x": 970000,
        "y": 6434000,
        "url": "https://amplify-d17uxdu2napxpc-ma-amplifyalphdmeshesbucket-4rknaslwb6z4.s3.eu-west-3.amazonaws.com/meshes/0970_6434_11.drc",
        "format": "drc",
        "name": "0970_6434_11"
      }
    },
    {
      "type": "Feature",
      "geometry": {
        "type": "Polygon",
        "coordinates": [
          [
            [
              6.428446871656906,
              45.0154736050556
            ],
            [
              6.4289979422094135,
              45.02446891377369
            ],
            [
              6.441681885630835,
              45.02407731787596
            ],
            [
              6.441128781810683,
              45.015082073013815
            ],
            [
              6.428446871656906,
              45.0154736050556
            ]
          ]
        ]
      },
      "properties": {
        "id": "970000_6442000",
        "x": 970000,
        "y": 6442000,
        "url": "https://amplify-d17uxdu2napxpc-ma-amplifyalphdmeshesbucket-4rknaslwb6z4.s3.eu-west-3.amazonaws.com/meshes/0970_6442_11.drc",
        "format": "drc",
        "name": "0970_6442_11"
      }
    },
    {
      "type": "Feature",
      "geometry": {
        "type": "Polygon",
        "coordinates": [
          [
            [
              6.440575855625241,
              45.00608684764091
            ],
            [
              6.441128781810683,
              45.015082073013815
            ],
            [
              6.453810514329758,
              45.0146890963284
            ],
            [
              6.4532555556127065,
              45.00569393503539
            ],
            [
              6.440575855625241,
              45.00608684764091
            ]
          ]
        ]
      },
      "properties": {
        "id": "971000_6441000",
        "x": 971000,
        "y": 6441000,
        "url": "https://amplify-d17uxdu2napxpc-ma-amplifyalphdmeshesbucket-4rknaslwb6z4.s3.eu-west-3.amazonaws.com/meshes/0971_6441_11.drc",
        "format": "drc",
        "name": "0971_6441_11"
      }
    },
    {
      "type": "Feature",
      "geometry": {
        "type": "Polygon",
        "coordinates": [
          [
            [
              6.751447571217437,
              45.284491091331134
            ],
            [
              6.7520534322551296,
              45.29348529092813
            ],
            [
              6.764796219548019,
              45.293056866293306
            ],
            [
              6.76418830710311,
              45.284062736569695
            ],
            [
              6.751447571217437,
              45.284491091331134
            ]
          ]
        ]
      },
      "properties": {
        "id": "994000_6473000",
        "x": 994000,
        "y": 6473000,
        "url": "https://amplify-d17uxdu2napxpc-ma-amplifyalphdmeshesbucket-4rknaslwb6z4.s3.eu-west-3.amazonaws.com/meshes/0994_6473_11.drc",
        "format": "drc",
        "name": "0994_6473_11"
      }
    },
    {
      "type": "Feature",
      "geometry": {
        "type": "Polygon",
        "coordinates": [
          [
            [
              6.770886152736294,
              45.38299880203501
            ],
            [
              6.771496229024295,
              45.39199305466709
            ],
            [
              6.78426142808822,
              45.391562406609474
            ],
            [
              6.783649293219936,
              45.38256822422219
            ],
            [
              6.770886152736294,
              45.38299880203501
            ]
          ]
        ]
      },
      "properties": {
        "id": "995000_6484000",
        "x": 995000,
        "y": 6484000,
        "url": "https://amplify-d17uxdu2napxpc-ma-amplifyalphdmeshesbucket-4rknaslwb6z4.s3.eu-west-3.amazonaws.com/meshes/0995_6484_00.drc",
        "format": "drc",
        "name": "0995_6484_00"
      }
    },
    {
      "type": "Feature",
      "geometry": {
        "type": "Polygon",
        "coordinates": [
          [
            [
              6.770886152736294,
              45.38299880203501
            ],
            [
              6.771496229024295,
              45.39199305466709
            ],
            [
              6.78426142808822,
              45.391562406609474
            ],
            [
              6.783649293219936,
              45.38256822422219
            ],
            [
              6.770886152736294,
              45.38299880203501
            ]
          ]
        ]
      },
      "properties": {
        "id": "995000_6484000",
        "x": 995000,
        "y": 6484000,
        "url": "https://amplify-d17uxdu2napxpc-ma-amplifyalphdmeshesbucket-4rknaslwb6z4.s3.eu-west-3.amazonaws.com/meshes/0995_6484_01.drc",
        "format": "drc",
        "name": "0995_6484_01"
      }
    },
    {
      "type": "Feature",
      "geometry": {
        "type": "Polygon",
        "coordinates": [
          [
            [
              6.770886152736294,
              45.38299880203501
            ],
            [
              6.771496229024295,
              45.39199305466709
            ],
            [
              6.78426142808822,
              45.391562406609474
            ],
            [
              6.783649293219936,
              45.38256822422219
            ],
            [
              6.770886152736294,
              45.38299880203501
            ]
          ]
        ]
      },
      "properties": {
        "id": "995000_6484000",
        "x": 995000,
        "y": 6484000,
        "url": "https://amplify-d17uxdu2napxpc-ma-amplifyalphdmeshesbucket-4rknaslwb6z4.s3.eu-west-3.amazonaws.com/meshes/0995_6484_02.drc",
        "format": "drc",
        "name": "0995_6484_02"
      }
    },
    {
      "type": "Feature",
      "geometry": {
        "type": "Polygon",
        "coordinates": [
          [
            [
              6.770886152736294,
              45.38299880203501
            ],
            [
              6.771496229024295,
              45.39199305466709
            ],
            [
              6.78426142808822,
              45.391562406609474
            ],
            [
              6.783649293219936,
              45.38256822422219
            ],
            [
              6.770886152736294,
              45.38299880203501
            ]
          ]
        ]
      },
      "properties": {
        "id": "995000_6484000",
        "x": 995000,
        "y": 6484000,
        "url": "https://amplify-d17uxdu2napxpc-ma-amplifyalphdmeshesbucket-4rknaslwb6z4.s3.eu-west-3.amazonaws.com/meshes/0995_6484_05.drc",
        "format": "drc",
        "name": "0995_6484_05"
      }
    },
    {
      "type": "Feature",
      "geometry": {
        "type": "Polygon",
        "coordinates": [
          [
            [
              6.770886152736294,
              45.38299880203501
            ],
            [
              6.771496229024295,
              45.39199305466709
            ],
            [
              6.78426142808822,
              45.391562406609474
            ],
            [
              6.783649293219936,
              45.38256822422219
            ],
            [
              6.770886152736294,
              45.38299880203501
            ]
          ]
        ]
      },
      "properties": {
        "id": "995000_6484000",
        "x": 995000,
        "y": 6484000,
        "url": "https://amplify-d17uxdu2napxpc-ma-amplifyalphdmeshesbucket-4rknaslwb6z4.s3.eu-west-3.amazonaws.com/meshes/0995_6484_11.drc",
        "format": "drc",
        "name": "0995_6484_11"
      }
    },
    {
      "type": "Feature",
      "geometry": {
        "type": "Polygon",
        "coordinates": [
          [
            [
              6.771496229024295,
              45.39199305466709
            ],
            [
              6.772106502597536,
              45.40098731716513
            ],
            [
              6.78487376090438,
              45.400556598850415
            ],
            [
              6.78426142808822,
              45.391562406609474
            ],
            [
              6.771496229024295,
              45.39199305466709
            ]
          ]
        ]
      },
      "properties": {
        "id": "995000_6485000",
        "x": 995000,
        "y": 6485000,
        "url": "https://amplify-d17uxdu2napxpc-ma-amplifyalphdmeshesbucket-4rknaslwb6z4.s3.eu-west-3.amazonaws.com/meshes/0995_6485_00.drc",
        "format": "drc",
        "name": "0995_6485_00"
      }
    },
    {
      "type": "Feature",
      "geometry": {
        "type": "Polygon",
        "coordinates": [
          [
            [
              6.771496229024295,
              45.39199305466709
            ],
            [
              6.772106502597536,
              45.40098731716513
            ],
            [
              6.78487376090438,
              45.400556598850415
            ],
            [
              6.78426142808822,
              45.391562406609474
            ],
            [
              6.771496229024295,
              45.39199305466709
            ]
          ]
        ]
      },
      "properties": {
        "id": "995000_6485000",
        "x": 995000,
        "y": 6485000,
        "url": "https://amplify-d17uxdu2napxpc-ma-amplifyalphdmeshesbucket-4rknaslwb6z4.s3.eu-west-3.amazonaws.com/meshes/0995_6485_01.drc",
        "format": "drc",
        "name": "0995_6485_01"
      }
    },
    {
      "type": "Feature",
      "geometry": {
        "type": "Polygon",
        "coordinates": [
          [
            [
              6.771496229024295,
              45.39199305466709
            ],
            [
              6.772106502597536,
              45.40098731716513
            ],
            [
              6.78487376090438,
              45.400556598850415
            ],
            [
              6.78426142808822,
              45.391562406609474
            ],
            [
              6.771496229024295,
              45.39199305466709
            ]
          ]
        ]
      },
      "properties": {
        "id": "995000_6485000",
        "x": 995000,
        "y": 6485000,
        "url": "https://amplify-d17uxdu2napxpc-ma-amplifyalphdmeshesbucket-4rknaslwb6z4.s3.eu-west-3.amazonaws.com/meshes/0995_6485_02.drc",
        "format": "drc",
        "name": "0995_6485_02"
      }
    },
    {
      "type": "Feature",
      "geometry": {
        "type": "Polygon",
        "coordinates": [
          [
            [
              6.771496229024295,
              45.39199305466709
            ],
            [
              6.772106502597536,
              45.40098731716513
            ],
            [
              6.78487376090438,
              45.400556598850415
            ],
            [
              6.78426142808822,
              45.391562406609474
            ],
            [
              6.771496229024295,
              45.39199305466709
            ]
          ]
        ]
      },
      "properties": {
        "id": "995000_6485000",
        "x": 995000,
        "y": 6485000,
        "url": "https://amplify-d17uxdu2napxpc-ma-amplifyalphdmeshesbucket-4rknaslwb6z4.s3.eu-west-3.amazonaws.com/meshes/0995_6485_05.drc",
        "format": "drc",
        "name": "0995_6485_05"
      }
    },
    {
      "type": "Feature",
      "geometry": {
        "type": "Polygon",
        "coordinates": [
          [
            [
              6.771496229024295,
              45.39199305466709
            ],
            [
              6.772106502597536,
              45.40098731716513
            ],
            [
              6.78487376090438,
              45.400556598850415
            ],
            [
              6.78426142808822,
              45.391562406609474
            ],
            [
              6.771496229024295,
              45.39199305466709
            ]
          ]
        ]
      },
      "properties": {
        "id": "995000_6485000",
        "x": 995000,
        "y": 6485000,
        "url": "https://amplify-d17uxdu2napxpc-ma-amplifyalphdmeshesbucket-4rknaslwb6z4.s3.eu-west-3.amazonaws.com/meshes/0995_6485_11.drc",
        "format": "drc",
        "name": "0995_6485_11"
      }
    },
    {
      "type": "Feature",
      "geometry": {
        "type": "Polygon",
        "coordinates": [
          [
            [
              6.783649293219936,
              45.38256822422219
            ],
            [
              6.78426142808822,
              45.391562406609474
            ],
            [
              6.797026429204281,
              45.39113030457875
            ],
            [
              6.796412235851609,
              45.38213619267282
            ],
            [
              6.783649293219936,
              45.38256822422219
            ]
          ]
        ]
      },
      "properties": {
        "id": "996000_6484000",
        "x": 996000,
        "y": 6484000,
        "url": "https://amplify-d17uxdu2napxpc-ma-amplifyalphdmeshesbucket-4rknaslwb6z4.s3.eu-west-3.amazonaws.com/meshes/0996_6484_00.drc",
        "format": "drc",
        "name": "0996_6484_00"
      }
    },
    {
      "type": "Feature",
      "geometry": {
        "type": "Polygon",
        "coordinates": [
          [
            [
              6.783649293219936,
              45.38256822422219
            ],
            [
              6.78426142808822,
              45.391562406609474
            ],
            [
              6.797026429204281,
              45.39113030457875
            ],
            [
              6.796412235851609,
              45.38213619267282
            ],
            [
              6.783649293219936,
              45.38256822422219
            ]
          ]
        ]
      },
      "properties": {
        "id": "996000_6484000",
        "x": 996000,
        "y": 6484000,
        "url": "https://amplify-d17uxdu2napxpc-ma-amplifyalphdmeshesbucket-4rknaslwb6z4.s3.eu-west-3.amazonaws.com/meshes/0996_6484_01.drc",
        "format": "drc",
        "name": "0996_6484_01"
      }
    },
    {
      "type": "Feature",
      "geometry": {
        "type": "Polygon",
        "coordinates": [
          [
            [
              6.783649293219936,
              45.38256822422219
            ],
            [
              6.78426142808822,
              45.391562406609474
            ],
            [
              6.797026429204281,
              45.39113030457875
            ],
            [
              6.796412235851609,
              45.38213619267282
            ],
            [
              6.783649293219936,
              45.38256822422219
            ]
          ]
        ]
      },
      "properties": {
        "id": "996000_6484000",
        "x": 996000,
        "y": 6484000,
        "url": "https://amplify-d17uxdu2napxpc-ma-amplifyalphdmeshesbucket-4rknaslwb6z4.s3.eu-west-3.amazonaws.com/meshes/0996_6484_02.drc",
        "format": "drc",
        "name": "0996_6484_02"
      }
    },
    {
      "type": "Feature",
      "geometry": {
        "type": "Polygon",
        "coordinates": [
          [
            [
              6.783649293219936,
              45.38256822422219
            ],
            [
              6.78426142808822,
              45.391562406609474
            ],
            [
              6.797026429204281,
              45.39113030457875
            ],
            [
              6.796412235851609,
              45.38213619267282
            ],
            [
              6.783649293219936,
              45.38256822422219
            ]
          ]
        ]
      },
      "properties": {
        "id": "996000_6484000",
        "x": 996000,
        "y": 6484000,
        "url": "https://amplify-d17uxdu2napxpc-ma-amplifyalphdmeshesbucket-4rknaslwb6z4.s3.eu-west-3.amazonaws.com/meshes/0996_6484_05.drc",
        "format": "drc",
        "name": "0996_6484_05"
      }
    },
    {
      "type": "Feature",
      "geometry": {
        "type": "Polygon",
        "coordinates": [
          [
            [
              6.783649293219936,
              45.38256822422219
            ],
            [
              6.78426142808822,
              45.391562406609474
            ],
            [
              6.797026429204281,
              45.39113030457875
            ],
            [
              6.796412235851609,
              45.38213619267282
            ],
            [
              6.783649293219936,
              45.38256822422219
            ]
          ]
        ]
      },
      "properties": {
        "id": "996000_6484000",
        "x": 996000,
        "y": 6484000,
        "url": "https://amplify-d17uxdu2napxpc-ma-amplifyalphdmeshesbucket-4rknaslwb6z4.s3.eu-west-3.amazonaws.com/meshes/0996_6484_11.drc",
        "format": "drc",
        "name": "0996_6484_11"
      }
    },
    {
      "type": "Feature",
      "geometry": {
        "type": "Polygon",
        "coordinates": [
          [
            [
              6.78426142808822,
              45.391562406609474
            ],
            [
              6.78487376090438,
              45.400556598850415
            ],
            [
              6.797640821167399,
              45.40012442632594
            ],
            [
              6.797026429204281,
              45.39113030457875
            ],
            [
              6.78426142808822,
              45.391562406609474
            ]
          ]
        ]
      },
      "properties": {
        "id": "996000_6485000",
        "x": 996000,
        "y": 6485000,
        "url": "https://amplify-d17uxdu2napxpc-ma-amplifyalphdmeshesbucket-4rknaslwb6z4.s3.eu-west-3.amazonaws.com/meshes/0996_6485_00.drc",
        "format": "drc",
        "name": "0996_6485_00"
      }
    },
    {
      "type": "Feature",
      "geometry": {
        "type": "Polygon",
        "coordinates": [
          [
            [
              6.78426142808822,
              45.391562406609474
            ],
            [
              6.78487376090438,
              45.400556598850415
            ],
            [
              6.797640821167399,
              45.40012442632594
            ],
            [
              6.797026429204281,
              45.39113030457875
            ],
            [
              6.78426142808822,
              45.391562406609474
            ]
          ]
        ]
      },
      "properties": {
        "id": "996000_6485000",
        "x": 996000,
        "y": 6485000,
        "url": "https://amplify-d17uxdu2napxpc-ma-amplifyalphdmeshesbucket-4rknaslwb6z4.s3.eu-west-3.amazonaws.com/meshes/0996_6485_01.drc",
        "format": "drc",
        "name": "0996_6485_01"
      }
    },
    {
      "type": "Feature",
      "geometry": {
        "type": "Polygon",
        "coordinates": [
          [
            [
              6.78426142808822,
              45.391562406609474
            ],
            [
              6.78487376090438,
              45.400556598850415
            ],
            [
              6.797640821167399,
              45.40012442632594
            ],
            [
              6.797026429204281,
              45.39113030457875
            ],
            [
              6.78426142808822,
              45.391562406609474
            ]
          ]
        ]
      },
      "properties": {
        "id": "996000_6485000",
        "x": 996000,
        "y": 6485000,
        "url": "https://amplify-d17uxdu2napxpc-ma-amplifyalphdmeshesbucket-4rknaslwb6z4.s3.eu-west-3.amazonaws.com/meshes/0996_6485_02.drc",
        "format": "drc",
        "name": "0996_6485_02"
      }
    },
    {
      "type": "Feature",
      "geometry": {
        "type": "Polygon",
        "coordinates": [
          [
            [
              6.78426142808822,
              45.391562406609474
            ],
            [
              6.78487376090438,
              45.400556598850415
            ],
            [
              6.797640821167399,
              45.40012442632594
            ],
            [
              6.797026429204281,
              45.39113030457875
            ],
            [
              6.78426142808822,
              45.391562406609474
            ]
          ]
        ]
      },
      "properties": {
        "id": "996000_6485000",
        "x": 996000,
        "y": 6485000,
        "url": "https://amplify-d17uxdu2napxpc-ma-amplifyalphdmeshesbucket-4rknaslwb6z4.s3.eu-west-3.amazonaws.com/meshes/0996_6485_05.drc",
        "format": "drc",
        "name": "0996_6485_05"
      }
    },
    {
      "type": "Feature",
      "geometry": {
        "type": "Polygon",
        "coordinates": [
          [
            [
              6.78426142808822,
              45.391562406609474
            ],
            [
              6.78487376090438,
              45.400556598850415
            ],
            [
              6.797640821167399,
              45.40012442632594
            ],
            [
              6.797026429204281,
              45.39113030457875
            ],
            [
              6.78426142808822,
              45.391562406609474
            ]
          ]
        ]
      },
      "properties": {
        "id": "996000_6485000",
        "x": 996000,
        "y": 6485000,
        "url": "https://amplify-d17uxdu2napxpc-ma-amplifyalphdmeshesbucket-4rknaslwb6z4.s3.eu-west-3.amazonaws.com/meshes/0996_6485_11.drc",
        "format": "drc",
        "name": "0996_6485_11"
      }
    },
    {
      "type": "Feature",
      "geometry": {
        "type": "Polygon",
        "coordinates": [
          [
            [
              6.78487376090438,
              45.400556598850415
            ],
            [
              6.785486291764372,
              45.40955080072689
            ],
            [
              6.7982554118372445,
              45.40911855769633
            ],
            [
              6.797640821167399,
              45.40012442632594
            ],
            [
              6.78487376090438,
              45.400556598850415
            ]
          ]
        ]
      },
      "properties": {
        "id": "996000_6486000",
        "x": 996000,
        "y": 6486000,
        "url": "https://amplify-d17uxdu2napxpc-ma-amplifyalphdmeshesbucket-4rknaslwb6z4.s3.eu-west-3.amazonaws.com/meshes/0996_6486_00.drc",
        "format": "drc",
        "name": "0996_6486_00"
      }
    },
    {
      "type": "Feature",
      "geometry": {
        "type": "Polygon",
        "coordinates": [
          [
            [
              6.78487376090438,
              45.400556598850415
            ],
            [
              6.785486291764372,
              45.40955080072689
            ],
            [
              6.7982554118372445,
              45.40911855769633
            ],
            [
              6.797640821167399,
              45.40012442632594
            ],
            [
              6.78487376090438,
              45.400556598850415
            ]
          ]
        ]
      },
      "properties": {
        "id": "996000_6486000",
        "x": 996000,
        "y": 6486000,
        "url": "https://amplify-d17uxdu2napxpc-ma-amplifyalphdmeshesbucket-4rknaslwb6z4.s3.eu-west-3.amazonaws.com/meshes/0996_6486_01.drc",
        "format": "drc",
        "name": "0996_6486_01"
      }
    },
    {
      "type": "Feature",
      "geometry": {
        "type": "Polygon",
        "coordinates": [
          [
            [
              6.78487376090438,
              45.400556598850415
            ],
            [
              6.785486291764372,
              45.40955080072689
            ],
            [
              6.7982554118372445,
              45.40911855769633
            ],
            [
              6.797640821167399,
              45.40012442632594
            ],
            [
              6.78487376090438,
              45.400556598850415
            ]
          ]
        ]
      },
      "properties": {
        "id": "996000_6486000",
        "x": 996000,
        "y": 6486000,
        "url": "https://amplify-d17uxdu2napxpc-ma-amplifyalphdmeshesbucket-4rknaslwb6z4.s3.eu-west-3.amazonaws.com/meshes/0996_6486_02.drc",
        "format": "drc",
        "name": "0996_6486_02"
      }
    },
    {
      "type": "Feature",
      "geometry": {
        "type": "Polygon",
        "coordinates": [
          [
            [
              6.78487376090438,
              45.400556598850415
            ],
            [
              6.785486291764372,
              45.40955080072689
            ],
            [
              6.7982554118372445,
              45.40911855769633
            ],
            [
              6.797640821167399,
              45.40012442632594
            ],
            [
              6.78487376090438,
              45.400556598850415
            ]
          ]
        ]
      },
      "properties": {
        "id": "996000_6486000",
        "x": 996000,
        "y": 6486000,
        "url": "https://amplify-d17uxdu2napxpc-ma-amplifyalphdmeshesbucket-4rknaslwb6z4.s3.eu-west-3.amazonaws.com/meshes/0996_6486_05.drc",
        "format": "drc",
        "name": "0996_6486_05"
      }
    },
    {
      "type": "Feature",
      "geometry": {
        "type": "Polygon",
        "coordinates": [
          [
            [
              6.78487376090438,
              45.400556598850415
            ],
            [
              6.785486291764372,
              45.40955080072689
            ],
            [
              6.7982554118372445,
              45.40911855769633
            ],
            [
              6.797640821167399,
              45.40012442632594
            ],
            [
              6.78487376090438,
              45.400556598850415
            ]
          ]
        ]
      },
      "properties": {
        "id": "996000_6486000",
        "x": 996000,
        "y": 6486000,
        "url": "https://amplify-d17uxdu2napxpc-ma-amplifyalphdmeshesbucket-4rknaslwb6z4.s3.eu-west-3.amazonaws.com/meshes/0996_6486_11.drc",
        "format": "drc",
        "name": "0996_6486_11"
      }
    },
    {
      "type": "Feature",
      "geometry": {
        "type": "Polygon",
        "coordinates": [
          [
            [
              6.785486291764372,
              45.40955080072689
            ],
            [
              6.786099020764221,
              45.41854501202081
            ],
            [
              6.798870201310155,
              45.41811269847177
            ],
            [
              6.7982554118372445,
              45.40911855769633
            ],
            [
              6.785486291764372,
              45.40955080072689
            ]
          ]
        ]
      },
      "properties": {
        "id": "996000_6487000",
        "x": 996000,
        "y": 6487000,
        "url": "https://amplify-d17uxdu2napxpc-ma-amplifyalphdmeshesbucket-4rknaslwb6z4.s3.eu-west-3.amazonaws.com/meshes/0996_6487_00.drc",
        "format": "drc",
        "name": "0996_6487_00"
      }
    },
    {
      "type": "Feature",
      "geometry": {
        "type": "Polygon",
        "coordinates": [
          [
            [
              6.785486291764372,
              45.40955080072689
            ],
            [
              6.786099020764221,
              45.41854501202081
            ],
            [
              6.798870201310155,
              45.41811269847177
            ],
            [
              6.7982554118372445,
              45.40911855769633
            ],
            [
              6.785486291764372,
              45.40955080072689
            ]
          ]
        ]
      },
      "properties": {
        "id": "996000_6487000",
        "x": 996000,
        "y": 6487000,
        "url": "https://amplify-d17uxdu2napxpc-ma-amplifyalphdmeshesbucket-4rknaslwb6z4.s3.eu-west-3.amazonaws.com/meshes/0996_6487_01.drc",
        "format": "drc",
        "name": "0996_6487_01"
      }
    },
    {
      "type": "Feature",
      "geometry": {
        "type": "Polygon",
        "coordinates": [
          [
            [
              6.785486291764372,
              45.40955080072689
            ],
            [
              6.786099020764221,
              45.41854501202081
            ],
            [
              6.798870201310155,
              45.41811269847177
            ],
            [
              6.7982554118372445,
              45.40911855769633
            ],
            [
              6.785486291764372,
              45.40955080072689
            ]
          ]
        ]
      },
      "properties": {
        "id": "996000_6487000",
        "x": 996000,
        "y": 6487000,
        "url": "https://amplify-d17uxdu2napxpc-ma-amplifyalphdmeshesbucket-4rknaslwb6z4.s3.eu-west-3.amazonaws.com/meshes/0996_6487_02.drc",
        "format": "drc",
        "name": "0996_6487_02"
      }
    },
    {
      "type": "Feature",
      "geometry": {
        "type": "Polygon",
        "coordinates": [
          [
            [
              6.785486291764372,
              45.40955080072689
            ],
            [
              6.786099020764221,
              45.41854501202081
            ],
            [
              6.798870201310155,
              45.41811269847177
            ],
            [
              6.7982554118372445,
              45.40911855769633
            ],
            [
              6.785486291764372,
              45.40955080072689
            ]
          ]
        ]
      },
      "properties": {
        "id": "996000_6487000",
        "x": 996000,
        "y": 6487000,
        "url": "https://amplify-d17uxdu2napxpc-ma-amplifyalphdmeshesbucket-4rknaslwb6z4.s3.eu-west-3.amazonaws.com/meshes/0996_6487_05.drc",
        "format": "drc",
        "name": "0996_6487_05"
      }
    },
    {
      "type": "Feature",
      "geometry": {
        "type": "Polygon",
        "coordinates": [
          [
            [
              6.785486291764372,
              45.40955080072689
            ],
            [
              6.786099020764221,
              45.41854501202081
            ],
            [
              6.798870201310155,
              45.41811269847177
            ],
            [
              6.7982554118372445,
              45.40911855769633
            ],
            [
              6.785486291764372,
              45.40955080072689
            ]
          ]
        ]
      },
      "properties": {
        "id": "996000_6487000",
        "x": 996000,
        "y": 6487000,
        "url": "https://amplify-d17uxdu2napxpc-ma-amplifyalphdmeshesbucket-4rknaslwb6z4.s3.eu-west-3.amazonaws.com/meshes/0996_6487_11.drc",
        "format": "drc",
        "name": "0996_6487_11"
      }
    },
    {
      "type": "Feature",
      "geometry": {
        "type": "Polygon",
        "coordinates": [
          [
            [
              6.815744922845027,
              45.85027394531382
            ],
            [
              6.816367479627144,
              45.85926835014851
            ],
            [
              6.8292404424943465,
              45.858832565943665
            ],
            [
              6.828615792346243,
              45.849838232239186
            ],
            [
              6.815744922845027,
              45.85027394531382
            ]
          ]
        ]
      },
      "properties": {
        "id": "996000_6536000",
        "x": 996000,
        "y": 6536000,
        "url": "https://amplify-d17uxdu2napxpc-ma-amplifyalphdmeshesbucket-4rknaslwb6z4.s3.eu-west-3.amazonaws.com/meshes/0996_6536_11.drc",
        "format": "drc",
        "name": "0996_6536_11"
      }
    },
    {
      "type": "Feature",
      "geometry": {
        "type": "Polygon",
        "coordinates": [
          [
            [
              6.796412235851609,
              45.38213619267282
            ],
            [
              6.797026429204281,
              45.39113030457875
            ],
            [
              6.809791231709902,
              45.39069674860912
            ],
            [
              6.809174979969059,
              45.38170270742112
            ],
            [
              6.796412235851609,
              45.38213619267282
            ]
          ]
        ]
      },
      "properties": {
        "id": "997000_6484000",
        "x": 997000,
        "y": 6484000,
        "url": "https://amplify-d17uxdu2napxpc-ma-amplifyalphdmeshesbucket-4rknaslwb6z4.s3.eu-west-3.amazonaws.com/meshes/0997_6484_00.drc",
        "format": "drc",
        "name": "0997_6484_00"
      }
    },
    {
      "type": "Feature",
      "geometry": {
        "type": "Polygon",
        "coordinates": [
          [
            [
              6.796412235851609,
              45.38213619267282
            ],
            [
              6.797026429204281,
              45.39113030457875
            ],
            [
              6.809791231709902,
              45.39069674860912
            ],
            [
              6.809174979969059,
              45.38170270742112
            ],
            [
              6.796412235851609,
              45.38213619267282
            ]
          ]
        ]
      },
      "properties": {
        "id": "997000_6484000",
        "x": 997000,
        "y": 6484000,
        "url": "https://amplify-d17uxdu2napxpc-ma-amplifyalphdmeshesbucket-4rknaslwb6z4.s3.eu-west-3.amazonaws.com/meshes/0997_6484_01.drc",
        "format": "drc",
        "name": "0997_6484_01"
      }
    },
    {
      "type": "Feature",
      "geometry": {
        "type": "Polygon",
        "coordinates": [
          [
            [
              6.796412235851609,
              45.38213619267282
            ],
            [
              6.797026429204281,
              45.39113030457875
            ],
            [
              6.809791231709902,
              45.39069674860912
            ],
            [
              6.809174979969059,
              45.38170270742112
            ],
            [
              6.796412235851609,
              45.38213619267282
            ]
          ]
        ]
      },
      "properties": {
        "id": "997000_6484000",
        "x": 997000,
        "y": 6484000,
        "url": "https://amplify-d17uxdu2napxpc-ma-amplifyalphdmeshesbucket-4rknaslwb6z4.s3.eu-west-3.amazonaws.com/meshes/0997_6484_02.drc",
        "format": "drc",
        "name": "0997_6484_02"
      }
    },
    {
      "type": "Feature",
      "geometry": {
        "type": "Polygon",
        "coordinates": [
          [
            [
              6.796412235851609,
              45.38213619267282
            ],
            [
              6.797026429204281,
              45.39113030457875
            ],
            [
              6.809791231709902,
              45.39069674860912
            ],
            [
              6.809174979969059,
              45.38170270742112
            ],
            [
              6.796412235851609,
              45.38213619267282
            ]
          ]
        ]
      },
      "properties": {
        "id": "997000_6484000",
        "x": 997000,
        "y": 6484000,
        "url": "https://amplify-d17uxdu2napxpc-ma-amplifyalphdmeshesbucket-4rknaslwb6z4.s3.eu-west-3.amazonaws.com/meshes/0997_6484_05.drc",
        "format": "drc",
        "name": "0997_6484_05"
      }
    },
    {
      "type": "Feature",
      "geometry": {
        "type": "Polygon",
        "coordinates": [
          [
            [
              6.796412235851609,
              45.38213619267282
            ],
            [
              6.797026429204281,
              45.39113030457875
            ],
            [
              6.809791231709902,
              45.39069674860912
            ],
            [
              6.809174979969059,
              45.38170270742112
            ],
            [
              6.796412235851609,
              45.38213619267282
            ]
          ]
        ]
      },
      "properties": {
        "id": "997000_6484000",
        "x": 997000,
        "y": 6484000,
        "url": "https://amplify-d17uxdu2napxpc-ma-amplifyalphdmeshesbucket-4rknaslwb6z4.s3.eu-west-3.amazonaws.com/meshes/0997_6484_11.drc",
        "format": "drc",
        "name": "0997_6484_11"
      }
    },
    {
      "type": "Feature",
      "geometry": {
        "type": "Polygon",
        "coordinates": [
          [
            [
              6.797026429204281,
              45.39113030457875
            ],
            [
              6.797640821167399,
              45.40012442632594
            ],
            [
              6.810407682723704,
              45.39969079962598
            ],
            [
              6.809791231709902,
              45.39069674860912
            ],
            [
              6.797026429204281,
              45.39113030457875
            ]
          ]
        ]
      },
      "properties": {
        "id": "997000_6485000",
        "x": 997000,
        "y": 6485000,
        "url": "https://amplify-d17uxdu2napxpc-ma-amplifyalphdmeshesbucket-4rknaslwb6z4.s3.eu-west-3.amazonaws.com/meshes/0997_6485_00.drc",
        "format": "drc",
        "name": "0997_6485_00"
      }
    },
    {
      "type": "Feature",
      "geometry": {
        "type": "Polygon",
        "coordinates": [
          [
            [
              6.797026429204281,
              45.39113030457875
            ],
            [
              6.797640821167399,
              45.40012442632594
            ],
            [
              6.810407682723704,
              45.39969079962598
            ],
            [
              6.809791231709902,
              45.39069674860912
            ],
            [
              6.797026429204281,
              45.39113030457875
            ]
          ]
        ]
      },
      "properties": {
        "id": "997000_6485000",
        "x": 997000,
        "y": 6485000,
        "url": "https://amplify-d17uxdu2napxpc-ma-amplifyalphdmeshesbucket-4rknaslwb6z4.s3.eu-west-3.amazonaws.com/meshes/0997_6485_01.drc",
        "format": "drc",
        "name": "0997_6485_01"
      }
    },
    {
      "type": "Feature",
      "geometry": {
        "type": "Polygon",
        "coordinates": [
          [
            [
              6.797026429204281,
              45.39113030457875
            ],
            [
              6.797640821167399,
              45.40012442632594
            ],
            [
              6.810407682723704,
              45.39969079962598
            ],
            [
              6.809791231709902,
              45.39069674860912
            ],
            [
              6.797026429204281,
              45.39113030457875
            ]
          ]
        ]
      },
      "properties": {
        "id": "997000_6485000",
        "x": 997000,
        "y": 6485000,
        "url": "https://amplify-d17uxdu2napxpc-ma-amplifyalphdmeshesbucket-4rknaslwb6z4.s3.eu-west-3.amazonaws.com/meshes/0997_6485_02.drc",
        "format": "drc",
        "name": "0997_6485_02"
      }
    },
    {
      "type": "Feature",
      "geometry": {
        "type": "Polygon",
        "coordinates": [
          [
            [
              6.797026429204281,
              45.39113030457875
            ],
            [
              6.797640821167399,
              45.40012442632594
            ],
            [
              6.810407682723704,
              45.39969079962598
            ],
            [
              6.809791231709902,
              45.39069674860912
            ],
            [
              6.797026429204281,
              45.39113030457875
            ]
          ]
        ]
      },
      "properties": {
        "id": "997000_6485000",
        "x": 997000,
        "y": 6485000,
        "url": "https://amplify-d17uxdu2napxpc-ma-amplifyalphdmeshesbucket-4rknaslwb6z4.s3.eu-west-3.amazonaws.com/meshes/0997_6485_05.drc",
        "format": "drc",
        "name": "0997_6485_05"
      }
    },
    {
      "type": "Feature",
      "geometry": {
        "type": "Polygon",
        "coordinates": [
          [
            [
              6.797026429204281,
              45.39113030457875
            ],
            [
              6.797640821167399,
              45.40012442632594
            ],
            [
              6.810407682723704,
              45.39969079962598
            ],
            [
              6.809791231709902,
              45.39069674860912
            ],
            [
              6.797026429204281,
              45.39113030457875
            ]
          ]
        ]
      },
      "properties": {
        "id": "997000_6485000",
        "x": 997000,
        "y": 6485000,
        "url": "https://amplify-d17uxdu2napxpc-ma-amplifyalphdmeshesbucket-4rknaslwb6z4.s3.eu-west-3.amazonaws.com/meshes/0997_6485_11.drc",
        "format": "drc",
        "name": "0997_6485_11"
      }
    },
    {
      "type": "Feature",
      "geometry": {
        "type": "Polygon",
        "coordinates": [
          [
            [
              6.797640821167399,
              45.40012442632594
            ],
            [
              6.7982554118372445,
              45.40911855769633
            ],
            [
              6.811024333107059,
              45.40868486025361
            ],
            [
              6.810407682723704,
              45.39969079962598
            ],
            [
              6.797640821167399,
              45.40012442632594
            ]
          ]
        ]
      },
      "properties": {
        "id": "997000_6486000",
        "x": 997000,
        "y": 6486000,
        "url": "https://amplify-d17uxdu2napxpc-ma-amplifyalphdmeshesbucket-4rknaslwb6z4.s3.eu-west-3.amazonaws.com/meshes/0997_6486_00.drc",
        "format": "drc",
        "name": "0997_6486_00"
      }
    },
    {
      "type": "Feature",
      "geometry": {
        "type": "Polygon",
        "coordinates": [
          [
            [
              6.797640821167399,
              45.40012442632594
            ],
            [
              6.7982554118372445,
              45.40911855769633
            ],
            [
              6.811024333107059,
              45.40868486025361
            ],
            [
              6.810407682723704,
              45.39969079962598
            ],
            [
              6.797640821167399,
              45.40012442632594
            ]
          ]
        ]
      },
      "properties": {
        "id": "997000_6486000",
        "x": 997000,
        "y": 6486000,
        "url": "https://amplify-d17uxdu2napxpc-ma-amplifyalphdmeshesbucket-4rknaslwb6z4.s3.eu-west-3.amazonaws.com/meshes/0997_6486_01.drc",
        "format": "drc",
        "name": "0997_6486_01"
      }
    },
    {
      "type": "Feature",
      "geometry": {
        "type": "Polygon",
        "coordinates": [
          [
            [
              6.797640821167399,
              45.40012442632594
            ],
            [
              6.7982554118372445,
              45.40911855769633
            ],
            [
              6.811024333107059,
              45.40868486025361
            ],
            [
              6.810407682723704,
              45.39969079962598
            ],
            [
              6.797640821167399,
              45.40012442632594
            ]
          ]
        ]
      },
      "properties": {
        "id": "997000_6486000",
        "x": 997000,
        "y": 6486000,
        "url": "https://amplify-d17uxdu2napxpc-ma-amplifyalphdmeshesbucket-4rknaslwb6z4.s3.eu-west-3.amazonaws.com/meshes/0997_6486_02.drc",
        "format": "drc",
        "name": "0997_6486_02"
      }
    },
    {
      "type": "Feature",
      "geometry": {
        "type": "Polygon",
        "coordinates": [
          [
            [
              6.797640821167399,
              45.40012442632594
            ],
            [
              6.7982554118372445,
              45.40911855769633
            ],
            [
              6.811024333107059,
              45.40868486025361
            ],
            [
              6.810407682723704,
              45.39969079962598
            ],
            [
              6.797640821167399,
              45.40012442632594
            ]
          ]
        ]
      },
      "properties": {
        "id": "997000_6486000",
        "x": 997000,
        "y": 6486000,
        "url": "https://amplify-d17uxdu2napxpc-ma-amplifyalphdmeshesbucket-4rknaslwb6z4.s3.eu-west-3.amazonaws.com/meshes/0997_6486_05.drc",
        "format": "drc",
        "name": "0997_6486_05"
      }
    },
    {
      "type": "Feature",
      "geometry": {
        "type": "Polygon",
        "coordinates": [
          [
            [
              6.797640821167399,
              45.40012442632594
            ],
            [
              6.7982554118372445,
              45.40911855769633
            ],
            [
              6.811024333107059,
              45.40868486025361
            ],
            [
              6.810407682723704,
              45.39969079962598
            ],
            [
              6.797640821167399,
              45.40012442632594
            ]
          ]
        ]
      },
      "properties": {
        "id": "997000_6486000",
        "x": 997000,
        "y": 6486000,
        "url": "https://amplify-d17uxdu2napxpc-ma-amplifyalphdmeshesbucket-4rknaslwb6z4.s3.eu-west-3.amazonaws.com/meshes/0997_6486_11.drc",
        "format": "drc",
        "name": "0997_6486_11"
      }
    },
    {
      "type": "Feature",
      "geometry": {
        "type": "Polygon",
        "coordinates": [
          [
            [
              6.7982554118372445,
              45.40911855769633
            ],
            [
              6.798870201310155,
              45.41811269847177
            ],
            [
              6.811641182956631,
              45.41767893027389
            ],
            [
              6.811024333107059,
              45.40868486025361
            ],
            [
              6.7982554118372445,
              45.40911855769633
            ]
          ]
        ]
      },
      "properties": {
        "id": "997000_6487000",
        "x": 997000,
        "y": 6487000,
        "url": "https://amplify-d17uxdu2napxpc-ma-amplifyalphdmeshesbucket-4rknaslwb6z4.s3.eu-west-3.amazonaws.com/meshes/0997_6487_00.drc",
        "format": "drc",
        "name": "0997_6487_00"
      }
    },
    {
      "type": "Feature",
      "geometry": {
        "type": "Polygon",
        "coordinates": [
          [
            [
              6.7982554118372445,
              45.40911855769633
            ],
            [
              6.798870201310155,
              45.41811269847177
            ],
            [
              6.811641182956631,
              45.41767893027389
            ],
            [
              6.811024333107059,
              45.40868486025361
            ],
            [
              6.7982554118372445,
              45.40911855769633
            ]
          ]
        ]
      },
      "properties": {
        "id": "997000_6487000",
        "x": 997000,
        "y": 6487000,
        "url": "https://amplify-d17uxdu2napxpc-ma-amplifyalphdmeshesbucket-4rknaslwb6z4.s3.eu-west-3.amazonaws.com/meshes/0997_6487_01.drc",
        "format": "drc",
        "name": "0997_6487_01"
      }
    },
    {
      "type": "Feature",
      "geometry": {
        "type": "Polygon",
        "coordinates": [
          [
            [
              6.7982554118372445,
              45.40911855769633
            ],
            [
              6.798870201310155,
              45.41811269847177
            ],
            [
              6.811641182956631,
              45.41767893027389
            ],
            [
              6.811024333107059,
              45.40868486025361
            ],
            [
              6.7982554118372445,
              45.40911855769633
            ]
          ]
        ]
      },
      "properties": {
        "id": "997000_6487000",
        "x": 997000,
        "y": 6487000,
        "url": "https://amplify-d17uxdu2napxpc-ma-amplifyalphdmeshesbucket-4rknaslwb6z4.s3.eu-west-3.amazonaws.com/meshes/0997_6487_02.drc",
        "format": "drc",
        "name": "0997_6487_02"
      }
    },
    {
      "type": "Feature",
      "geometry": {
        "type": "Polygon",
        "coordinates": [
          [
            [
              6.7982554118372445,
              45.40911855769633
            ],
            [
              6.798870201310155,
              45.41811269847177
            ],
            [
              6.811641182956631,
              45.41767893027389
            ],
            [
              6.811024333107059,
              45.40868486025361
            ],
            [
              6.7982554118372445,
              45.40911855769633
            ]
          ]
        ]
      },
      "properties": {
        "id": "997000_6487000",
        "x": 997000,
        "y": 6487000,
        "url": "https://amplify-d17uxdu2napxpc-ma-amplifyalphdmeshesbucket-4rknaslwb6z4.s3.eu-west-3.amazonaws.com/meshes/0997_6487_05.drc",
        "format": "drc",
        "name": "0997_6487_05"
      }
    },
    {
      "type": "Feature",
      "geometry": {
        "type": "Polygon",
        "coordinates": [
          [
            [
              6.7982554118372445,
              45.40911855769633
            ],
            [
              6.798870201310155,
              45.41811269847177
            ],
            [
              6.811641182956631,
              45.41767893027389
            ],
            [
              6.811024333107059,
              45.40868486025361
            ],
            [
              6.7982554118372445,
              45.40911855769633
            ]
          ]
        ]
      },
      "properties": {
        "id": "997000_6487000",
        "x": 997000,
        "y": 6487000,
        "url": "https://amplify-d17uxdu2napxpc-ma-amplifyalphdmeshesbucket-4rknaslwb6z4.s3.eu-west-3.amazonaws.com/meshes/0997_6487_11.drc",
        "format": "drc",
        "name": "0997_6487_11"
      }
    },
    {
      "type": "Feature",
      "geometry": {
        "type": "Polygon",
        "coordinates": [
          [
            [
              6.827367102753444,
              45.83184956107413
            ],
            [
              6.8279913457990915,
              45.8408438972094
            ],
            [
              6.840859919111946,
              45.84040678943263
            ],
            [
              6.840233584157597,
              45.831412524641046
            ],
            [
              6.827367102753444,
              45.83184956107413
            ]
          ]
        ]
      },
      "properties": {
        "id": "997000_6534000",
        "x": 997000,
        "y": 6534000,
        "url": "https://amplify-d17uxdu2napxpc-ma-amplifyalphdmeshesbucket-4rknaslwb6z4.s3.eu-west-3.amazonaws.com/meshes/0997_6534_11.drc",
        "format": "drc",
        "name": "0997_6534_11"
      }
    },
    {
      "type": "Feature",
      "geometry": {
        "type": "Polygon",
        "coordinates": [
          [
            [
              6.8279913457990915,
              45.8408438972094
            ],
            [
              6.828615792346243,
              45.849838232239186
            ],
            [
              6.841486458246519,
              45.849401053106114
            ],
            [
              6.840859919111946,
              45.84040678943263
            ],
            [
              6.8279913457990915,
              45.8408438972094
            ]
          ]
        ]
      },
      "properties": {
        "id": "997000_6535000",
        "x": 997000,
        "y": 6535000,
        "url": "https://amplify-d17uxdu2napxpc-ma-amplifyalphdmeshesbucket-4rknaslwb6z4.s3.eu-west-3.amazonaws.com/meshes/0997_6535_11.drc",
        "format": "drc",
        "name": "0997_6535_11"
      }
    },
    {
      "type": "Feature",
      "geometry": {
        "type": "Polygon",
        "coordinates": [
          [
            [
              6.828615792346243,
              45.849838232239186
            ],
            [
              6.8292404424943465,
              45.858832565943665
            ],
            [
              6.8421132016610935,
              45.85839531544163
            ],
            [
              6.841486458246519,
              45.849401053106114
            ],
            [
              6.828615792346243,
              45.849838232239186
            ]
          ]
        ]
      },
      "properties": {
        "id": "997000_6536000",
        "x": 997000,
        "y": 6536000,
        "url": "https://amplify-d17uxdu2napxpc-ma-amplifyalphdmeshesbucket-4rknaslwb6z4.s3.eu-west-3.amazonaws.com/meshes/0997_6536_11.drc",
        "format": "drc",
        "name": "0997_6536_11"
      }
    },
    {
      "type": "Feature",
      "geometry": {
        "type": "Polygon",
        "coordinates": [
          [
            [
              6.809174979969059,
              45.38170270742112
            ],
            [
              6.809791231709902,
              45.39069674860912
            ],
            [
              6.822555834942576,
              45.39026173873491
            ],
            [
              6.821937524910096,
              45.38126776850138
            ],
            [
              6.809174979969059,
              45.38170270742112
            ]
          ]
        ]
      },
      "properties": {
        "id": "998000_6484000",
        "x": 998000,
        "y": 6484000,
        "url": "https://amplify-d17uxdu2napxpc-ma-amplifyalphdmeshesbucket-4rknaslwb6z4.s3.eu-west-3.amazonaws.com/meshes/0998_6484_00.drc",
        "format": "drc",
        "name": "0998_6484_00"
      }
    },
    {
      "type": "Feature",
      "geometry": {
        "type": "Polygon",
        "coordinates": [
          [
            [
              6.809174979969059,
              45.38170270742112
            ],
            [
              6.809791231709902,
              45.39069674860912
            ],
            [
              6.822555834942576,
              45.39026173873491
            ],
            [
              6.821937524910096,
              45.38126776850138
            ],
            [
              6.809174979969059,
              45.38170270742112
            ]
          ]
        ]
      },
      "properties": {
        "id": "998000_6484000",
        "x": 998000,
        "y": 6484000,
        "url": "https://amplify-d17uxdu2napxpc-ma-amplifyalphdmeshesbucket-4rknaslwb6z4.s3.eu-west-3.amazonaws.com/meshes/0998_6484_01.drc",
        "format": "drc",
        "name": "0998_6484_01"
      }
    },
    {
      "type": "Feature",
      "geometry": {
        "type": "Polygon",
        "coordinates": [
          [
            [
              6.809174979969059,
              45.38170270742112
            ],
            [
              6.809791231709902,
              45.39069674860912
            ],
            [
              6.822555834942576,
              45.39026173873491
            ],
            [
              6.821937524910096,
              45.38126776850138
            ],
            [
              6.809174979969059,
              45.38170270742112
            ]
          ]
        ]
      },
      "properties": {
        "id": "998000_6484000",
        "x": 998000,
        "y": 6484000,
        "url": "https://amplify-d17uxdu2napxpc-ma-amplifyalphdmeshesbucket-4rknaslwb6z4.s3.eu-west-3.amazonaws.com/meshes/0998_6484_02.drc",
        "format": "drc",
        "name": "0998_6484_02"
      }
    },
    {
      "type": "Feature",
      "geometry": {
        "type": "Polygon",
        "coordinates": [
          [
            [
              6.809174979969059,
              45.38170270742112
            ],
            [
              6.809791231709902,
              45.39069674860912
            ],
            [
              6.822555834942576,
              45.39026173873491
            ],
            [
              6.821937524910096,
              45.38126776850138
            ],
            [
              6.809174979969059,
              45.38170270742112
            ]
          ]
        ]
      },
      "properties": {
        "id": "998000_6484000",
        "x": 998000,
        "y": 6484000,
        "url": "https://amplify-d17uxdu2napxpc-ma-amplifyalphdmeshesbucket-4rknaslwb6z4.s3.eu-west-3.amazonaws.com/meshes/0998_6484_05.drc",
        "format": "drc",
        "name": "0998_6484_05"
      }
    },
    {
      "type": "Feature",
      "geometry": {
        "type": "Polygon",
        "coordinates": [
          [
            [
              6.809174979969059,
              45.38170270742112
            ],
            [
              6.809791231709902,
              45.39069674860912
            ],
            [
              6.822555834942576,
              45.39026173873491
            ],
            [
              6.821937524910096,
              45.38126776850138
            ],
            [
              6.809174979969059,
              45.38170270742112
            ]
          ]
        ]
      },
      "properties": {
        "id": "998000_6484000",
        "x": 998000,
        "y": 6484000,
        "url": "https://amplify-d17uxdu2napxpc-ma-amplifyalphdmeshesbucket-4rknaslwb6z4.s3.eu-west-3.amazonaws.com/meshes/0998_6484_11.drc",
        "format": "drc",
        "name": "0998_6484_11"
      }
    },
    {
      "type": "Feature",
      "geometry": {
        "type": "Polygon",
        "coordinates": [
          [
            [
              6.809791231709902,
              45.39069674860912
            ],
            [
              6.810407682723704,
              45.39969079962598
            ],
            [
              6.823174344910463,
              45.399255718784836
            ],
            [
              6.822555834942576,
              45.39026173873491
            ],
            [
              6.809791231709902,
              45.39069674860912
            ]
          ]
        ]
      },
      "properties": {
        "id": "998000_6485000",
        "x": 998000,
        "y": 6485000,
        "url": "https://amplify-d17uxdu2napxpc-ma-amplifyalphdmeshesbucket-4rknaslwb6z4.s3.eu-west-3.amazonaws.com/meshes/0998_6485_00.drc",
        "format": "drc",
        "name": "0998_6485_00"
      }
    },
    {
      "type": "Feature",
      "geometry": {
        "type": "Polygon",
        "coordinates": [
          [
            [
              6.809791231709902,
              45.39069674860912
            ],
            [
              6.810407682723704,
              45.39969079962598
            ],
            [
              6.823174344910463,
              45.399255718784836
            ],
            [
              6.822555834942576,
              45.39026173873491
            ],
            [
              6.809791231709902,
              45.39069674860912
            ]
          ]
        ]
      },
      "properties": {
        "id": "998000_6485000",
        "x": 998000,
        "y": 6485000,
        "url": "https://amplify-d17uxdu2napxpc-ma-amplifyalphdmeshesbucket-4rknaslwb6z4.s3.eu-west-3.amazonaws.com/meshes/0998_6485_01.drc",
        "format": "drc",
        "name": "0998_6485_01"
      }
    },
    {
      "type": "Feature",
      "geometry": {
        "type": "Polygon",
        "coordinates": [
          [
            [
              6.809791231709902,
              45.39069674860912
            ],
            [
              6.810407682723704,
              45.39969079962598
            ],
            [
              6.823174344910463,
              45.399255718784836
            ],
            [
              6.822555834942576,
              45.39026173873491
            ],
            [
              6.809791231709902,
              45.39069674860912
            ]
          ]
        ]
      },
      "properties": {
        "id": "998000_6485000",
        "x": 998000,
        "y": 6485000,
        "url": "https://amplify-d17uxdu2napxpc-ma-amplifyalphdmeshesbucket-4rknaslwb6z4.s3.eu-west-3.amazonaws.com/meshes/0998_6485_02.drc",
        "format": "drc",
        "name": "0998_6485_02"
      }
    },
    {
      "type": "Feature",
      "geometry": {
        "type": "Polygon",
        "coordinates": [
          [
            [
              6.809791231709902,
              45.39069674860912
            ],
            [
              6.810407682723704,
              45.39969079962598
            ],
            [
              6.823174344910463,
              45.399255718784836
            ],
            [
              6.822555834942576,
              45.39026173873491
            ],
            [
              6.809791231709902,
              45.39069674860912
            ]
          ]
        ]
      },
      "properties": {
        "id": "998000_6485000",
        "x": 998000,
        "y": 6485000,
        "url": "https://amplify-d17uxdu2napxpc-ma-amplifyalphdmeshesbucket-4rknaslwb6z4.s3.eu-west-3.amazonaws.com/meshes/0998_6485_05.drc",
        "format": "drc",
        "name": "0998_6485_05"
      }
    },
    {
      "type": "Feature",
      "geometry": {
        "type": "Polygon",
        "coordinates": [
          [
            [
              6.809791231709902,
              45.39069674860912
            ],
            [
              6.810407682723704,
              45.39969079962598
            ],
            [
              6.823174344910463,
              45.399255718784836
            ],
            [
              6.822555834942576,
              45.39026173873491
            ],
            [
              6.809791231709902,
              45.39069674860912
            ]
          ]
        ]
      },
      "properties": {
        "id": "998000_6485000",
        "x": 998000,
        "y": 6485000,
        "url": "https://amplify-d17uxdu2napxpc-ma-amplifyalphdmeshesbucket-4rknaslwb6z4.s3.eu-west-3.amazonaws.com/meshes/0998_6485_11.drc",
        "format": "drc",
        "name": "0998_6485_11"
      }
    },
    {
      "type": "Feature",
      "geometry": {
        "type": "Polygon",
        "coordinates": [
          [
            [
              6.810407682723704,
              45.39969079962598
            ],
            [
              6.811024333107059,
              45.40868486025361
            ],
            [
              6.823793054910672,
              45.40824970843309
            ],
            [
              6.823174344910463,
              45.399255718784836
            ],
            [
              6.810407682723704,
              45.39969079962598
            ]
          ]
        ]
      },
      "properties": {
        "id": "998000_6486000",
        "x": 998000,
        "y": 6486000,
        "url": "https://amplify-d17uxdu2napxpc-ma-amplifyalphdmeshesbucket-4rknaslwb6z4.s3.eu-west-3.amazonaws.com/meshes/0998_6486_00.drc",
        "format": "drc",
        "name": "0998_6486_00"
      }
    },
    {
      "type": "Feature",
      "geometry": {
        "type": "Polygon",
        "coordinates": [
          [
            [
              6.810407682723704,
              45.39969079962598
            ],
            [
              6.811024333107059,
              45.40868486025361
            ],
            [
              6.823793054910672,
              45.40824970843309
            ],
            [
              6.823174344910463,
              45.399255718784836
            ],
            [
              6.810407682723704,
              45.39969079962598
            ]
          ]
        ]
      },
      "properties": {
        "id": "998000_6486000",
        "x": 998000,
        "y": 6486000,
        "url": "https://amplify-d17uxdu2napxpc-ma-amplifyalphdmeshesbucket-4rknaslwb6z4.s3.eu-west-3.amazonaws.com/meshes/0998_6486_01.drc",
        "format": "drc",
        "name": "0998_6486_01"
      }
    },
    {
      "type": "Feature",
      "geometry": {
        "type": "Polygon",
        "coordinates": [
          [
            [
              6.810407682723704,
              45.39969079962598
            ],
            [
              6.811024333107059,
              45.40868486025361
            ],
            [
              6.823793054910672,
              45.40824970843309
            ],
            [
              6.823174344910463,
              45.399255718784836
            ],
            [
              6.810407682723704,
              45.39969079962598
            ]
          ]
        ]
      },
      "properties": {
        "id": "998000_6486000",
        "x": 998000,
        "y": 6486000,
        "url": "https://amplify-d17uxdu2napxpc-ma-amplifyalphdmeshesbucket-4rknaslwb6z4.s3.eu-west-3.amazonaws.com/meshes/0998_6486_02.drc",
        "format": "drc",
        "name": "0998_6486_02"
      }
    },
    {
      "type": "Feature",
      "geometry": {
        "type": "Polygon",
        "coordinates": [
          [
            [
              6.810407682723704,
              45.39969079962598
            ],
            [
              6.811024333107059,
              45.40868486025361
            ],
            [
              6.823793054910672,
              45.40824970843309
            ],
            [
              6.823174344910463,
              45.399255718784836
            ],
            [
              6.810407682723704,
              45.39969079962598
            ]
          ]
        ]
      },
      "properties": {
        "id": "998000_6486000",
        "x": 998000,
        "y": 6486000,
        "url": "https://amplify-d17uxdu2napxpc-ma-amplifyalphdmeshesbucket-4rknaslwb6z4.s3.eu-west-3.amazonaws.com/meshes/0998_6486_05.drc",
        "format": "drc",
        "name": "0998_6486_05"
      }
    },
    {
      "type": "Feature",
      "geometry": {
        "type": "Polygon",
        "coordinates": [
          [
            [
              6.810407682723704,
              45.39969079962598
            ],
            [
              6.811024333107059,
              45.40868486025361
            ],
            [
              6.823793054910672,
              45.40824970843309
            ],
            [
              6.823174344910463,
              45.399255718784836
            ],
            [
              6.810407682723704,
              45.39969079962598
            ]
          ]
        ]
      },
      "properties": {
        "id": "998000_6486000",
        "x": 998000,
        "y": 6486000,
        "url": "https://amplify-d17uxdu2napxpc-ma-amplifyalphdmeshesbucket-4rknaslwb6z4.s3.eu-west-3.amazonaws.com/meshes/0998_6486_11.drc",
        "format": "drc",
        "name": "0998_6486_11"
      }
    },
    {
      "type": "Feature",
      "geometry": {
        "type": "Polygon",
        "coordinates": [
          [
            [
              6.811024333107059,
              45.40868486025361
            ],
            [
              6.811641182956631,
              45.41767893027389
            ],
            [
              6.824411965040182,
              45.41724370746153
            ],
            [
              6.823793054910672,
              45.40824970843309
            ],
            [
              6.811024333107059,
              45.40868486025361
            ]
          ]
        ]
      },
      "properties": {
        "id": "998000_6487000",
        "x": 998000,
        "y": 6487000,
        "url": "https://amplify-d17uxdu2napxpc-ma-amplifyalphdmeshesbucket-4rknaslwb6z4.s3.eu-west-3.amazonaws.com/meshes/0998_6487_00.drc",
        "format": "drc",
        "name": "0998_6487_00"
      }
    },
    {
      "type": "Feature",
      "geometry": {
        "type": "Polygon",
        "coordinates": [
          [
            [
              6.811024333107059,
              45.40868486025361
            ],
            [
              6.811641182956631,
              45.41767893027389
            ],
            [
              6.824411965040182,
              45.41724370746153
            ],
            [
              6.823793054910672,
              45.40824970843309
            ],
            [
              6.811024333107059,
              45.40868486025361
            ]
          ]
        ]
      },
      "properties": {
        "id": "998000_6487000",
        "x": 998000,
        "y": 6487000,
        "url": "https://amplify-d17uxdu2napxpc-ma-amplifyalphdmeshesbucket-4rknaslwb6z4.s3.eu-west-3.amazonaws.com/meshes/0998_6487_01.drc",
        "format": "drc",
        "name": "0998_6487_01"
      }
    },
    {
      "type": "Feature",
      "geometry": {
        "type": "Polygon",
        "coordinates": [
          [
            [
              6.811024333107059,
              45.40868486025361
            ],
            [
              6.811641182956631,
              45.41767893027389
            ],
            [
              6.824411965040182,
              45.41724370746153
            ],
            [
              6.823793054910672,
              45.40824970843309
            ],
            [
              6.811024333107059,
              45.40868486025361
            ]
          ]
        ]
      },
      "properties": {
        "id": "998000_6487000",
        "x": 998000,
        "y": 6487000,
        "url": "https://amplify-d17uxdu2napxpc-ma-amplifyalphdmeshesbucket-4rknaslwb6z4.s3.eu-west-3.amazonaws.com/meshes/0998_6487_02.drc",
        "format": "drc",
        "name": "0998_6487_02"
      }
    },
    {
      "type": "Feature",
      "geometry": {
        "type": "Polygon",
        "coordinates": [
          [
            [
              6.811024333107059,
              45.40868486025361
            ],
            [
              6.811641182956631,
              45.41767893027389
            ],
            [
              6.824411965040182,
              45.41724370746153
            ],
            [
              6.823793054910672,
              45.40824970843309
            ],
            [
              6.811024333107059,
              45.40868486025361
            ]
          ]
        ]
      },
      "properties": {
        "id": "998000_6487000",
        "x": 998000,
        "y": 6487000,
        "url": "https://amplify-d17uxdu2napxpc-ma-amplifyalphdmeshesbucket-4rknaslwb6z4.s3.eu-west-3.amazonaws.com/meshes/0998_6487_05.drc",
        "format": "drc",
        "name": "0998_6487_05"
      }
    },
    {
      "type": "Feature",
      "geometry": {
        "type": "Polygon",
        "coordinates": [
          [
            [
              6.811024333107059,
              45.40868486025361
            ],
            [
              6.811641182956631,
              45.41767893027389
            ],
            [
              6.824411965040182,
              45.41724370746153
            ],
            [
              6.823793054910672,
              45.40824970843309
            ],
            [
              6.811024333107059,
              45.40868486025361
            ]
          ]
        ]
      },
      "properties": {
        "id": "998000_6487000",
        "x": 998000,
        "y": 6487000,
        "url": "https://amplify-d17uxdu2napxpc-ma-amplifyalphdmeshesbucket-4rknaslwb6z4.s3.eu-west-3.amazonaws.com/meshes/0998_6487_11.drc",
        "format": "drc",
        "name": "0998_6487_11"
      }
    },
    {
      "type": "Feature",
      "geometry": {
        "type": "Polygon",
        "coordinates": [
          [
            [
              6.840233584157597,
              45.831412524641046
            ],
            [
              6.840859919111946,
              45.84040678943263
            ],
            [
              6.853728288244587,
              45.839968215871
            ],
            [
              6.853099861481254,
              45.83097402266172
            ],
            [
              6.840233584157597,
              45.831412524641046
            ]
          ]
        ]
      },
      "properties": {
        "id": "998000_6534000",
        "x": 998000,
        "y": 6534000,
        "url": "https://amplify-d17uxdu2napxpc-ma-amplifyalphdmeshesbucket-4rknaslwb6z4.s3.eu-west-3.amazonaws.com/meshes/0998_6534_11.drc",
        "format": "drc",
        "name": "0998_6534_11"
      }
    },
    {
      "type": "Feature",
      "geometry": {
        "type": "Polygon",
        "coordinates": [
          [
            [
              6.840859919111946,
              45.84040678943263
            ],
            [
              6.841486458246519,
              45.849401053106114
            ],
            [
              6.854356919866801,
              45.848962407949486
            ],
            [
              6.853728288244587,
              45.839968215871
            ],
            [
              6.840859919111946,
              45.84040678943263
            ]
          ]
        ]
      },
      "properties": {
        "id": "998000_6535000",
        "x": 998000,
        "y": 6535000,
        "url": "https://amplify-d17uxdu2napxpc-ma-amplifyalphdmeshesbucket-4rknaslwb6z4.s3.eu-west-3.amazonaws.com/meshes/0998_6535_11.drc",
        "format": "drc",
        "name": "0998_6535_11"
      }
    },
    {
      "type": "Feature",
      "geometry": {
        "type": "Polygon",
        "coordinates": [
          [
            [
              6.821937524910096,
              45.38126776850138
            ],
            [
              6.822555834942576,
              45.39026173873491
            ],
            [
              6.835320238239853,
              45.38982527499055
            ],
            [
              6.834699870012589,
              45.38083137594804
            ],
            [
              6.821937524910096,
              45.38126776850138
            ]
          ]
        ]
      },
      "properties": {
        "id": "999000_6484000",
        "x": 999000,
        "y": 6484000,
        "url": "https://amplify-d17uxdu2napxpc-ma-amplifyalphdmeshesbucket-4rknaslwb6z4.s3.eu-west-3.amazonaws.com/meshes/0999_6484_00.drc",
        "format": "drc",
        "name": "0999_6484_00"
      }
    },
    {
      "type": "Feature",
      "geometry": {
        "type": "Polygon",
        "coordinates": [
          [
            [
              6.821937524910096,
              45.38126776850138
            ],
            [
              6.822555834942576,
              45.39026173873491
            ],
            [
              6.835320238239853,
              45.38982527499055
            ],
            [
              6.834699870012589,
              45.38083137594804
            ],
            [
              6.821937524910096,
              45.38126776850138
            ]
          ]
        ]
      },
      "properties": {
        "id": "999000_6484000",
        "x": 999000,
        "y": 6484000,
        "url": "https://amplify-d17uxdu2napxpc-ma-amplifyalphdmeshesbucket-4rknaslwb6z4.s3.eu-west-3.amazonaws.com/meshes/0999_6484_01.drc",
        "format": "drc",
        "name": "0999_6484_01"
      }
    },
    {
      "type": "Feature",
      "geometry": {
        "type": "Polygon",
        "coordinates": [
          [
            [
              6.821937524910096,
              45.38126776850138
            ],
            [
              6.822555834942576,
              45.39026173873491
            ],
            [
              6.835320238239853,
              45.38982527499055
            ],
            [
              6.834699870012589,
              45.38083137594804
            ],
            [
              6.821937524910096,
              45.38126776850138
            ]
          ]
        ]
      },
      "properties": {
        "id": "999000_6484000",
        "x": 999000,
        "y": 6484000,
        "url": "https://amplify-d17uxdu2napxpc-ma-amplifyalphdmeshesbucket-4rknaslwb6z4.s3.eu-west-3.amazonaws.com/meshes/0999_6484_02.drc",
        "format": "drc",
        "name": "0999_6484_02"
      }
    },
    {
      "type": "Feature",
      "geometry": {
        "type": "Polygon",
        "coordinates": [
          [
            [
              6.822555834942576,
              45.39026173873491
            ],
            [
              6.823174344910463,
              45.399255718784836
            ],
            [
              6.835940807064909,
              45.39881918383696
            ],
            [
              6.835320238239853,
              45.38982527499055
            ],
            [
              6.822555834942576,
              45.39026173873491
            ]
          ]
        ]
      },
      "properties": {
        "id": "999000_6485000",
        "x": 999000,
        "y": 6485000,
        "url": "https://amplify-d17uxdu2napxpc-ma-amplifyalphdmeshesbucket-4rknaslwb6z4.s3.eu-west-3.amazonaws.com/meshes/0999_6485_00.drc",
        "format": "drc",
        "name": "0999_6485_00"
      }
    },
    {
      "type": "Feature",
      "geometry": {
        "type": "Polygon",
        "coordinates": [
          [
            [
              6.822555834942576,
              45.39026173873491
            ],
            [
              6.823174344910463,
              45.399255718784836
            ],
            [
              6.835940807064909,
              45.39881918383696
            ],
            [
              6.835320238239853,
              45.38982527499055
            ],
            [
              6.822555834942576,
              45.39026173873491
            ]
          ]
        ]
      },
      "properties": {
        "id": "999000_6485000",
        "x": 999000,
        "y": 6485000,
        "url": "https://amplify-d17uxdu2napxpc-ma-amplifyalphdmeshesbucket-4rknaslwb6z4.s3.eu-west-3.amazonaws.com/meshes/0999_6485_01.drc",
        "format": "drc",
        "name": "0999_6485_01"
      }
    },
    {
      "type": "Feature",
      "geometry": {
        "type": "Polygon",
        "coordinates": [
          [
            [
              6.822555834942576,
              45.39026173873491
            ],
            [
              6.823174344910463,
              45.399255718784836
            ],
            [
              6.835940807064909,
              45.39881918383696
            ],
            [
              6.835320238239853,
              45.38982527499055
            ],
            [
              6.822555834942576,
              45.39026173873491
            ]
          ]
        ]
      },
      "properties": {
        "id": "999000_6485000",
        "x": 999000,
        "y": 6485000,
        "url": "https://amplify-d17uxdu2napxpc-ma-amplifyalphdmeshesbucket-4rknaslwb6z4.s3.eu-west-3.amazonaws.com/meshes/0999_6485_02.drc",
        "format": "drc",
        "name": "0999_6485_02"
      }
    },
    {
      "type": "Feature",
      "geometry": {
        "type": "Polygon",
        "coordinates": [
          [
            [
              6.823174344910463,
              45.399255718784836
            ],
            [
              6.823793054910672,
              45.40824970843309
            ],
            [
              6.836561576584993,
              45.40781310226921
            ],
            [
              6.835940807064909,
              45.39881918383696
            ],
            [
              6.823174344910463,
              45.399255718784836
            ]
          ]
        ]
      },
      "properties": {
        "id": "999000_6486000",
        "x": 999000,
        "y": 6486000,
        "url": "https://amplify-d17uxdu2napxpc-ma-amplifyalphdmeshesbucket-4rknaslwb6z4.s3.eu-west-3.amazonaws.com/meshes/0999_6486_00.drc",
        "format": "drc",
        "name": "0999_6486_00"
      }
    },
    {
      "type": "Feature",
      "geometry": {
        "type": "Polygon",
        "coordinates": [
          [
            [
              6.823174344910463,
              45.399255718784836
            ],
            [
              6.823793054910672,
              45.40824970843309
            ],
            [
              6.836561576584993,
              45.40781310226921
            ],
            [
              6.835940807064909,
              45.39881918383696
            ],
            [
              6.823174344910463,
              45.399255718784836
            ]
          ]
        ]
      },
      "properties": {
        "id": "999000_6486000",
        "x": 999000,
        "y": 6486000,
        "url": "https://amplify-d17uxdu2napxpc-ma-amplifyalphdmeshesbucket-4rknaslwb6z4.s3.eu-west-3.amazonaws.com/meshes/0999_6486_01.drc",
        "format": "drc",
        "name": "0999_6486_01"
      }
    },
    {
      "type": "Feature",
      "geometry": {
        "type": "Polygon",
        "coordinates": [
          [
            [
              6.823174344910463,
              45.399255718784836
            ],
            [
              6.823793054910672,
              45.40824970843309
            ],
            [
              6.836561576584993,
              45.40781310226921
            ],
            [
              6.835940807064909,
              45.39881918383696
            ],
            [
              6.823174344910463,
              45.399255718784836
            ]
          ]
        ]
      },
      "properties": {
        "id": "999000_6486000",
        "x": 999000,
        "y": 6486000,
        "url": "https://amplify-d17uxdu2napxpc-ma-amplifyalphdmeshesbucket-4rknaslwb6z4.s3.eu-west-3.amazonaws.com/meshes/0999_6486_02.drc",
        "format": "drc",
        "name": "0999_6486_02"
      }
    },
    {
      "type": "Feature",
      "geometry": {
        "type": "Polygon",
        "coordinates": [
          [
            [
              6.852471639476758,
              45.82197982854145
            ],
            [
              6.853099861481254,
              45.83097402266172
            ],
            [
              6.865965934046082,
              45.83053405517116
            ],
            [
              6.8653356210109076,
              45.82153993285909
            ],
            [
              6.852471639476758,
              45.82197982854145
            ]
          ]
        ]
      },
      "properties": {
        "id": "999000_6533000",
        "x": 999000,
        "y": 6533000,
        "url": "https://amplify-d17uxdu2napxpc-ma-amplifyalphdmeshesbucket-4rknaslwb6z4.s3.eu-west-3.amazonaws.com/meshes/0999_6533_11.drc",
        "format": "drc",
        "name": "0999_6533_11"
      }
    },
    {
      "type": "Feature",
      "geometry": {
        "type": "Polygon",
        "coordinates": [
          [
            [
              6.853099861481254,
              45.83097402266172
            ],
            [
              6.853728288244587,
              45.839968215871
            ],
            [
              6.866596452518357,
              45.839528176559504
            ],
            [
              6.865965934046082,
              45.83053405517116
            ],
            [
              6.853099861481254,
              45.83097402266172
            ]
          ]
        ]
      },
      "properties": {
        "id": "999000_6534000",
        "x": 999000,
        "y": 6534000,
        "url": "https://amplify-d17uxdu2napxpc-ma-amplifyalphdmeshesbucket-4rknaslwb6z4.s3.eu-west-3.amazonaws.com/meshes/0999_6534_11.drc",
        "format": "drc",
        "name": "0999_6534_11"
      }
    },
    {
      "type": "Feature",
      "geometry": {
        "type": "Polygon",
        "coordinates": [
          [
            [
              6.835320238239853,
              45.38982527499055
            ],
            [
              6.835940807064909,
              45.39881918383696
            ],
            [
              6.848707068524338,
              45.398381194816935
            ],
            [
              6.848084440939347,
              45.389387357410605
            ],
            [
              6.835320238239853,
              45.38982527499055
            ]
          ]
        ]
      },
      "properties": {
        "id": "1000000_6485000",
        "x": 1000000,
        "y": 6485000,
        "url": "https://amplify-d17uxdu2napxpc-ma-amplifyalphdmeshesbucket-4rknaslwb6z4.s3.eu-west-3.amazonaws.com/meshes/1000_6485_00.drc",
        "format": "drc",
        "name": "1000_6485_00"
      }
    },
    {
      "type": "Feature",
      "geometry": {
        "type": "Polygon",
        "coordinates": [
          [
            [
              6.835320238239853,
              45.38982527499055
            ],
            [
              6.835940807064909,
              45.39881918383696
            ],
            [
              6.848707068524338,
              45.398381194816935
            ],
            [
              6.848084440939347,
              45.389387357410605
            ],
            [
              6.835320238239853,
              45.38982527499055
            ]
          ]
        ]
      },
      "properties": {
        "id": "1000000_6485000",
        "x": 1000000,
        "y": 6485000,
        "url": "https://amplify-d17uxdu2napxpc-ma-amplifyalphdmeshesbucket-4rknaslwb6z4.s3.eu-west-3.amazonaws.com/meshes/1000_6485_01.drc",
        "format": "drc",
        "name": "1000_6485_01"
      }
    },
    {
      "type": "Feature",
      "geometry": {
        "type": "Polygon",
        "coordinates": [
          [
            [
              6.835320238239853,
              45.38982527499055
            ],
            [
              6.835940807064909,
              45.39881918383696
            ],
            [
              6.848707068524338,
              45.398381194816935
            ],
            [
              6.848084440939347,
              45.389387357410605
            ],
            [
              6.835320238239853,
              45.38982527499055
            ]
          ]
        ]
      },
      "properties": {
        "id": "1000000_6485000",
        "x": 1000000,
        "y": 6485000,
        "url": "https://amplify-d17uxdu2napxpc-ma-amplifyalphdmeshesbucket-4rknaslwb6z4.s3.eu-west-3.amazonaws.com/meshes/1000_6485_02.drc",
        "format": "drc",
        "name": "1000_6485_02"
      }
    },
    {
      "type": "Feature",
      "geometry": {
        "type": "Polygon",
        "coordinates": [
          [
            [
              6.835320238239853,
              45.38982527499055
            ],
            [
              6.835940807064909,
              45.39881918383696
            ],
            [
              6.848707068524338,
              45.398381194816935
            ],
            [
              6.848084440939347,
              45.389387357410605
            ],
            [
              6.835320238239853,
              45.38982527499055
            ]
          ]
        ]
      },
      "properties": {
        "id": "1000000_6485000",
        "x": 1000000,
        "y": 6485000,
        "url": "https://amplify-d17uxdu2napxpc-ma-amplifyalphdmeshesbucket-4rknaslwb6z4.s3.eu-west-3.amazonaws.com/meshes/1000_6485_05.drc",
        "format": "drc",
        "name": "1000_6485_05"
      }
    },
    {
      "type": "Feature",
      "geometry": {
        "type": "Polygon",
        "coordinates": [
          [
            [
              6.835320238239853,
              45.38982527499055
            ],
            [
              6.835940807064909,
              45.39881918383696
            ],
            [
              6.848707068524338,
              45.398381194816935
            ],
            [
              6.848084440939347,
              45.389387357410605
            ],
            [
              6.835320238239853,
              45.38982527499055
            ]
          ]
        ]
      },
      "properties": {
        "id": "1000000_6485000",
        "x": 1000000,
        "y": 6485000,
        "url": "https://amplify-d17uxdu2napxpc-ma-amplifyalphdmeshesbucket-4rknaslwb6z4.s3.eu-west-3.amazonaws.com/meshes/1000_6485_11.drc",
        "format": "drc",
        "name": "1000_6485_11"
      }
    },
    {
      "type": "Feature",
      "geometry": {
        "type": "Polygon",
        "coordinates": [
          [
            [
              6.835940807064909,
              45.39881918383696
            ],
            [
              6.836561576584993,
              45.40781310226921
            ],
            [
              6.849329897466999,
              45.407375041796584
            ],
            [
              6.848707068524338,
              45.398381194816935
            ],
            [
              6.835940807064909,
              45.39881918383696
            ]
          ]
        ]
      },
      "properties": {
        "id": "1000000_6486000",
        "x": 1000000,
        "y": 6486000,
        "url": "https://amplify-d17uxdu2napxpc-ma-amplifyalphdmeshesbucket-4rknaslwb6z4.s3.eu-west-3.amazonaws.com/meshes/1000_6486_00.drc",
        "format": "drc",
        "name": "1000_6486_00"
      }
    },
    {
      "type": "Feature",
      "geometry": {
        "type": "Polygon",
        "coordinates": [
          [
            [
              6.835940807064909,
              45.39881918383696
            ],
            [
              6.836561576584993,
              45.40781310226921
            ],
            [
              6.849329897466999,
              45.407375041796584
            ],
            [
              6.848707068524338,
              45.398381194816935
            ],
            [
              6.835940807064909,
              45.39881918383696
            ]
          ]
        ]
      },
      "properties": {
        "id": "1000000_6486000",
        "x": 1000000,
        "y": 6486000,
        "url": "https://amplify-d17uxdu2napxpc-ma-amplifyalphdmeshesbucket-4rknaslwb6z4.s3.eu-west-3.amazonaws.com/meshes/1000_6486_01.drc",
        "format": "drc",
        "name": "1000_6486_01"
      }
    },
    {
      "type": "Feature",
      "geometry": {
        "type": "Polygon",
        "coordinates": [
          [
            [
              6.835940807064909,
              45.39881918383696
            ],
            [
              6.836561576584993,
              45.40781310226921
            ],
            [
              6.849329897466999,
              45.407375041796584
            ],
            [
              6.848707068524338,
              45.398381194816935
            ],
            [
              6.835940807064909,
              45.39881918383696
            ]
          ]
        ]
      },
      "properties": {
        "id": "1000000_6486000",
        "x": 1000000,
        "y": 6486000,
        "url": "https://amplify-d17uxdu2napxpc-ma-amplifyalphdmeshesbucket-4rknaslwb6z4.s3.eu-west-3.amazonaws.com/meshes/1000_6486_02.drc",
        "format": "drc",
        "name": "1000_6486_02"
      }
    },
    {
      "type": "Feature",
      "geometry": {
        "type": "Polygon",
        "coordinates": [
          [
            [
              6.835940807064909,
              45.39881918383696
            ],
            [
              6.836561576584993,
              45.40781310226921
            ],
            [
              6.849329897466999,
              45.407375041796584
            ],
            [
              6.848707068524338,
              45.398381194816935
            ],
            [
              6.835940807064909,
              45.39881918383696
            ]
          ]
        ]
      },
      "properties": {
        "id": "1000000_6486000",
        "x": 1000000,
        "y": 6486000,
        "url": "https://amplify-d17uxdu2napxpc-ma-amplifyalphdmeshesbucket-4rknaslwb6z4.s3.eu-west-3.amazonaws.com/meshes/1000_6486_05.drc",
        "format": "drc",
        "name": "1000_6486_05"
      }
    },
    {
      "type": "Feature",
      "geometry": {
        "type": "Polygon",
        "coordinates": [
          [
            [
              6.835940807064909,
              45.39881918383696
            ],
            [
              6.836561576584993,
              45.40781310226921
            ],
            [
              6.849329897466999,
              45.407375041796584
            ],
            [
              6.848707068524338,
              45.398381194816935
            ],
            [
              6.835940807064909,
              45.39881918383696
            ]
          ]
        ]
      },
      "properties": {
        "id": "1000000_6486000",
        "x": 1000000,
        "y": 6486000,
        "url": "https://amplify-d17uxdu2napxpc-ma-amplifyalphdmeshesbucket-4rknaslwb6z4.s3.eu-west-3.amazonaws.com/meshes/1000_6486_11.drc",
        "format": "drc",
        "name": "1000_6486_11"
      }
    },
    {
      "type": "Feature",
      "geometry": {
        "type": "Polygon",
        "coordinates": [
          [
            [
              6.8653356210109076,
              45.82153993285909
            ],
            [
              6.865965934046082,
              45.83053405517116
            ],
            [
              6.878831801173822,
              45.830092622204475
            ],
            [
              6.8781993972082764,
              45.821098571939174
            ],
            [
              6.8653356210109076,
              45.82153993285909
            ]
          ]
        ]
      },
      "properties": {
        "id": "1000000_6533000",
        "x": 1000000,
        "y": 6533000,
        "url": "https://amplify-d17uxdu2napxpc-ma-amplifyalphdmeshesbucket-4rknaslwb6z4.s3.eu-west-3.amazonaws.com/meshes/1000_6533_11.drc",
        "format": "drc",
        "name": "1000_6533_11"
      }
    },
    {
      "type": "Feature",
      "geometry": {
        "type": "Polygon",
        "coordinates": [
          [
            [
              6.865965934046082,
              45.83053405517116
            ],
            [
              6.866596452518357,
              45.839528176559504
            ],
            [
              6.879464411254666,
              45.83908667153331
            ],
            [
              6.878831801173822,
              45.830092622204475
            ],
            [
              6.865965934046082,
              45.83053405517116
            ]
          ]
        ]
      },
      "properties": {
        "id": "1000000_6534000",
        "x": 1000000,
        "y": 6534000,
        "url": "https://amplify-d17uxdu2napxpc-ma-amplifyalphdmeshesbucket-4rknaslwb6z4.s3.eu-west-3.amazonaws.com/meshes/1000_6534_11.drc",
        "format": "drc",
        "name": "1000_6534_11"
      }
    },
    {
      "type": "Feature",
      "geometry": {
        "type": "Polygon",
        "coordinates": [
          [
            [
              6.866596452518357,
              45.839528176559504
            ],
            [
              6.867227176528104,
              45.84852229680436
            ],
            [
              6.880097227551508,
              45.848080719705884
            ],
            [
              6.879464411254666,
              45.83908667153331
            ],
            [
              6.866596452518357,
              45.839528176559504
            ]
          ]
        ]
      },
      "properties": {
        "id": "1000000_6535000",
        "x": 1000000,
        "y": 6535000,
        "url": "https://amplify-d17uxdu2napxpc-ma-amplifyalphdmeshesbucket-4rknaslwb6z4.s3.eu-west-3.amazonaws.com/meshes/1000_6535_11.drc",
        "format": "drc",
        "name": "1000_6535_11"
      }
    },
    {
      "type": "Feature",
      "geometry": {
        "type": "Polygon",
        "coordinates": [
          [
            [
              6.867227176528104,
              45.84852229680436
            ],
            [
              6.867858106175762,
              45.85751641568587
            ],
            [
              6.880730250165117,
              45.857074766502365
            ],
            [
              6.880097227551508,
              45.848080719705884
            ],
            [
              6.867227176528104,
              45.84852229680436
            ]
          ]
        ]
      },
      "properties": {
        "id": "1000000_6536000",
        "x": 1000000,
        "y": 6536000,
        "url": "https://amplify-d17uxdu2napxpc-ma-amplifyalphdmeshesbucket-4rknaslwb6z4.s3.eu-west-3.amazonaws.com/meshes/1000_6536_11.drc",
        "format": "drc",
        "name": "1000_6536_11"
      }
    },
    {
      "type": "Feature",
      "geometry": {
        "type": "Polygon",
        "coordinates": [
          [
            [
              6.867858106175762,
              45.85751641568587
            ],
            [
              6.868489241561834,
              45.86651053298419
            ],
            [
              6.881363479196325,
              45.86606881170288
            ],
            [
              6.880730250165117,
              45.857074766502365
            ],
            [
              6.867858106175762,
              45.85751641568587
            ]
          ]
        ]
      },
      "properties": {
        "id": "1000000_6537000",
        "x": 1000000,
        "y": 6537000,
        "url": "https://amplify-d17uxdu2napxpc-ma-amplifyalphdmeshesbucket-4rknaslwb6z4.s3.eu-west-3.amazonaws.com/meshes/1000_6537_11.drc",
        "format": "drc",
        "name": "1000_6537_11"
      }
    },
    {
      "type": "Feature",
      "geometry": {
        "type": "Polygon",
        "coordinates": [
          [
            [
              6.868489241561834,
              45.86651053298419
            ],
            [
              6.869120582786889,
              45.87550464847939
            ],
            [
              6.88199691474603,
              45.875062855087506
            ],
            [
              6.881363479196325,
              45.86606881170288
            ],
            [
              6.868489241561834,
              45.86651053298419
            ]
          ]
        ]
      },
      "properties": {
        "id": "1000000_6538000",
        "x": 1000000,
        "y": 6538000,
        "url": "https://amplify-d17uxdu2napxpc-ma-amplifyalphdmeshesbucket-4rknaslwb6z4.s3.eu-west-3.amazonaws.com/meshes/1000_6538_11.drc",
        "format": "drc",
        "name": "1000_6538_11"
      }
    },
    {
      "type": "Feature",
      "geometry": {
        "type": "Polygon",
        "coordinates": [
          [
            [
              6.869120582786889,
              45.87550464847939
            ],
            [
              6.86975212995156,
              45.88449876195158
            ],
            [
              6.882630556915199,
              45.88405689643635
            ],
            [
              6.88199691474603,
              45.875062855087506
            ],
            [
              6.869120582786889,
              45.87550464847939
            ]
          ]
        ]
      },
      "properties": {
        "id": "1000000_6539000",
        "x": 1000000,
        "y": 6539000,
        "url": "https://amplify-d17uxdu2napxpc-ma-amplifyalphdmeshesbucket-4rknaslwb6z4.s3.eu-west-3.amazonaws.com/meshes/1000_6539_11.drc",
        "format": "drc",
        "name": "1000_6539_11"
      }
    },
    {
      "type": "Feature",
      "geometry": {
        "type": "Polygon",
        "coordinates": [
          [
            [
              6.879464411254666,
              45.83908667153331
            ],
            [
              6.880097227551508,
              45.848080719705884
            ],
            [
              6.892967072258157,
              45.84763767668932
            ],
            [
              6.892332163774988,
              45.83864370082766
            ],
            [
              6.879464411254666,
              45.83908667153331
            ]
          ]
        ]
      },
      "properties": {
        "id": "1001000_6535000",
        "x": 1001000,
        "y": 6535000,
        "url": "https://amplify-d17uxdu2napxpc-ma-amplifyalphdmeshesbucket-4rknaslwb6z4.s3.eu-west-3.amazonaws.com/meshes/1001_6535_11.drc",
        "format": "drc",
        "name": "1001_6535_11"
      }
    },
    {
      "type": "Feature",
      "geometry": {
        "type": "Polygon",
        "coordinates": [
          [
            [
              6.880097227551508,
              45.848080719705884
            ],
            [
              6.880730250165117,
              45.857074766502365
            ],
            [
              6.893602187736884,
              45.85663165116208
            ],
            [
              6.892967072258157,
              45.84763767668932
            ],
            [
              6.880097227551508,
              45.848080719705884
            ]
          ]
        ]
      },
      "properties": {
        "id": "1001000_6536000",
        "x": 1001000,
        "y": 6536000,
        "url": "https://amplify-d17uxdu2napxpc-ma-amplifyalphdmeshesbucket-4rknaslwb6z4.s3.eu-west-3.amazonaws.com/meshes/1001_6536_11.drc",
        "format": "drc",
        "name": "1001_6536_11"
      }
    },
    {
      "type": "Feature",
      "geometry": {
        "type": "Polygon",
        "coordinates": [
          [
            [
              6.880730250165117,
              45.857074766502365
            ],
            [
              6.881363479196325,
              45.86606881170288
            ],
            [
              6.894237510312329,
              45.86562562402609
            ],
            [
              6.893602187736884,
              45.85663165116208
            ],
            [
              6.880730250165117,
              45.857074766502365
            ]
          ]
        ]
      },
      "properties": {
        "id": "1001000_6537000",
        "x": 1001000,
        "y": 6537000,
        "url": "https://amplify-d17uxdu2napxpc-ma-amplifyalphdmeshesbucket-4rknaslwb6z4.s3.eu-west-3.amazonaws.com/meshes/1001_6537_01.drc",
        "format": "drc",
        "name": "1001_6537_01"
      }
    },
    {
      "type": "Feature",
      "geometry": {
        "type": "Polygon",
        "coordinates": [
          [
            [
              6.880730250165117,
              45.857074766502365
            ],
            [
              6.881363479196325,
              45.86606881170288
            ],
            [
              6.894237510312329,
              45.86562562402609
            ],
            [
              6.893602187736884,
              45.85663165116208
            ],
            [
              6.880730250165117,
              45.857074766502365
            ]
          ]
        ]
      },
      "properties": {
        "id": "1001000_6537000",
        "x": 1001000,
        "y": 6537000,
        "url": "https://amplify-d17uxdu2napxpc-ma-amplifyalphdmeshesbucket-4rknaslwb6z4.s3.eu-west-3.amazonaws.com/meshes/1001_6537_09.drc",
        "format": "drc",
        "name": "1001_6537_09"
      }
    },
    {
      "type": "Feature",
      "geometry": {
        "type": "Polygon",
        "coordinates": [
          [
            [
              6.880730250165117,
              45.857074766502365
            ],
            [
              6.881363479196325,
              45.86606881170288
            ],
            [
              6.894237510312329,
              45.86562562402609
            ],
            [
              6.893602187736884,
              45.85663165116208
            ],
            [
              6.880730250165117,
              45.857074766502365
            ]
          ]
        ]
      },
      "properties": {
        "id": "1001000_6537000",
        "x": 1001000,
        "y": 6537000,
        "url": "https://amplify-d17uxdu2napxpc-ma-amplifyalphdmeshesbucket-4rknaslwb6z4.s3.eu-west-3.amazonaws.com/meshes/1001_6537_11.drc",
        "format": "drc",
        "name": "1001_6537_11"
      }
    },
    {
      "type": "Feature",
      "geometry": {
        "type": "Polygon",
        "coordinates": [
          [
            [
              6.881363479196325,
              45.86606881170288
            ],
            [
              6.88199691474603,
              45.875062855087506
            ],
            [
              6.894873040085722,
              45.874619595061404
            ],
            [
              6.894237510312329,
              45.86562562402609
            ],
            [
              6.881363479196325,
              45.86606881170288
            ]
          ]
        ]
      },
      "properties": {
        "id": "1001000_6538000",
        "x": 1001000,
        "y": 6538000,
        "url": "https://amplify-d17uxdu2napxpc-ma-amplifyalphdmeshesbucket-4rknaslwb6z4.s3.eu-west-3.amazonaws.com/meshes/1001_6538_01.drc",
        "format": "drc",
        "name": "1001_6538_01"
      }
    },
    {
      "type": "Feature",
      "geometry": {
        "type": "Polygon",
        "coordinates": [
          [
            [
              6.881363479196325,
              45.86606881170288
            ],
            [
              6.88199691474603,
              45.875062855087506
            ],
            [
              6.894873040085722,
              45.874619595061404
            ],
            [
              6.894237510312329,
              45.86562562402609
            ],
            [
              6.881363479196325,
              45.86606881170288
            ]
          ]
        ]
      },
      "properties": {
        "id": "1001000_6538000",
        "x": 1001000,
        "y": 6538000,
        "url": "https://amplify-d17uxdu2napxpc-ma-amplifyalphdmeshesbucket-4rknaslwb6z4.s3.eu-west-3.amazonaws.com/meshes/1001_6538_09.drc",
        "format": "drc",
        "name": "1001_6538_09"
      }
    },
    {
      "type": "Feature",
      "geometry": {
        "type": "Polygon",
        "coordinates": [
          [
            [
              6.881363479196325,
              45.86606881170288
            ],
            [
              6.88199691474603,
              45.875062855087506
            ],
            [
              6.894873040085722,
              45.874619595061404
            ],
            [
              6.894237510312329,
              45.86562562402609
            ],
            [
              6.881363479196325,
              45.86606881170288
            ]
          ]
        ]
      },
      "properties": {
        "id": "1001000_6538000",
        "x": 1001000,
        "y": 6538000,
        "url": "https://amplify-d17uxdu2napxpc-ma-amplifyalphdmeshesbucket-4rknaslwb6z4.s3.eu-west-3.amazonaws.com/meshes/1001_6538_11.drc",
        "format": "drc",
        "name": "1001_6538_11"
      }
    },
    {
      "type": "Feature",
      "geometry": {
        "type": "Polygon",
        "coordinates": [
          [
            [
              6.88199691474603,
              45.875062855087506
            ],
            [
              6.882630556915199,
              45.88405689643635
            ],
            [
              6.895508777158356,
              45.883613564048105
            ],
            [
              6.894873040085722,
              45.874619595061404
            ],
            [
              6.88199691474603,
              45.875062855087506
            ]
          ]
        ]
      },
      "properties": {
        "id": "1001000_6539000",
        "x": 1001000,
        "y": 6539000,
        "url": "https://amplify-d17uxdu2napxpc-ma-amplifyalphdmeshesbucket-4rknaslwb6z4.s3.eu-west-3.amazonaws.com/meshes/1001_6539_11.drc",
        "format": "drc",
        "name": "1001_6539_11"
      }
    },
    {
      "type": "Feature",
      "geometry": {
        "type": "Polygon",
        "coordinates": [
          [
            [
              6.882630556915199,
              45.88405689643635
            ],
            [
              6.8832644058048595,
              45.893050935529395
            ],
            [
              6.896144721631593,
              45.892607530766185
            ],
            [
              6.895508777158356,
              45.883613564048105
            ],
            [
              6.882630556915199,
              45.88405689643635
            ]
          ]
        ]
      },
      "properties": {
        "id": "1001000_6540000",
        "x": 1001000,
        "y": 6540000,
        "url": "https://amplify-d17uxdu2napxpc-ma-amplifyalphdmeshesbucket-4rknaslwb6z4.s3.eu-west-3.amazonaws.com/meshes/1001_6540_11.drc",
        "format": "drc",
        "name": "1001_6540_11"
      }
    },
    {
      "type": "Feature",
      "geometry": {
        "type": "Polygon",
        "coordinates": [
          [
            [
              6.8832644058048595,
              45.893050935529395
            ],
            [
              6.883898461516109,
              45.90204497214664
            ],
            [
              6.896780873606858,
              45.90160149499566
            ],
            [
              6.896144721631593,
              45.892607530766185
            ],
            [
              6.8832644058048595,
              45.893050935529395
            ]
          ]
        ]
      },
      "properties": {
        "id": "1001000_6541000",
        "x": 1001000,
        "y": 6541000,
        "url": "https://amplify-d17uxdu2napxpc-ma-amplifyalphdmeshesbucket-4rknaslwb6z4.s3.eu-west-3.amazonaws.com/meshes/1001_6541_11.drc",
        "format": "drc",
        "name": "1001_6541_11"
      }
    },
    {
      "type": "Feature",
      "geometry": {
        "type": "Polygon",
        "coordinates": [
          [
            [
              6.892332163774988,
              45.83864370082766
            ],
            [
              6.892967072258157,
              45.84763767668932
            ],
            [
              6.905836709969262,
              45.84719316779006
            ],
            [
              6.90519970940086,
              45.83819926447793
            ],
            [
              6.892332163774988,
              45.83864370082766
            ]
          ]
        ]
      },
      "properties": {
        "id": "1002000_6535000",
        "x": 1002000,
        "y": 6535000,
        "url": "https://amplify-d17uxdu2napxpc-ma-amplifyalphdmeshesbucket-4rknaslwb6z4.s3.eu-west-3.amazonaws.com/meshes/1002_6535_11.drc",
        "format": "drc",
        "name": "1002_6535_11"
      }
    },
    {
      "type": "Feature",
      "geometry": {
        "type": "Polygon",
        "coordinates": [
          [
            [
              6.892967072258157,
              45.84763767668932
            ],
            [
              6.893602187736884,
              45.85663165116208
            ],
            [
              6.906473918211944,
              45.85618706970047
            ],
            [
              6.905836709969262,
              45.84719316779006
            ],
            [
              6.892967072258157,
              45.84763767668932
            ]
          ]
        ]
      },
      "properties": {
        "id": "1002000_6536000",
        "x": 1002000,
        "y": 6536000,
        "url": "https://amplify-d17uxdu2napxpc-ma-amplifyalphdmeshesbucket-4rknaslwb6z4.s3.eu-west-3.amazonaws.com/meshes/1002_6536_11.drc",
        "format": "drc",
        "name": "1002_6536_11"
      }
    },
    {
      "type": "Feature",
      "geometry": {
        "type": "Polygon",
        "coordinates": [
          [
            [
              6.893602187736884,
              45.85663165116208
            ],
            [
              6.894237510312329,
              45.86562562402609
            ],
            [
              6.907111334230398,
              45.86518096998924
            ],
            [
              6.906473918211944,
              45.85618706970047
            ],
            [
              6.893602187736884,
              45.85663165116208
            ]
          ]
        ]
      },
      "properties": {
        "id": "1002000_6537000",
        "x": 1002000,
        "y": 6537000,
        "url": "https://amplify-d17uxdu2napxpc-ma-amplifyalphdmeshesbucket-4rknaslwb6z4.s3.eu-west-3.amazonaws.com/meshes/1002_6537_01.drc",
        "format": "drc",
        "name": "1002_6537_01"
      }
    },
    {
      "type": "Feature",
      "geometry": {
        "type": "Polygon",
        "coordinates": [
          [
            [
              6.893602187736884,
              45.85663165116208
            ],
            [
              6.894237510312329,
              45.86562562402609
            ],
            [
              6.907111334230398,
              45.86518096998924
            ],
            [
              6.906473918211944,
              45.85618706970047
            ],
            [
              6.893602187736884,
              45.85663165116208
            ]
          ]
        ]
      },
      "properties": {
        "id": "1002000_6537000",
        "x": 1002000,
        "y": 6537000,
        "url": "https://amplify-d17uxdu2napxpc-ma-amplifyalphdmeshesbucket-4rknaslwb6z4.s3.eu-west-3.amazonaws.com/meshes/1002_6537_09.drc",
        "format": "drc",
        "name": "1002_6537_09"
      }
    },
    {
      "type": "Feature",
      "geometry": {
        "type": "Polygon",
        "coordinates": [
          [
            [
              6.893602187736884,
              45.85663165116208
            ],
            [
              6.894237510312329,
              45.86562562402609
            ],
            [
              6.907111334230398,
              45.86518096998924
            ],
            [
              6.906473918211944,
              45.85618706970047
            ],
            [
              6.893602187736884,
              45.85663165116208
            ]
          ]
        ]
      },
      "properties": {
        "id": "1002000_6537000",
        "x": 1002000,
        "y": 6537000,
        "url": "https://amplify-d17uxdu2napxpc-ma-amplifyalphdmeshesbucket-4rknaslwb6z4.s3.eu-west-3.amazonaws.com/meshes/1002_6537_11.drc",
        "format": "drc",
        "name": "1002_6537_11"
      }
    },
    {
      "type": "Feature",
      "geometry": {
        "type": "Polygon",
        "coordinates": [
          [
            [
              6.894237510312329,
              45.86562562402609
            ],
            [
              6.894873040085722,
              45.874619595061404
            ],
            [
              6.907748958126183,
              45.87417486843649
            ],
            [
              6.907111334230398,
              45.86518096998924
            ],
            [
              6.894237510312329,
              45.86562562402609
            ]
          ]
        ]
      },
      "properties": {
        "id": "1002000_6538000",
        "x": 1002000,
        "y": 6538000,
        "url": "https://amplify-d17uxdu2napxpc-ma-amplifyalphdmeshesbucket-4rknaslwb6z4.s3.eu-west-3.amazonaws.com/meshes/1002_6538_01.drc",
        "format": "drc",
        "name": "1002_6538_01"
      }
    },
    {
      "type": "Feature",
      "geometry": {
        "type": "Polygon",
        "coordinates": [
          [
            [
              6.894237510312329,
              45.86562562402609
            ],
            [
              6.894873040085722,
              45.874619595061404
            ],
            [
              6.907748958126183,
              45.87417486843649
            ],
            [
              6.907111334230398,
              45.86518096998924
            ],
            [
              6.894237510312329,
              45.86562562402609
            ]
          ]
        ]
      },
      "properties": {
        "id": "1002000_6538000",
        "x": 1002000,
        "y": 6538000,
        "url": "https://amplify-d17uxdu2napxpc-ma-amplifyalphdmeshesbucket-4rknaslwb6z4.s3.eu-west-3.amazonaws.com/meshes/1002_6538_09.drc",
        "format": "drc",
        "name": "1002_6538_09"
      }
    },
    {
      "type": "Feature",
      "geometry": {
        "type": "Polygon",
        "coordinates": [
          [
            [
              6.894237510312329,
              45.86562562402609
            ],
            [
              6.894873040085722,
              45.874619595061404
            ],
            [
              6.907748958126183,
              45.87417486843649
            ],
            [
              6.907111334230398,
              45.86518096998924
            ],
            [
              6.894237510312329,
              45.86562562402609
            ]
          ]
        ]
      },
      "properties": {
        "id": "1002000_6538000",
        "x": 1002000,
        "y": 6538000,
        "url": "https://amplify-d17uxdu2napxpc-ma-amplifyalphdmeshesbucket-4rknaslwb6z4.s3.eu-west-3.amazonaws.com/meshes/1002_6538_11.drc",
        "format": "drc",
        "name": "1002_6538_11"
      }
    },
    {
      "type": "Feature",
      "geometry": {
        "type": "Polygon",
        "coordinates": [
          [
            [
              6.894873040085722,
              45.874619595061404
            ],
            [
              6.895508777158356,
              45.883613564048105
            ],
            [
              6.908386790000923,
              45.883168764822265
            ],
            [
              6.907748958126183,
              45.87417486843649
            ],
            [
              6.894873040085722,
              45.874619595061404
            ]
          ]
        ]
      },
      "properties": {
        "id": "1002000_6539000",
        "x": 1002000,
        "y": 6539000,
        "url": "https://amplify-d17uxdu2napxpc-ma-amplifyalphdmeshesbucket-4rknaslwb6z4.s3.eu-west-3.amazonaws.com/meshes/1002_6539_11.drc",
        "format": "drc",
        "name": "1002_6539_11"
      }
    },
    {
      "type": "Feature",
      "geometry": {
        "type": "Polygon",
        "coordinates": [
          [
            [
              6.895508777158356,
              45.883613564048105
            ],
            [
              6.896144721631593,
              45.892607530766185
            ],
            [
              6.909024829956309,
              45.89216265892656
            ],
            [
              6.908386790000923,
              45.883168764822265
            ],
            [
              6.895508777158356,
              45.883613564048105
            ]
          ]
        ]
      },
      "properties": {
        "id": "1002000_6540000",
        "x": 1002000,
        "y": 6540000,
        "url": "https://amplify-d17uxdu2napxpc-ma-amplifyalphdmeshesbucket-4rknaslwb6z4.s3.eu-west-3.amazonaws.com/meshes/1002_6540_11.drc",
        "format": "drc",
        "name": "1002_6540_11"
      }
    },
    {
      "type": "Feature",
      "geometry": {
        "type": "Polygon",
        "coordinates": [
          [
            [
              6.896144721631593,
              45.892607530766185
            ],
            [
              6.896780873606858,
              45.90160149499566
            ],
            [
              6.909663078094097,
              45.90115655052938
            ],
            [
              6.909024829956309,
              45.89216265892656
            ],
            [
              6.896144721631593,
              45.892607530766185
            ]
          ]
        ]
      },
      "properties": {
        "id": "1002000_6541000",
        "x": 1002000,
        "y": 6541000,
        "url": "https://amplify-d17uxdu2napxpc-ma-amplifyalphdmeshesbucket-4rknaslwb6z4.s3.eu-west-3.amazonaws.com/meshes/1002_6541_11.drc",
        "format": "drc",
        "name": "1002_6541_11"
      }
    },
    {
      "type": "Feature",
      "geometry": {
        "type": "Polygon",
        "coordinates": [
          [
            [
              6.896780873606858,
              45.90160149499566
            ],
            [
              6.897417233185645,
              45.91059545651645
            ],
            [
              6.910301534516111,
              45.910150439410664
            ],
            [
              6.909663078094097,
              45.90115655052938
            ],
            [
              6.896780873606858,
              45.90160149499566
            ]
          ]
        ]
      },
      "properties": {
        "id": "1002000_6542000",
        "x": 1002000,
        "y": 6542000,
        "url": "https://amplify-d17uxdu2napxpc-ma-amplifyalphdmeshesbucket-4rknaslwb6z4.s3.eu-west-3.amazonaws.com/meshes/1002_6542_11.drc",
        "format": "drc",
        "name": "1002_6542_11"
      }
    },
    {
      "type": "Feature",
      "geometry": {
        "type": "Polygon",
        "coordinates": [
          [
            [
              6.90519970940086,
              45.83819926447793
            ],
            [
              6.905836709969262,
              45.84719316779006
            ],
            [
              6.918706140006097,
              45.846747193043626
            ],
            [
              6.91806704745389,
              45.83775336251962
            ],
            [
              6.90519970940086,
              45.83819926447793
            ]
          ]
        ]
      },
      "properties": {
        "id": "1003000_6535000",
        "x": 1003000,
        "y": 6535000,
        "url": "https://amplify-d17uxdu2napxpc-ma-amplifyalphdmeshesbucket-4rknaslwb6z4.s3.eu-west-3.amazonaws.com/meshes/1003_6535_11.drc",
        "format": "drc",
        "name": "1003_6535_11"
      }
    },
    {
      "type": "Feature",
      "geometry": {
        "type": "Polygon",
        "coordinates": [
          [
            [
              6.905836709969262,
              45.84719316779006
            ],
            [
              6.906473918211944,
              45.85618706970047
            ],
            [
              6.919345440911241,
              45.855741022153005
            ],
            [
              6.918706140006097,
              45.846747193043626
            ],
            [
              6.905836709969262,
              45.84719316779006
            ]
          ]
        ]
      },
      "properties": {
        "id": "1003000_6536000",
        "x": 1003000,
        "y": 6536000,
        "url": "https://amplify-d17uxdu2napxpc-ma-amplifyalphdmeshesbucket-4rknaslwb6z4.s3.eu-west-3.amazonaws.com/meshes/1003_6536_11.drc",
        "format": "drc",
        "name": "1003_6536_11"
      }
    },
    {
      "type": "Feature",
      "geometry": {
        "type": "Polygon",
        "coordinates": [
          [
            [
              6.906473918211944,
              45.85618706970047
            ],
            [
              6.907111334230398,
              45.86518096998924
            ],
            [
              6.919984950271146,
              45.86473484962787
            ],
            [
              6.919345440911241,
              45.855741022153005
            ],
            [
              6.906473918211944,
              45.85618706970047
            ]
          ]
        ]
      },
      "properties": {
        "id": "1003000_6537000",
        "x": 1003000,
        "y": 6537000,
        "url": "https://amplify-d17uxdu2napxpc-ma-amplifyalphdmeshesbucket-4rknaslwb6z4.s3.eu-west-3.amazonaws.com/meshes/1003_6537_01.drc",
        "format": "drc",
        "name": "1003_6537_01"
      }
    },
    {
      "type": "Feature",
      "geometry": {
        "type": "Polygon",
        "coordinates": [
          [
            [
              6.906473918211944,
              45.85618706970047
            ],
            [
              6.907111334230398,
              45.86518096998924
            ],
            [
              6.919984950271146,
              45.86473484962787
            ],
            [
              6.919345440911241,
              45.855741022153005
            ],
            [
              6.906473918211944,
              45.85618706970047
            ]
          ]
        ]
      },
      "properties": {
        "id": "1003000_6537000",
        "x": 1003000,
        "y": 6537000,
        "url": "https://amplify-d17uxdu2napxpc-ma-amplifyalphdmeshesbucket-4rknaslwb6z4.s3.eu-west-3.amazonaws.com/meshes/1003_6537_09.drc",
        "format": "drc",
        "name": "1003_6537_09"
      }
    },
    {
      "type": "Feature",
      "geometry": {
        "type": "Polygon",
        "coordinates": [
          [
            [
              6.906473918211944,
              45.85618706970047
            ],
            [
              6.907111334230398,
              45.86518096998924
            ],
            [
              6.919984950271146,
              45.86473484962787
            ],
            [
              6.919345440911241,
              45.855741022153005
            ],
            [
              6.906473918211944,
              45.85618706970047
            ]
          ]
        ]
      },
      "properties": {
        "id": "1003000_6537000",
        "x": 1003000,
        "y": 6537000,
        "url": "https://amplify-d17uxdu2napxpc-ma-amplifyalphdmeshesbucket-4rknaslwb6z4.s3.eu-west-3.amazonaws.com/meshes/1003_6537_11.drc",
        "format": "drc",
        "name": "1003_6537_11"
      }
    },
    {
      "type": "Feature",
      "geometry": {
        "type": "Polygon",
        "coordinates": [
          [
            [
              6.907111334230398,
              45.86518096998924
            ],
            [
              6.907748958126183,
              45.87417486843649
            ],
            [
              6.920624668187699,
              45.873728675248316
            ],
            [
              6.919984950271146,
              45.86473484962787
            ],
            [
              6.907111334230398,
              45.86518096998924
            ]
          ]
        ]
      },
      "properties": {
        "id": "1003000_6538000",
        "x": 1003000,
        "y": 6538000,
        "url": "https://amplify-d17uxdu2napxpc-ma-amplifyalphdmeshesbucket-4rknaslwb6z4.s3.eu-west-3.amazonaws.com/meshes/1003_6538_01.drc",
        "format": "drc",
        "name": "1003_6538_01"
      }
    },
    {
      "type": "Feature",
      "geometry": {
        "type": "Polygon",
        "coordinates": [
          [
            [
              6.907111334230398,
              45.86518096998924
            ],
            [
              6.907748958126183,
              45.87417486843649
            ],
            [
              6.920624668187699,
              45.873728675248316
            ],
            [
              6.919984950271146,
              45.86473484962787
            ],
            [
              6.907111334230398,
              45.86518096998924
            ]
          ]
        ]
      },
      "properties": {
        "id": "1003000_6538000",
        "x": 1003000,
        "y": 6538000,
        "url": "https://amplify-d17uxdu2napxpc-ma-amplifyalphdmeshesbucket-4rknaslwb6z4.s3.eu-west-3.amazonaws.com/meshes/1003_6538_09.drc",
        "format": "drc",
        "name": "1003_6538_09"
      }
    },
    {
      "type": "Feature",
      "geometry": {
        "type": "Polygon",
        "coordinates": [
          [
            [
              6.907111334230398,
              45.86518096998924
            ],
            [
              6.907748958126183,
              45.87417486843649
            ],
            [
              6.920624668187699,
              45.873728675248316
            ],
            [
              6.919984950271146,
              45.86473484962787
            ],
            [
              6.907111334230398,
              45.86518096998924
            ]
          ]
        ]
      },
      "properties": {
        "id": "1003000_6538000",
        "x": 1003000,
        "y": 6538000,
        "url": "https://amplify-d17uxdu2napxpc-ma-amplifyalphdmeshesbucket-4rknaslwb6z4.s3.eu-west-3.amazonaws.com/meshes/1003_6538_11.drc",
        "format": "drc",
        "name": "1003_6538_11"
      }
    },
    {
      "type": "Feature",
      "geometry": {
        "type": "Polygon",
        "coordinates": [
          [
            [
              6.907748958126183,
              45.87417486843649
            ],
            [
              6.908386790000923,
              45.883168764822265
            ],
            [
              6.921264594762854,
              45.88272249879439
            ],
            [
              6.920624668187699,
              45.873728675248316
            ],
            [
              6.907748958126183,
              45.87417486843649
            ]
          ]
        ]
      },
      "properties": {
        "id": "1003000_6539000",
        "x": 1003000,
        "y": 6539000,
        "url": "https://amplify-d17uxdu2napxpc-ma-amplifyalphdmeshesbucket-4rknaslwb6z4.s3.eu-west-3.amazonaws.com/meshes/1003_6539_11.drc",
        "format": "drc",
        "name": "1003_6539_11"
      }
    },
    {
      "type": "Feature",
      "geometry": {
        "type": "Polygon",
        "coordinates": [
          [
            [
              6.908386790000923,
              45.883168764822265
            ],
            [
              6.909024829956309,
              45.89216265892656
            ],
            [
              6.921904730098633,
              45.89171632004608
            ],
            [
              6.921264594762854,
              45.88272249879439
            ],
            [
              6.908386790000923,
              45.883168764822265
            ]
          ]
        ]
      },
      "properties": {
        "id": "1003000_6540000",
        "x": 1003000,
        "y": 6540000,
        "url": "https://amplify-d17uxdu2napxpc-ma-amplifyalphdmeshesbucket-4rknaslwb6z4.s3.eu-west-3.amazonaws.com/meshes/1003_6540_11.drc",
        "format": "drc",
        "name": "1003_6540_11"
      }
    },
    {
      "type": "Feature",
      "geometry": {
        "type": "Polygon",
        "coordinates": [
          [
            [
              6.909024829956309,
              45.89216265892656
            ],
            [
              6.909663078094097,
              45.90115655052938
            ],
            [
              6.922545074297122,
              45.90071013878339
            ],
            [
              6.921904730098633,
              45.89171632004608
            ],
            [
              6.909024829956309,
              45.89216265892656
            ]
          ]
        ]
      },
      "properties": {
        "id": "1003000_6541000",
        "x": 1003000,
        "y": 6541000,
        "url": "https://amplify-d17uxdu2napxpc-ma-amplifyalphdmeshesbucket-4rknaslwb6z4.s3.eu-west-3.amazonaws.com/meshes/1003_6541_11.drc",
        "format": "drc",
        "name": "1003_6541_11"
      }
    },
    {
      "type": "Feature",
      "geometry": {
        "type": "Polygon",
        "coordinates": [
          [
            [
              6.909663078094097,
              45.90115655052938
            ],
            [
              6.910301534516111,
              45.910150439410664
            ],
            [
              6.923185627460474,
              45.90970395478624
            ],
            [
              6.922545074297122,
              45.90071013878339
            ],
            [
              6.909663078094097,
              45.90115655052938
            ]
          ]
        ]
      },
      "properties": {
        "id": "1003000_6542000",
        "x": 1003000,
        "y": 6542000,
        "url": "https://amplify-d17uxdu2napxpc-ma-amplifyalphdmeshesbucket-4rknaslwb6z4.s3.eu-west-3.amazonaws.com/meshes/1003_6542_11.drc",
        "format": "drc",
        "name": "1003_6542_11"
      }
    },
    {
      "type": "Feature",
      "geometry": {
        "type": "Polygon",
        "coordinates": [
          [
            [
              6.910301534516111,
              45.910150439410664
            ],
            [
              6.910940199324241,
              45.91914432535031
            ],
            [
              6.923826389690911,
              45.918697767834566
            ],
            [
              6.923185627460474,
              45.90970395478624
            ],
            [
              6.910301534516111,
              45.910150439410664
            ]
          ]
        ]
      },
      "properties": {
        "id": "1003000_6543000",
        "x": 1003000,
        "y": 6543000,
        "url": "https://amplify-d17uxdu2napxpc-ma-amplifyalphdmeshesbucket-4rknaslwb6z4.s3.eu-west-3.amazonaws.com/meshes/1003_6543_11.drc",
        "format": "drc",
        "name": "1003_6543_11"
      }
    },
    {
      "type": "Feature",
      "geometry": {
        "type": "Polygon",
        "coordinates": [
          [
            [
              6.91806704745389,
              45.83775336251962
            ],
            [
              6.918706140006097,
              45.846747193043626
            ],
            [
              6.931575361690004,
              45.846299752485606
            ],
            [
              6.9309341772557485,
              45.837305994988334
            ],
            [
              6.91806704745389,
              45.83775336251962
            ]
          ]
        ]
      },
      "properties": {
        "id": "1004000_6535000",
        "x": 1004000,
        "y": 6535000,
        "url": "https://amplify-d17uxdu2napxpc-ma-amplifyalphdmeshesbucket-4rknaslwb6z4.s3.eu-west-3.amazonaws.com/meshes/1004_6535_11.drc",
        "format": "drc",
        "name": "1004_6535_11"
      }
    },
    {
      "type": "Feature",
      "geometry": {
        "type": "Polygon",
        "coordinates": [
          [
            [
              6.918706140006097,
              45.846747193043626
            ],
            [
              6.919345440911241,
              45.855741022153005
            ],
            [
              6.93221675515579,
              45.85529350855532
            ],
            [
              6.931575361690004,
              45.846299752485606
            ],
            [
              6.918706140006097,
              45.846747193043626
            ]
          ]
        ]
      },
      "properties": {
        "id": "1004000_6536000",
        "x": 1004000,
        "y": 6536000,
        "url": "https://amplify-d17uxdu2napxpc-ma-amplifyalphdmeshesbucket-4rknaslwb6z4.s3.eu-west-3.amazonaws.com/meshes/1004_6536_11.drc",
        "format": "drc",
        "name": "1004_6536_11"
      }
    },
    {
      "type": "Feature",
      "geometry": {
        "type": "Polygon",
        "coordinates": [
          [
            [
              6.919345440911241,
              45.855741022153005
            ],
            [
              6.919984950271146,
              45.86473484962787
            ],
            [
              6.932858357755257,
              45.86428726297761
            ],
            [
              6.93221675515579,
              45.85529350855532
            ],
            [
              6.919345440911241,
              45.855741022153005
            ]
          ]
        ]
      },
      "properties": {
        "id": "1004000_6537000",
        "x": 1004000,
        "y": 6537000,
        "url": "https://amplify-d17uxdu2napxpc-ma-amplifyalphdmeshesbucket-4rknaslwb6z4.s3.eu-west-3.amazonaws.com/meshes/1004_6537_11.drc",
        "format": "drc",
        "name": "1004_6537_11"
      }
    },
    {
      "type": "Feature",
      "geometry": {
        "type": "Polygon",
        "coordinates": [
          [
            [
              6.919984950271146,
              45.86473484962787
            ],
            [
              6.920624668187699,
              45.873728675248316
            ],
            [
              6.933500169590624,
              45.87328101553253
            ],
            [
              6.932858357755257,
              45.86428726297761
            ],
            [
              6.919984950271146,
              45.86473484962787
            ]
          ]
        ]
      },
      "properties": {
        "id": "1004000_6538000",
        "x": 1004000,
        "y": 6538000,
        "url": "https://amplify-d17uxdu2napxpc-ma-amplifyalphdmeshesbucket-4rknaslwb6z4.s3.eu-west-3.amazonaws.com/meshes/1004_6538_11.drc",
        "format": "drc",
        "name": "1004_6538_11"
      }
    },
    {
      "type": "Feature",
      "geometry": {
        "type": "Polygon",
        "coordinates": [
          [
            [
              6.920624668187699,
              45.873728675248316
            ],
            [
              6.921264594762854,
              45.88272249879439
            ],
            [
              6.934142190764174,
              45.88227476600013
            ],
            [
              6.933500169590624,
              45.87328101553253
            ],
            [
              6.920624668187699,
              45.873728675248316
            ]
          ]
        ]
      },
      "properties": {
        "id": "1004000_6539000",
        "x": 1004000,
        "y": 6539000,
        "url": "https://amplify-d17uxdu2napxpc-ma-amplifyalphdmeshesbucket-4rknaslwb6z4.s3.eu-west-3.amazonaws.com/meshes/1004_6539_11.drc",
        "format": "drc",
        "name": "1004_6539_11"
      }
    },
    {
      "type": "Feature",
      "geometry": {
        "type": "Polygon",
        "coordinates": [
          [
            [
              6.921264594762854,
              45.88272249879439
            ],
            [
              6.921904730098633,
              45.89171632004608
            ],
            [
              6.934784421378257,
              45.89126851416042
            ],
            [
              6.934142190764174,
              45.88227476600013
            ],
            [
              6.921264594762854,
              45.88272249879439
            ]
          ]
        ]
      },
      "properties": {
        "id": "1004000_6540000",
        "x": 1004000,
        "y": 6540000,
        "url": "https://amplify-d17uxdu2napxpc-ma-amplifyalphdmeshesbucket-4rknaslwb6z4.s3.eu-west-3.amazonaws.com/meshes/1004_6540_11.drc",
        "format": "drc",
        "name": "1004_6540_11"
      }
    },
    {
      "type": "Feature",
      "geometry": {
        "type": "Polygon",
        "coordinates": [
          [
            [
              6.921904730098633,
              45.89171632004608
            ],
            [
              6.922545074297122,
              45.90071013878339
            ],
            [
              6.9354268615352925,
              45.90026225979338
            ],
            [
              6.934784421378257,
              45.89126851416042
            ],
            [
              6.921904730098633,
              45.89171632004608
            ]
          ]
        ]
      },
      "properties": {
        "id": "1004000_6541000",
        "x": 1004000,
        "y": 6541000,
        "url": "https://amplify-d17uxdu2napxpc-ma-amplifyalphdmeshesbucket-4rknaslwb6z4.s3.eu-west-3.amazonaws.com/meshes/1004_6541_11.drc",
        "format": "drc",
        "name": "1004_6541_11"
      }
    },
    {
      "type": "Feature",
      "geometry": {
        "type": "Polygon",
        "coordinates": [
          [
            [
              6.922545074297122,
              45.90071013878339
            ],
            [
              6.923185627460474,
              45.90970395478624
            ],
            [
              6.936069511337764,
              45.909256002678916
            ],
            [
              6.9354268615352925,
              45.90026225979338
            ],
            [
              6.922545074297122,
              45.90071013878339
            ]
          ]
        ]
      },
      "properties": {
        "id": "1004000_6542000",
        "x": 1004000,
        "y": 6542000,
        "url": "https://amplify-d17uxdu2napxpc-ma-amplifyalphdmeshesbucket-4rknaslwb6z4.s3.eu-west-3.amazonaws.com/meshes/1004_6542_11.drc",
        "format": "drc",
        "name": "1004_6542_11"
      }
    },
    {
      "type": "Feature",
      "geometry": {
        "type": "Polygon",
        "coordinates": [
          [
            [
              6.923185627460474,
              45.90970395478624
            ],
            [
              6.923826389690911,
              45.918697767834566
            ],
            [
              6.936712370888221,
              45.91824974259698
            ],
            [
              6.936069511337764,
              45.909256002678916
            ],
            [
              6.923185627460474,
              45.90970395478624
            ]
          ]
        ]
      },
      "properties": {
        "id": "1004000_6543000",
        "x": 1004000,
        "y": 6543000,
        "url": "https://amplify-d17uxdu2napxpc-ma-amplifyalphdmeshesbucket-4rknaslwb6z4.s3.eu-west-3.amazonaws.com/meshes/1004_6543_11.drc",
        "format": "drc",
        "name": "1004_6543_11"
      }
    },
    {
      "type": "Feature",
      "geometry": {
        "type": "Polygon",
        "coordinates": [
          [
            [
              6.9309341772557485,
              45.837305994988334
            ],
            [
              6.931575361690004,
              45.846299752485606
            ],
            [
              6.944444374342392,
              45.845850846151755
            ],
            [
              6.943801098128171,
              45.836857161919795
            ],
            [
              6.9309341772557485,
              45.837305994988334
            ]
          ]
        ]
      },
      "properties": {
        "id": "1005000_6535000",
        "x": 1005000,
        "y": 6535000,
        "url": "https://amplify-d17uxdu2napxpc-ma-amplifyalphdmeshesbucket-4rknaslwb6z4.s3.eu-west-3.amazonaws.com/meshes/1005_6535_11.drc",
        "format": "drc",
        "name": "1005_6535_11"
      }
    },
    {
      "type": "Feature",
      "geometry": {
        "type": "Polygon",
        "coordinates": [
          [
            [
              6.931575361690004,
              45.846299752485606
            ],
            [
              6.93221675515579,
              45.85529350855532
            ],
            [
              6.945087860266668,
              45.85484452894319
            ],
            [
              6.944444374342392,
              45.845850846151755
            ],
            [
              6.931575361690004,
              45.846299752485606
            ]
          ]
        ]
      },
      "properties": {
        "id": "1005000_6536000",
        "x": 1005000,
        "y": 6536000,
        "url": "https://amplify-d17uxdu2napxpc-ma-amplifyalphdmeshesbucket-4rknaslwb6z4.s3.eu-west-3.amazonaws.com/meshes/1005_6536_11.drc",
        "format": "drc",
        "name": "1005_6536_11"
      }
    },
    {
      "type": "Feature",
      "geometry": {
        "type": "Polygon",
        "coordinates": [
          [
            [
              6.93221675515579,
              45.85529350855532
            ],
            [
              6.932858357755257,
              45.86428726297761
            ],
            [
              6.94573155600348,
              45.86383821007422
            ],
            [
              6.945087860266668,
              45.85484452894319
            ],
            [
              6.93221675515579,
              45.85529350855532
            ]
          ]
        ]
      },
      "properties": {
        "id": "1005000_6537000",
        "x": 1005000,
        "y": 6537000,
        "url": "https://amplify-d17uxdu2napxpc-ma-amplifyalphdmeshesbucket-4rknaslwb6z4.s3.eu-west-3.amazonaws.com/meshes/1005_6537_11.drc",
        "format": "drc",
        "name": "1005_6537_11"
      }
    },
    {
      "type": "Feature",
      "geometry": {
        "type": "Polygon",
        "coordinates": [
          [
            [
              6.932858357755257,
              45.86428726297761
            ],
            [
              6.933500169590624,
              45.87328101553253
            ],
            [
              6.946375461655377,
              45.87283188932491
            ],
            [
              6.94573155600348,
              45.86383821007422
            ],
            [
              6.932858357755257,
              45.86428726297761
            ]
          ]
        ]
      },
      "properties": {
        "id": "1005000_6538000",
        "x": 1005000,
        "y": 6538000,
        "url": "https://amplify-d17uxdu2napxpc-ma-amplifyalphdmeshesbucket-4rknaslwb6z4.s3.eu-west-3.amazonaws.com/meshes/1005_6538_11.drc",
        "format": "drc",
        "name": "1005_6538_11"
      }
    },
    {
      "type": "Feature",
      "geometry": {
        "type": "Polygon",
        "coordinates": [
          [
            [
              6.933500169590624,
              45.87328101553253
            ],
            [
              6.934142190764174,
              45.88227476600013
            ],
            [
              6.947019577324969,
              45.8818255664753
            ],
            [
              6.946375461655377,
              45.87283188932491
            ],
            [
              6.933500169590624,
              45.87328101553253
            ]
          ]
        ]
      },
      "properties": {
        "id": "1005000_6539000",
        "x": 1005000,
        "y": 6539000,
        "url": "https://amplify-d17uxdu2napxpc-ma-amplifyalphdmeshesbucket-4rknaslwb6z4.s3.eu-west-3.amazonaws.com/meshes/1005_6539_11.drc",
        "format": "drc",
        "name": "1005_6539_11"
      }
    },
    {
      "type": "Feature",
      "geometry": {
        "type": "Polygon",
        "coordinates": [
          [
            [
              6.934142190764174,
              45.88227476600013
            ],
            [
              6.934784421378257,
              45.89126851416042
            ],
            [
              6.947663903114942,
              45.890819241305394
            ],
            [
              6.947019577324969,
              45.8818255664753
            ],
            [
              6.934142190764174,
              45.88227476600013
            ]
          ]
        ]
      },
      "properties": {
        "id": "1005000_6540000",
        "x": 1005000,
        "y": 6540000,
        "url": "https://amplify-d17uxdu2napxpc-ma-amplifyalphdmeshesbucket-4rknaslwb6z4.s3.eu-west-3.amazonaws.com/meshes/1005_6540_11.drc",
        "format": "drc",
        "name": "1005_6540_11"
      }
    },
    {
      "type": "Feature",
      "geometry": {
        "type": "Polygon",
        "coordinates": [
          [
            [
              6.934784421378257,
              45.89126851416042
            ],
            [
              6.9354268615352925,
              45.90026225979338
            ],
            [
              6.948308439128039,
              45.89981291359516
            ],
            [
              6.947663903114942,
              45.890819241305394
            ],
            [
              6.934784421378257,
              45.89126851416042
            ]
          ]
        ]
      },
      "properties": {
        "id": "1005000_6541000",
        "x": 1005000,
        "y": 6541000,
        "url": "https://amplify-d17uxdu2napxpc-ma-amplifyalphdmeshesbucket-4rknaslwb6z4.s3.eu-west-3.amazonaws.com/meshes/1005_6541_11.drc",
        "format": "drc",
        "name": "1005_6541_11"
      }
    },
    {
      "type": "Feature",
      "geometry": {
        "type": "Polygon",
        "coordinates": [
          [
            [
              6.9354268615352925,
              45.90026225979338
            ],
            [
              6.936069511337764,
              45.909256002678916
            ],
            [
              6.948953185467077,
              45.908806583124516
            ],
            [
              6.948308439128039,
              45.89981291359516
            ],
            [
              6.9354268615352925,
              45.90026225979338
            ]
          ]
        ]
      },
      "properties": {
        "id": "1005000_6542000",
        "x": 1005000,
        "y": 6542000,
        "url": "https://amplify-d17uxdu2napxpc-ma-amplifyalphdmeshesbucket-4rknaslwb6z4.s3.eu-west-3.amazonaws.com/meshes/1005_6542_11.drc",
        "format": "drc",
        "name": "1005_6542_11"
      }
    },
    {
      "type": "Feature",
      "geometry": {
        "type": "Polygon",
        "coordinates": [
          [
            [
              6.936069511337764,
              45.909256002678916
            ],
            [
              6.936712370888221,
              45.91824974259698
            ],
            [
              6.949598142234937,
              45.91780024967338
            ],
            [
              6.948953185467077,
              45.908806583124516
            ],
            [
              6.936069511337764,
              45.909256002678916
            ]
          ]
        ]
      },
      "properties": {
        "id": "1005000_6543000",
        "x": 1005000,
        "y": 6543000,
        "url": "https://amplify-d17uxdu2napxpc-ma-amplifyalphdmeshesbucket-4rknaslwb6z4.s3.eu-west-3.amazonaws.com/meshes/1005_6543_11.drc",
        "format": "drc",
        "name": "1005_6543_11"
      }
    },
    {
      "type": "Feature",
      "geometry": {
        "type": "Polygon",
        "coordinates": [
          [
            [
              6.945087860266668,
              45.85484452894319
            ],
            [
              6.94573155600348,
              45.86383821007422
            ],
            [
              6.958604544336631,
              45.86338769095358
            ],
            [
              6.957958755565021,
              45.85439408335246
            ],
            [
              6.945087860266668,
              45.85484452894319
            ]
          ]
        ]
      },
      "properties": {
        "id": "1006000_6537000",
        "x": 1006000,
        "y": 6537000,
        "url": "https://amplify-d17uxdu2napxpc-ma-amplifyalphdmeshesbucket-4rknaslwb6z4.s3.eu-west-3.amazonaws.com/meshes/1006_6537_11.drc",
        "format": "drc",
        "name": "1006_6537_11"
      }
    },
    {
      "type": "Feature",
      "geometry": {
        "type": "Polygon",
        "coordinates": [
          [
            [
              6.94573155600348,
              45.86383821007422
            ],
            [
              6.946375461655377,
              45.87283188932491
            ],
            [
              6.959250543702443,
              45.872381296661345
            ],
            [
              6.958604544336631,
              45.86338769095358
            ],
            [
              6.94573155600348,
              45.86383821007422
            ]
          ]
        ]
      },
      "properties": {
        "id": "1006000_6538000",
        "x": 1006000,
        "y": 6538000,
        "url": "https://amplify-d17uxdu2napxpc-ma-amplifyalphdmeshesbucket-4rknaslwb6z4.s3.eu-west-3.amazonaws.com/meshes/1006_6538_11.drc",
        "format": "drc",
        "name": "1006_6538_11"
      }
    },
    {
      "type": "Feature",
      "geometry": {
        "type": "Polygon",
        "coordinates": [
          [
            [
              6.946375461655377,
              45.87283188932491
            ],
            [
              6.947019577324969,
              45.8818255664753
            ],
            [
              6.959896753765399,
              45.881374900255786
            ],
            [
              6.959250543702443,
              45.872381296661345
            ],
            [
              6.946375461655377,
              45.87283188932491
            ]
          ]
        ]
      },
      "properties": {
        "id": "1006000_6539000",
        "x": 1006000,
        "y": 6539000,
        "url": "https://amplify-d17uxdu2napxpc-ma-amplifyalphdmeshesbucket-4rknaslwb6z4.s3.eu-west-3.amazonaws.com/meshes/1006_6539_11.drc",
        "format": "drc",
        "name": "1006_6539_11"
      }
    },
    {
      "type": "Feature",
      "geometry": {
        "type": "Polygon",
        "coordinates": [
          [
            [
              6.947019577324969,
              45.8818255664753
            ],
            [
              6.947663903114942,
              45.890819241305394
            ],
            [
              6.960543174628511,
              45.89036850151691
            ],
            [
              6.959896753765399,
              45.881374900255786
            ],
            [
              6.947019577324969,
              45.8818255664753
            ]
          ]
        ]
      },
      "properties": {
        "id": "1006000_6540000",
        "x": 1006000,
        "y": 6540000,
        "url": "https://amplify-d17uxdu2napxpc-ma-amplifyalphdmeshesbucket-4rknaslwb6z4.s3.eu-west-3.amazonaws.com/meshes/1006_6540_11.drc",
        "format": "drc",
        "name": "1006_6540_11"
      }
    },
    {
      "type": "Feature",
      "geometry": {
        "type": "Polygon",
        "coordinates": [
          [
            [
              6.947663903114942,
              45.890819241305394
            ],
            [
              6.948308439128039,
              45.89981291359516
            ],
            [
              6.961189806394857,
              45.89936210022465
            ],
            [
              6.960543174628511,
              45.89036850151691
            ],
            [
              6.947663903114942,
              45.890819241305394
            ]
          ]
        ]
      },
      "properties": {
        "id": "1006000_6541000",
        "x": 1006000,
        "y": 6541000,
        "url": "https://amplify-d17uxdu2napxpc-ma-amplifyalphdmeshesbucket-4rknaslwb6z4.s3.eu-west-3.amazonaws.com/meshes/1006_6541_11.drc",
        "format": "drc",
        "name": "1006_6541_11"
      }
    },
    {
      "type": "Feature",
      "geometry": {
        "type": "Polygon",
        "coordinates": [
          [
            [
              6.948308439128039,
              45.89981291359516
            ],
            [
              6.948953185467077,
              45.908806583124516
            ],
            [
              6.96183664916758,
              45.90835569615895
            ],
            [
              6.961189806394857,
              45.89936210022465
            ],
            [
              6.948308439128039,
              45.89981291359516
            ]
          ]
        ]
      },
      "properties": {
        "id": "1006000_6542000",
        "x": 1006000,
        "y": 6542000,
        "url": "https://amplify-d17uxdu2napxpc-ma-amplifyalphdmeshesbucket-4rknaslwb6z4.s3.eu-west-3.amazonaws.com/meshes/1006_6542_01.drc",
        "format": "drc",
        "name": "1006_6542_01"
      }
    },
    {
      "type": "Feature",
      "geometry": {
        "type": "Polygon",
        "coordinates": [
          [
            [
              6.948308439128039,
              45.89981291359516
            ],
            [
              6.948953185467077,
              45.908806583124516
            ],
            [
              6.96183664916758,
              45.90835569615895
            ],
            [
              6.961189806394857,
              45.89936210022465
            ],
            [
              6.948308439128039,
              45.89981291359516
            ]
          ]
        ]
      },
      "properties": {
        "id": "1006000_6542000",
        "x": 1006000,
        "y": 6542000,
        "url": "https://amplify-d17uxdu2napxpc-ma-amplifyalphdmeshesbucket-4rknaslwb6z4.s3.eu-west-3.amazonaws.com/meshes/1006_6542_09.drc",
        "format": "drc",
        "name": "1006_6542_09"
      }
    },
    {
      "type": "Feature",
      "geometry": {
        "type": "Polygon",
        "coordinates": [
          [
            [
              6.948308439128039,
              45.89981291359516
            ],
            [
              6.948953185467077,
              45.908806583124516
            ],
            [
              6.96183664916758,
              45.90835569615895
            ],
            [
              6.961189806394857,
              45.89936210022465
            ],
            [
              6.948308439128039,
              45.89981291359516
            ]
          ]
        ]
      },
      "properties": {
        "id": "1006000_6542000",
        "x": 1006000,
        "y": 6542000,
        "url": "https://amplify-d17uxdu2napxpc-ma-amplifyalphdmeshesbucket-4rknaslwb6z4.s3.eu-west-3.amazonaws.com/meshes/1006_6542_11.drc",
        "format": "drc",
        "name": "1006_6542_11"
      }
    },
    {
      "type": "Feature",
      "geometry": {
        "type": "Polygon",
        "coordinates": [
          [
            [
              6.948953185467077,
              45.908806583124516
            ],
            [
              6.949598142234937,
              45.91780024967338
            ],
            [
              6.962483703049895,
              45.91734928909973
            ],
            [
              6.96183664916758,
              45.90835569615895
            ],
            [
              6.948953185467077,
              45.908806583124516
            ]
          ]
        ]
      },
      "properties": {
        "id": "1006000_6543000",
        "x": 1006000,
        "y": 6543000,
        "url": "https://amplify-d17uxdu2napxpc-ma-amplifyalphdmeshesbucket-4rknaslwb6z4.s3.eu-west-3.amazonaws.com/meshes/1006_6543_11.drc",
        "format": "drc",
        "name": "1006_6543_11"
      }
    },
    {
      "type": "Feature",
      "geometry": {
        "type": "Polygon",
        "coordinates": [
          [
            [
              6.949598142234937,
              45.91780024967338
            ],
            [
              6.950243309534568,
              45.92679391302161
            ],
            [
              6.963130968145078,
              45.926342878826816
            ],
            [
              6.962483703049895,
              45.91734928909973
            ],
            [
              6.949598142234937,
              45.91780024967338
            ]
          ]
        ]
      },
      "properties": {
        "id": "1006000_6544000",
        "x": 1006000,
        "y": 6544000,
        "url": "https://amplify-d17uxdu2napxpc-ma-amplifyalphdmeshesbucket-4rknaslwb6z4.s3.eu-west-3.amazonaws.com/meshes/1006_6544_11.drc",
        "format": "drc",
        "name": "1006_6544_11"
      }
    },
    {
      "type": "Feature",
      "geometry": {
        "type": "Polygon",
        "coordinates": [
          [
            [
              6.950243309534568,
              45.92679391302161
            ],
            [
              6.950888687468985,
              45.93578757294902
            ],
            [
              6.963778444556478,
              45.93533646512004
            ],
            [
              6.963130968145078,
              45.926342878826816
            ],
            [
              6.950243309534568,
              45.92679391302161
            ]
          ]
        ]
      },
      "properties": {
        "id": "1006000_6545000",
        "x": 1006000,
        "y": 6545000,
        "url": "https://amplify-d17uxdu2napxpc-ma-amplifyalphdmeshesbucket-4rknaslwb6z4.s3.eu-west-3.amazonaws.com/meshes/1006_6545_11.drc",
        "format": "drc",
        "name": "1006_6545_11"
      }
    },
    {
      "type": "Feature",
      "geometry": {
        "type": "Polygon",
        "coordinates": [
          [
            [
              6.950888687468985,
              45.93578757294902
            ],
            [
              6.951534276141271,
              45.944781229235424
            ],
            [
              6.964426132387509,
              45.9443300477592
            ],
            [
              6.963778444556478,
              45.93533646512004
            ],
            [
              6.950888687468985,
              45.93578757294902
            ]
          ]
        ]
      },
      "properties": {
        "id": "1006000_6546000",
        "x": 1006000,
        "y": 6546000,
        "url": "https://amplify-d17uxdu2napxpc-ma-amplifyalphdmeshesbucket-4rknaslwb6z4.s3.eu-west-3.amazonaws.com/meshes/1006_6546_11.drc",
        "format": "drc",
        "name": "1006_6546_11"
      }
    },
    {
      "type": "Feature",
      "geometry": {
        "type": "Polygon",
        "coordinates": [
          [
            [
              6.951534276141271,
              45.944781229235424
            ],
            [
              6.952180075654577,
              45.95377488166059
            ],
            [
              6.965074031741653,
              45.95332362652406
            ],
            [
              6.964426132387509,
              45.9443300477592
            ],
            [
              6.951534276141271,
              45.944781229235424
            ]
          ]
        ]
      },
      "properties": {
        "id": "1006000_6547000",
        "x": 1006000,
        "y": 6547000,
        "url": "https://amplify-d17uxdu2napxpc-ma-amplifyalphdmeshesbucket-4rknaslwb6z4.s3.eu-west-3.amazonaws.com/meshes/1006_6547_11.drc",
        "format": "drc",
        "name": "1006_6547_11"
      }
    },
    {
      "type": "Feature",
      "geometry": {
        "type": "Polygon",
        "coordinates": [
          [
            [
              6.957958755565021,
              45.85439408335246
            ],
            [
              6.958604544336631,
              45.86338769095358
            ],
            [
              6.971477322075593,
              45.86293570565168
            ],
            [
              6.97082944037206,
              45.85394217181911
            ],
            [
              6.957958755565021,
              45.85439408335246
            ]
          ]
        ]
      },
      "properties": {
        "id": "1007000_6537000",
        "x": 1007000,
        "y": 6537000,
        "url": "https://amplify-d17uxdu2napxpc-ma-amplifyalphdmeshesbucket-4rknaslwb6z4.s3.eu-west-3.amazonaws.com/meshes/1007_6537_11.drc",
        "format": "drc",
        "name": "1007_6537_11"
      }
    },
    {
      "type": "Feature",
      "geometry": {
        "type": "Polygon",
        "coordinates": [
          [
            [
              6.958604544336631,
              45.86338769095358
            ],
            [
              6.959250543702443,
              45.872381296661345
            ],
            [
              6.972125415052376,
              45.87192923757783
            ],
            [
              6.971477322075593,
              45.86293570565168
            ],
            [
              6.958604544336631,
              45.86338769095358
            ]
          ]
        ]
      },
      "properties": {
        "id": "1007000_6538000",
        "x": 1007000,
        "y": 6538000,
        "url": "https://amplify-d17uxdu2napxpc-ma-amplifyalphdmeshesbucket-4rknaslwb6z4.s3.eu-west-3.amazonaws.com/meshes/1007_6538_11.drc",
        "format": "drc",
        "name": "1007_6538_11"
      }
    },
    {
      "type": "Feature",
      "geometry": {
        "type": "Polygon",
        "coordinates": [
          [
            [
              6.959250543702443,
              45.872381296661345
            ],
            [
              6.959896753765399,
              45.881374900255786
            ],
            [
              6.9727737194056845,
              45.880922767377605
            ],
            [
              6.972125415052376,
              45.87192923757783
            ],
            [
              6.959250543702443,
              45.872381296661345
            ]
          ]
        ]
      },
      "properties": {
        "id": "1007000_6539000",
        "x": 1007000,
        "y": 6539000,
        "url": "https://amplify-d17uxdu2napxpc-ma-amplifyalphdmeshesbucket-4rknaslwb6z4.s3.eu-west-3.amazonaws.com/meshes/1007_6539_11.drc",
        "format": "drc",
        "name": "1007_6539_11"
      }
    },
    {
      "type": "Feature",
      "geometry": {
        "type": "Polygon",
        "coordinates": [
          [
            [
              6.959896753765399,
              45.881374900255786
            ],
            [
              6.960543174628511,
              45.89036850151691
            ],
            [
              6.97342223523886,
              45.88991629483097
            ],
            [
              6.9727737194056845,
              45.880922767377605
            ],
            [
              6.959896753765399,
              45.881374900255786
            ]
          ]
        ]
      },
      "properties": {
        "id": "1007000_6540000",
        "x": 1007000,
        "y": 6540000,
        "url": "https://amplify-d17uxdu2napxpc-ma-amplifyalphdmeshesbucket-4rknaslwb6z4.s3.eu-west-3.amazonaws.com/meshes/1007_6540_11.drc",
        "format": "drc",
        "name": "1007_6540_11"
      }
    },
    {
      "type": "Feature",
      "geometry": {
        "type": "Polygon",
        "coordinates": [
          [
            [
              6.960543174628511,
              45.89036850151691
            ],
            [
              6.961189806394857,
              45.89936210022465
            ],
            [
              6.974070962655307,
              45.89890981971789
            ],
            [
              6.97342223523886,
              45.88991629483097
            ],
            [
              6.960543174628511,
              45.89036850151691
            ]
          ]
        ]
      },
      "properties": {
        "id": "1007000_6541000",
        "x": 1007000,
        "y": 6541000,
        "url": "https://amplify-d17uxdu2napxpc-ma-amplifyalphdmeshesbucket-4rknaslwb6z4.s3.eu-west-3.amazonaws.com/meshes/1007_6541_11.drc",
        "format": "drc",
        "name": "1007_6541_11"
      }
    },
    {
      "type": "Feature",
      "geometry": {
        "type": "Polygon",
        "coordinates": [
          [
            [
              6.961189806394857,
              45.89936210022465
            ],
            [
              6.96183664916758,
              45.90835569615895
            ],
            [
              6.974719901758505,
              45.907903341818304
            ],
            [
              6.974070962655307,
              45.89890981971789
            ],
            [
              6.961189806394857,
              45.89936210022465
            ]
          ]
        ]
      },
      "properties": {
        "id": "1007000_6542000",
        "x": 1007000,
        "y": 6542000,
        "url": "https://amplify-d17uxdu2napxpc-ma-amplifyalphdmeshesbucket-4rknaslwb6z4.s3.eu-west-3.amazonaws.com/meshes/1007_6542_11.drc",
        "format": "drc",
        "name": "1007_6542_11"
      }
    },
    {
      "type": "Feature",
      "geometry": {
        "type": "Polygon",
        "coordinates": [
          [
            [
              6.96183664916758,
              45.90835569615895
            ],
            [
              6.962483703049895,
              45.91734928909973
            ],
            [
              6.975369052651994,
              45.91689686091209
            ],
            [
              6.974719901758505,
              45.907903341818304
            ],
            [
              6.96183664916758,
              45.90835569615895
            ]
          ]
        ]
      },
      "properties": {
        "id": "1007000_6543000",
        "x": 1007000,
        "y": 6543000,
        "url": "https://amplify-d17uxdu2napxpc-ma-amplifyalphdmeshesbucket-4rknaslwb6z4.s3.eu-west-3.amazonaws.com/meshes/1007_6543_11.drc",
        "format": "drc",
        "name": "1007_6543_11"
      }
    },
    {
      "type": "Feature",
      "geometry": {
        "type": "Polygon",
        "coordinates": [
          [
            [
              6.962483703049895,
              45.91734928909973
            ],
            [
              6.963130968145078,
              45.926342878826816
            ],
            [
              6.976018415439383,
              45.9258903767791
            ],
            [
              6.975369052651994,
              45.91689686091209
            ],
            [
              6.962483703049895,
              45.91734928909973
            ]
          ]
        ]
      },
      "properties": {
        "id": "1007000_6544000",
        "x": 1007000,
        "y": 6544000,
        "url": "https://amplify-d17uxdu2napxpc-ma-amplifyalphdmeshesbucket-4rknaslwb6z4.s3.eu-west-3.amazonaws.com/meshes/1007_6544_11.drc",
        "format": "drc",
        "name": "1007_6544_11"
      }
    },
    {
      "type": "Feature",
      "geometry": {
        "type": "Polygon",
        "coordinates": [
          [
            [
              6.963130968145078,
              45.926342878826816
            ],
            [
              6.963778444556478,
              45.93533646512004
            ],
            [
              6.976667990224353,
              45.93488388919917
            ],
            [
              6.976018415439383,
              45.9258903767791
            ],
            [
              6.963130968145078,
              45.926342878826816
            ]
          ]
        ]
      },
      "properties": {
        "id": "1007000_6545000",
        "x": 1007000,
        "y": 6545000,
        "url": "https://amplify-d17uxdu2napxpc-ma-amplifyalphdmeshesbucket-4rknaslwb6z4.s3.eu-west-3.amazonaws.com/meshes/1007_6545_11.drc",
        "format": "drc",
        "name": "1007_6545_11"
      }
    },
    {
      "type": "Feature",
      "geometry": {
        "type": "Polygon",
        "coordinates": [
          [
            [
              6.963778444556478,
              45.93533646512004
            ],
            [
              6.964426132387509,
              45.9443300477592
            ],
            [
              6.977317777110648,
              45.943877397952065
            ],
            [
              6.976667990224353,
              45.93488388919917
            ],
            [
              6.963778444556478,
              45.93533646512004
            ]
          ]
        ]
      },
      "properties": {
        "id": "1007000_6546000",
        "x": 1007000,
        "y": 6546000,
        "url": "https://amplify-d17uxdu2napxpc-ma-amplifyalphdmeshesbucket-4rknaslwb6z4.s3.eu-west-3.amazonaws.com/meshes/1007_6546_11.drc",
        "format": "drc",
        "name": "1007_6546_11"
      }
    },
    {
      "type": "Feature",
      "geometry": {
        "type": "Polygon",
        "coordinates": [
          [
            [
              6.964426132387509,
              45.9443300477592
            ],
            [
              6.965074031741653,
              45.95332362652406
            ],
            [
              6.977967776202081,
              45.95287090281756
            ],
            [
              6.977317777110648,
              45.943877397952065
            ],
            [
              6.964426132387509,
              45.9443300477592
            ]
          ]
        ]
      },
      "properties": {
        "id": "1007000_6547000",
        "x": 1007000,
        "y": 6547000,
        "url": "https://amplify-d17uxdu2napxpc-ma-amplifyalphdmeshesbucket-4rknaslwb6z4.s3.eu-west-3.amazonaws.com/meshes/1007_6547_11.drc",
        "format": "drc",
        "name": "1007_6547_11"
      }
    },
    {
      "type": "Feature",
      "geometry": {
        "type": "Polygon",
        "coordinates": [
          [
            [
              6.971477322075593,
              45.86293570565168
            ],
            [
              6.972125415052376,
              45.87192923757783
            ],
            [
              6.985000075025796,
              45.8714757121105
            ],
            [
              6.9843498885413124,
              45.862482254204636
            ],
            [
              6.971477322075593,
              45.86293570565168
            ]
          ]
        ]
      },
      "properties": {
        "id": "1008000_6538000",
        "x": 1008000,
        "y": 6538000,
        "url": "https://amplify-d17uxdu2napxpc-ma-amplifyalphdmeshesbucket-4rknaslwb6z4.s3.eu-west-3.amazonaws.com/meshes/1008_6538_11.drc",
        "format": "drc",
        "name": "1008_6538_11"
      }
    },
    {
      "type": "Feature",
      "geometry": {
        "type": "Polygon",
        "coordinates": [
          [
            [
              6.972125415052376,
              45.87192923757783
            ],
            [
              6.9727737194056845,
              45.880922767377605
            ],
            [
              6.985650473566115,
              45.88046916787688
            ],
            [
              6.985000075025796,
              45.8714757121105
            ],
            [
              6.972125415052376,
              45.87192923757783
            ]
          ]
        ]
      },
      "properties": {
        "id": "1008000_6539000",
        "x": 1008000,
        "y": 6539000,
        "url": "https://amplify-d17uxdu2napxpc-ma-amplifyalphdmeshesbucket-4rknaslwb6z4.s3.eu-west-3.amazonaws.com/meshes/1008_6539_11.drc",
        "format": "drc",
        "name": "1008_6539_11"
      }
    },
    {
      "type": "Feature",
      "geometry": {
        "type": "Polygon",
        "coordinates": [
          [
            [
              6.9727737194056845,
              45.880922767377605
            ],
            [
              6.97342223523886,
              45.88991629483097
            ],
            [
              6.986301084265945,
              45.88946262128374
            ],
            [
              6.985650473566115,
              45.88046916787688
            ],
            [
              6.9727737194056845,
              45.880922767377605
            ]
          ]
        ]
      },
      "properties": {
        "id": "1008000_6540000",
        "x": 1008000,
        "y": 6540000,
        "url": "https://amplify-d17uxdu2napxpc-ma-amplifyalphdmeshesbucket-4rknaslwb6z4.s3.eu-west-3.amazonaws.com/meshes/1008_6540_11.drc",
        "format": "drc",
        "name": "1008_6540_11"
      }
    },
    {
      "type": "Feature",
      "geometry": {
        "type": "Polygon",
        "coordinates": [
          [
            [
              6.97342223523886,
              45.88991629483097
            ],
            [
              6.974070962655307,
              45.89890981971789
            ],
            [
              6.986951907229021,
              45.898456072111046
            ],
            [
              6.986301084265945,
              45.88946262128374
            ],
            [
              6.97342223523886,
              45.88991629483097
            ]
          ]
        ]
      },
      "properties": {
        "id": "1008000_6541000",
        "x": 1008000,
        "y": 6541000,
        "url": "https://amplify-d17uxdu2napxpc-ma-amplifyalphdmeshesbucket-4rknaslwb6z4.s3.eu-west-3.amazonaws.com/meshes/1008_6541_11.drc",
        "format": "drc",
        "name": "1008_6541_11"
      }
    },
    {
      "type": "Feature",
      "geometry": {
        "type": "Polygon",
        "coordinates": [
          [
            [
              6.974070962655307,
              45.89890981971789
            ],
            [
              6.974719901758505,
              45.907903341818304
            ],
            [
              6.987602942559149,
              45.90744952013872
            ],
            [
              6.986951907229021,
              45.898456072111046
            ],
            [
              6.974070962655307,
              45.89890981971789
            ]
          ]
        ]
      },
      "properties": {
        "id": "1008000_6542000",
        "x": 1008000,
        "y": 6542000,
        "url": "https://amplify-d17uxdu2napxpc-ma-amplifyalphdmeshesbucket-4rknaslwb6z4.s3.eu-west-3.amazonaws.com/meshes/1008_6542_11.drc",
        "format": "drc",
        "name": "1008_6542_11"
      }
    },
    {
      "type": "Feature",
      "geometry": {
        "type": "Polygon",
        "coordinates": [
          [
            [
              6.974719901758505,
              45.907903341818304
            ],
            [
              6.975369052651994,
              45.91689686091209
            ],
            [
              6.988254190360201,
              45.91644296514665
            ],
            [
              6.987602942559149,
              45.90744952013872
            ],
            [
              6.974719901758505,
              45.907903341818304
            ]
          ]
        ]
      },
      "properties": {
        "id": "1008000_6543000",
        "x": 1008000,
        "y": 6543000,
        "url": "https://amplify-d17uxdu2napxpc-ma-amplifyalphdmeshesbucket-4rknaslwb6z4.s3.eu-west-3.amazonaws.com/meshes/1008_6543_11.drc",
        "format": "drc",
        "name": "1008_6543_11"
      }
    },
    {
      "type": "Feature",
      "geometry": {
        "type": "Polygon",
        "coordinates": [
          [
            [
              6.975369052651994,
              45.91689686091209
            ],
            [
              6.976018415439383,
              45.9258903767791
            ],
            [
              6.988905650736121,
              45.92543640691466
            ],
            [
              6.988254190360201,
              45.91644296514665
            ],
            [
              6.975369052651994,
              45.91689686091209
            ]
          ]
        ]
      },
      "properties": {
        "id": "1008000_6544000",
        "x": 1008000,
        "y": 6544000,
        "url": "https://amplify-d17uxdu2napxpc-ma-amplifyalphdmeshesbucket-4rknaslwb6z4.s3.eu-west-3.amazonaws.com/meshes/1008_6544_11.drc",
        "format": "drc",
        "name": "1008_6544_11"
      }
    },
    {
      "type": "Feature",
      "geometry": {
        "type": "Polygon",
        "coordinates": [
          [
            [
              6.976018415439383,
              45.9258903767791
            ],
            [
              6.976667990224353,
              45.93488388919917
            ],
            [
              6.9895573237909145,
              45.93442984522259
            ],
            [
              6.988905650736121,
              45.92543640691466
            ],
            [
              6.976018415439383,
              45.9258903767791
            ]
          ]
        ]
      },
      "properties": {
        "id": "1008000_6545000",
        "x": 1008000,
        "y": 6545000,
        "url": "https://amplify-d17uxdu2napxpc-ma-amplifyalphdmeshesbucket-4rknaslwb6z4.s3.eu-west-3.amazonaws.com/meshes/1008_6545_11.drc",
        "format": "drc",
        "name": "1008_6545_11"
      }
    },
    {
      "type": "Feature",
      "geometry": {
        "type": "Polygon",
        "coordinates": [
          [
            [
              6.976667990224353,
              45.93488388919917
            ],
            [
              6.977317777110648,
              45.943877397952065
            ],
            [
              6.9902092096286585,
              45.94342327985022
            ],
            [
              6.9895573237909145,
              45.93442984522259
            ],
            [
              6.976667990224353,
              45.93488388919917
            ]
          ]
        ]
      },
      "properties": {
        "id": "1008000_6546000",
        "x": 1008000,
        "y": 6546000,
        "url": "https://amplify-d17uxdu2napxpc-ma-amplifyalphdmeshesbucket-4rknaslwb6z4.s3.eu-west-3.amazonaws.com/meshes/1008_6546_11.drc",
        "format": "drc",
        "name": "1008_6546_11"
      }
    },
    {
      "type": "Feature",
      "geometry": {
        "type": "Polygon",
        "coordinates": [
          [
            [
              6.977317777110648,
              45.943877397952065
            ],
            [
              6.977967776202081,
              45.95287090281756
            ],
            [
              6.990861308353499,
              45.95241671057729
            ],
            [
              6.9902092096286585,
              45.94342327985022
            ],
            [
              6.977317777110648,
              45.943877397952065
            ]
          ]
        ]
      },
      "properties": {
        "id": "1008000_6547000",
        "x": 1008000,
        "y": 6547000,
        "url": "https://amplify-d17uxdu2napxpc-ma-amplifyalphdmeshesbucket-4rknaslwb6z4.s3.eu-west-3.amazonaws.com/meshes/1008_6547_11.drc",
        "format": "drc",
        "name": "1008_6547_11"
      }
    },
    {
      "type": "Feature",
      "geometry": {
        "type": "Polygon",
        "coordinates": [
          [
            [
              6.9843498885413124,
              45.862482254204636
            ],
            [
              6.985000075025796,
              45.8714757121105
            ],
            [
              6.997874522943388,
              45.8710207202956
            ],
            [
              6.997222243054809,
              45.862027336648666
            ],
            [
              6.9843498885413124,
              45.862482254204636
            ]
          ]
        ]
      },
      "properties": {
        "id": "1009000_6538000",
        "x": 1009000,
        "y": 6538000,
        "url": "https://amplify-d17uxdu2napxpc-ma-amplifyalphdmeshesbucket-4rknaslwb6z4.s3.eu-west-3.amazonaws.com/meshes/1009_6538_11.drc",
        "format": "drc",
        "name": "1009_6538_11"
      }
    },
    {
      "type": "Feature",
      "geometry": {
        "type": "Polygon",
        "coordinates": [
          [
            [
              6.985000075025796,
              45.8714757121105
            ],
            [
              6.985650473566115,
              45.88046916787688
            ],
            [
              6.99852701556705,
              45.88001410178989
            ],
            [
              6.997874522943388,
              45.8710207202956
            ],
            [
              6.985000075025796,
              45.8714757121105
            ]
          ]
        ]
      },
      "properties": {
        "id": "1009000_6539000",
        "x": 1009000,
        "y": 6539000,
        "url": "https://amplify-d17uxdu2napxpc-ma-amplifyalphdmeshesbucket-4rknaslwb6z4.s3.eu-west-3.amazonaws.com/meshes/1009_6539_11.drc",
        "format": "drc",
        "name": "1009_6539_11"
      }
    },
    {
      "type": "Feature",
      "geometry": {
        "type": "Polygon",
        "coordinates": [
          [
            [
              6.985650473566115,
              45.88046916787688
            ],
            [
              6.986301084265945,
              45.88946262128374
            ],
            [
              6.999179721029795,
              45.88900748091151
            ],
            [
              6.99852701556705,
              45.88001410178989
            ],
            [
              6.985650473566115,
              45.88046916787688
            ]
          ]
        ]
      },
      "properties": {
        "id": "1009000_6540000",
        "x": 1009000,
        "y": 6540000,
        "url": "https://amplify-d17uxdu2napxpc-ma-amplifyalphdmeshesbucket-4rknaslwb6z4.s3.eu-west-3.amazonaws.com/meshes/1009_6540_11.drc",
        "format": "drc",
        "name": "1009_6540_11"
      }
    },
    {
      "type": "Feature",
      "geometry": {
        "type": "Polygon",
        "coordinates": [
          [
            [
              6.986301084265945,
              45.88946262128374
            ],
            [
              6.986951907229021,
              45.898456072111046
            ],
            [
              6.9998326394356924,
              45.89800085744041
            ],
            [
              6.999179721029795,
              45.88900748091151
            ],
            [
              6.986301084265945,
              45.88946262128374
            ]
          ]
        ]
      },
      "properties": {
        "id": "1009000_6541000",
        "x": 1009000,
        "y": 6541000,
        "url": "https://amplify-d17uxdu2napxpc-ma-amplifyalphdmeshesbucket-4rknaslwb6z4.s3.eu-west-3.amazonaws.com/meshes/1009_6541_11.drc",
        "format": "drc",
        "name": "1009_6541_11"
      }
    },
    {
      "type": "Feature",
      "geometry": {
        "type": "Polygon",
        "coordinates": [
          [
            [
              6.986951907229021,
              45.898456072111046
            ],
            [
              6.987602942559149,
              45.90744952013872
            ],
            [
              7.000485770888878,
              45.9069942311565
            ],
            [
              6.9998326394356924,
              45.89800085744041
            ],
            [
              6.986951907229021,
              45.898456072111046
            ]
          ]
        ]
      },
      "properties": {
        "id": "1009000_6542000",
        "x": 1009000,
        "y": 6542000,
        "url": "https://amplify-d17uxdu2napxpc-ma-amplifyalphdmeshesbucket-4rknaslwb6z4.s3.eu-west-3.amazonaws.com/meshes/1009_6542_11.drc",
        "format": "drc",
        "name": "1009_6542_11"
      }
    },
    {
      "type": "Feature",
      "geometry": {
        "type": "Polygon",
        "coordinates": [
          [
            [
              6.987602942559149,
              45.90744952013872
            ],
            [
              6.988254190360201,
              45.91644296514665
            ],
            [
              7.001139115493555,
              45.9159876018397
            ],
            [
              7.000485770888878,
              45.9069942311565
            ],
            [
              6.987602942559149,
              45.90744952013872
            ]
          ]
        ]
      },
      "properties": {
        "id": "1009000_6543000",
        "x": 1009000,
        "y": 6543000,
        "url": "https://amplify-d17uxdu2napxpc-ma-amplifyalphdmeshesbucket-4rknaslwb6z4.s3.eu-west-3.amazonaws.com/meshes/1009_6543_11.drc",
        "format": "drc",
        "name": "1009_6543_11"
      }
    },
    {
      "type": "Feature",
      "geometry": {
        "type": "Polygon",
        "coordinates": [
          [
            [
              6.988254190360201,
              45.91644296514665
            ],
            [
              6.988905650736121,
              45.92543640691466
            ],
            [
              7.001792673353993,
              45.9249809692698
            ],
            [
              7.001139115493555,
              45.9159876018397
            ],
            [
              6.988254190360201,
              45.91644296514665
            ]
          ]
        ]
      },
      "properties": {
        "id": "1009000_6544000",
        "x": 1009000,
        "y": 6544000,
        "url": "https://amplify-d17uxdu2napxpc-ma-amplifyalphdmeshesbucket-4rknaslwb6z4.s3.eu-west-3.amazonaws.com/meshes/1009_6544_11.drc",
        "format": "drc",
        "name": "1009_6544_11"
      }
    },
    {
      "type": "Feature",
      "geometry": {
        "type": "Polygon",
        "coordinates": [
          [
            [
              6.988905650736121,
              45.92543640691466
            ],
            [
              6.9895573237909145,
              45.93442984522259
            ],
            [
              7.002446444574535,
              45.933974333226665
            ],
            [
              7.001792673353993,
              45.9249809692698
            ],
            [
              6.988905650736121,
              45.92543640691466
            ]
          ]
        ]
      },
      "properties": {
        "id": "1009000_6545000",
        "x": 1009000,
        "y": 6545000,
        "url": "https://amplify-d17uxdu2napxpc-ma-amplifyalphdmeshesbucket-4rknaslwb6z4.s3.eu-west-3.amazonaws.com/meshes/1009_6545_11.drc",
        "format": "drc",
        "name": "1009_6545_11"
      }
    },
    {
      "type": "Feature",
      "geometry": {
        "type": "Polygon",
        "coordinates": [
          [
            [
              6.9895573237909145,
              45.93442984522259
            ],
            [
              6.9902092096286585,
              45.94342327985022
            ],
            [
              7.003100429259586,
              45.94296769349002
            ],
            [
              7.002446444574535,
              45.933974333226665
            ],
            [
              6.9895573237909145,
              45.93442984522259
            ]
          ]
        ]
      },
      "properties": {
        "id": "1009000_6546000",
        "x": 1009000,
        "y": 6546000,
        "url": "https://amplify-d17uxdu2napxpc-ma-amplifyalphdmeshesbucket-4rknaslwb6z4.s3.eu-west-3.amazonaws.com/meshes/1009_6546_11.drc",
        "format": "drc",
        "name": "1009_6546_11"
      }
    },
    {
      "type": "Feature",
      "geometry": {
        "type": "Polygon",
        "coordinates": [
          [
            [
              6.9915136200696475,
              45.9614101371835
            ],
            [
              6.992166144881383,
              45.97040355944856
            ],
            [
              7.005063665146894,
              45.969947749916415
            ],
            [
              7.004409039441187,
              45.9609544020552
            ],
            [
              6.9915136200696475,
              45.9614101371835
            ]
          ]
        ]
      },
      "properties": {
        "id": "1009000_6549000",
        "x": 1009000,
        "y": 6549000,
        "url": "https://amplify-d17uxdu2napxpc-ma-amplifyalphdmeshesbucket-4rknaslwb6z4.s3.eu-west-3.amazonaws.com/meshes/1009_6549_11.drc",
        "format": "drc",
        "name": "1009_6549_11"
      }
    },
    {
      "type": "Feature",
      "geometry": {
        "type": "Polygon",
        "coordinates": [
          [
            [
              6.992166144881383,
              45.97040355944856
            ],
            [
              6.992818882893055,
              45.979396977152085
            ],
            [
              7.00571850473542,
              45.9789410932029
            ],
            [
              7.005063665146894,
              45.969947749916415
            ],
            [
              6.992166144881383,
              45.97040355944856
            ]
          ]
        ]
      },
      "properties": {
        "id": "1009000_6550000",
        "x": 1009000,
        "y": 6550000,
        "url": "https://amplify-d17uxdu2napxpc-ma-amplifyalphdmeshesbucket-4rknaslwb6z4.s3.eu-west-3.amazonaws.com/meshes/1009_6550_11.drc",
        "format": "drc",
        "name": "1009_6550_11"
      }
    },
    {
      "type": "Feature",
      "geometry": {
        "type": "Polygon",
        "coordinates": [
          [
            [
              6.997874522943388,
              45.8710207202956
            ],
            [
              6.99852701556705,
              45.88001410178989
            ],
            [
              7.011403344728911,
              45.87955756915296
            ],
            [
              7.0107487581259065,
              45.870564262169445
            ],
            [
              6.997874522943388,
              45.8710207202956
            ]
          ]
        ]
      },
      "properties": {
        "id": "1010000_6539000",
        "x": 1010000,
        "y": 6539000,
        "url": "https://amplify-d17uxdu2napxpc-ma-amplifyalphdmeshesbucket-4rknaslwb6z4.s3.eu-west-3.amazonaws.com/meshes/1010_6539_11.drc",
        "format": "drc",
        "name": "1010_6539_11"
      }
    },
    {
      "type": "Feature",
      "geometry": {
        "type": "Polygon",
        "coordinates": [
          [
            [
              6.99852701556705,
              45.88001410178989
            ],
            [
              6.999179721029795,
              45.88900748091151
            ],
            [
              7.012058144850505,
              45.88855087375061
            ],
            [
              7.011403344728911,
              45.87955756915296
            ],
            [
              6.99852701556705,
              45.88001410178989
            ]
          ]
        ]
      },
      "properties": {
        "id": "1010000_6540000",
        "x": 1010000,
        "y": 6540000,
        "url": "https://amplify-d17uxdu2napxpc-ma-amplifyalphdmeshesbucket-4rknaslwb6z4.s3.eu-west-3.amazonaws.com/meshes/1010_6540_11.drc",
        "format": "drc",
        "name": "1010_6540_11"
      }
    },
    {
      "type": "Feature",
      "geometry": {
        "type": "Polygon",
        "coordinates": [
          [
            [
              6.999179721029795,
              45.88900748091151
            ],
            [
              6.9998326394356924,
              45.89800085744041
            ],
            [
              7.01271315859509,
              45.89754417574233
            ],
            [
              7.012058144850505,
              45.88855087375061
            ],
            [
              6.999179721029795,
              45.88900748091151
            ]
          ]
        ]
      },
      "properties": {
        "id": "1010000_6541000",
        "x": 1010000,
        "y": 6541000,
        "url": "https://amplify-d17uxdu2napxpc-ma-amplifyalphdmeshesbucket-4rknaslwb6z4.s3.eu-west-3.amazonaws.com/meshes/1010_6541_11.drc",
        "format": "drc",
        "name": "1010_6541_11"
      }
    },
    {
      "type": "Feature",
      "geometry": {
        "type": "Polygon",
        "coordinates": [
          [
            [
              6.9998326394356924,
              45.89800085744041
            ],
            [
              7.000485770888878,
              45.9069942311565
            ],
            [
              7.013368386067127,
              45.90653747490806
            ],
            [
              7.01271315859509,
              45.89754417574233
            ],
            [
              6.9998326394356924,
              45.89800085744041
            ]
          ]
        ]
      },
      "properties": {
        "id": "1010000_6542000",
        "x": 1010000,
        "y": 6542000,
        "url": "https://amplify-d17uxdu2napxpc-ma-amplifyalphdmeshesbucket-4rknaslwb6z4.s3.eu-west-3.amazonaws.com/meshes/1010_6542_11.drc",
        "format": "drc",
        "name": "1010_6542_11"
      }
    },
    {
      "type": "Feature",
      "geometry": {
        "type": "Polygon",
        "coordinates": [
          [
            [
              7.000485770888878,
              45.9069942311565
            ],
            [
              7.001139115493555,
              45.9159876018397
            ],
            [
              7.014023827371156,
              45.91553077102766
            ],
            [
              7.013368386067127,
              45.90653747490806
            ],
            [
              7.000485770888878,
              45.9069942311565
            ]
          ]
        ]
      },
      "properties": {
        "id": "1010000_6543000",
        "x": 1010000,
        "y": 6543000,
        "url": "https://amplify-d17uxdu2napxpc-ma-amplifyalphdmeshesbucket-4rknaslwb6z4.s3.eu-west-3.amazonaws.com/meshes/1010_6543_11.drc",
        "format": "drc",
        "name": "1010_6543_11"
      }
    },
    {
      "type": "Feature",
      "geometry": {
        "type": "Polygon",
        "coordinates": [
          [
            [
              7.001139115493555,
              45.9159876018397
            ],
            [
              7.001792673353993,
              45.9249809692698
            ],
            [
              7.0146794826117755,
              45.92452406388096
            ],
            [
              7.014023827371156,
              45.91553077102766
            ],
            [
              7.001139115493555,
              45.9159876018397
            ]
          ]
        ]
      },
      "properties": {
        "id": "1010000_6544000",
        "x": 1010000,
        "y": 6544000,
        "url": "https://amplify-d17uxdu2napxpc-ma-amplifyalphdmeshesbucket-4rknaslwb6z4.s3.eu-west-3.amazonaws.com/meshes/1010_6544_11.drc",
        "format": "drc",
        "name": "1010_6544_11"
      }
    },
    {
      "type": "Feature",
      "geometry": {
        "type": "Polygon",
        "coordinates": [
          [
            [
              7.001792673353993,
              45.9249809692698
            ],
            [
              7.002446444574535,
              45.933974333226665
            ],
            [
              7.0153353518936585,
              45.93351735324779
            ],
            [
              7.0146794826117755,
              45.92452406388096
            ],
            [
              7.001792673353993,
              45.9249809692698
            ]
          ]
        ]
      },
      "properties": {
        "id": "1010000_6545000",
        "x": 1010000,
        "y": 6545000,
        "url": "https://amplify-d17uxdu2napxpc-ma-amplifyalphdmeshesbucket-4rknaslwb6z4.s3.eu-west-3.amazonaws.com/meshes/1010_6545_11.drc",
        "format": "drc",
        "name": "1010_6545_11"
      }
    },
    {
      "type": "Feature",
      "geometry": {
        "type": "Polygon",
        "coordinates": [
          [
            [
              7.004409039441187,
              45.9609544020552
            ],
            [
              7.005063665146894,
              45.969947749916415
            ],
            [
              7.017960971529593,
              45.96949047144516
            ],
            [
              7.017304245034597,
              45.960497198226896
            ],
            [
              7.004409039441187,
              45.9609544020552
            ]
          ]
        ]
      },
      "properties": {
        "id": "1010000_6549000",
        "x": 1010000,
        "y": 6549000,
        "url": "https://amplify-d17uxdu2napxpc-ma-amplifyalphdmeshesbucket-4rknaslwb6z4.s3.eu-west-3.amazonaws.com/meshes/1010_6549_11.drc",
        "format": "drc",
        "name": "1010_6549_11"
      }
    },
    {
      "type": "Feature",
      "geometry": {
        "type": "Polygon",
        "coordinates": [
          [
            [
              7.005063665146894,
              45.969947749916415
            ],
            [
              7.00571850473542,
              45.9789410932029
            ],
            [
              7.018617912590227,
              45.97848374007546
            ],
            [
              7.017960971529593,
              45.96949047144516
            ],
            [
              7.005063665146894,
              45.969947749916415
            ]
          ]
        ]
      },
      "properties": {
        "id": "1010000_6550000",
        "x": 1010000,
        "y": 6550000,
        "url": "https://amplify-d17uxdu2napxpc-ma-amplifyalphdmeshesbucket-4rknaslwb6z4.s3.eu-west-3.amazonaws.com/meshes/1010_6550_11.drc",
        "format": "drc",
        "name": "1010_6550_11"
      }
    },
    {
      "type": "Feature",
      "geometry": {
        "type": "Polygon",
        "coordinates": [
          [
            [
              7.006373558311516,
              45.98793443169426
            ],
            [
              7.007028825979998,
              45.99692776517008
            ],
            [
              7.019932438828797,
              45.99647026269051
            ],
            [
              7.019275068321578,
              45.98747700389738
            ],
            [
              7.006373558311516,
              45.98793443169426
            ]
          ]
        ]
      },
      "properties": {
        "id": "1010000_6552000",
        "x": 1010000,
        "y": 6552000,
        "url": "https://amplify-d17uxdu2napxpc-ma-amplifyalphdmeshesbucket-4rknaslwb6z4.s3.eu-west-3.amazonaws.com/meshes/1010_6552_11.drc",
        "format": "drc",
        "name": "1010_6552_11"
      }
    },
    {
      "type": "Feature",
      "geometry": {
        "type": "Polygon",
        "coordinates": [
          [
            [
              7.01271315859509,
              45.89754417574233
            ],
            [
              7.013368386067127,
              45.90653747490806
            ],
            [
              7.0262507874134,
              45.906079251429894
            ],
            [
              7.025593464027041,
              45.897086027053355
            ],
            [
              7.01271315859509,
              45.89754417574233
            ]
          ]
        ]
      },
      "properties": {
        "id": "1011000_6542000",
        "x": 1011000,
        "y": 6542000,
        "url": "https://amplify-d17uxdu2napxpc-ma-amplifyalphdmeshesbucket-4rknaslwb6z4.s3.eu-west-3.amazonaws.com/meshes/1011_6542_11.drc",
        "format": "drc",
        "name": "1011_6542_11"
      }
    },
    {
      "type": "Feature",
      "geometry": {
        "type": "Polygon",
        "coordinates": [
          [
            [
              7.017960971529593,
              45.96949047144516
            ],
            [
              7.018617912590227,
              45.97848374007546
            ],
            [
              7.031517105774327,
              45.97802491780637
            ],
            [
              7.030858063346669,
              45.96903172407141
            ],
            [
              7.017960971529593,
              45.96949047144516
            ]
          ]
        ]
      },
      "properties": {
        "id": "1011000_6550000",
        "x": 1011000,
        "y": 6550000,
        "url": "https://amplify-d17uxdu2napxpc-ma-amplifyalphdmeshesbucket-4rknaslwb6z4.s3.eu-west-3.amazonaws.com/meshes/1011_6550_11.drc",
        "format": "drc",
        "name": "1011_6550_11"
      }
    },
    {
      "type": "Feature",
      "geometry": {
        "type": "Polygon",
        "coordinates": [
          [
            [
              7.154973231852361,
              44.1883778400981
            ],
            [
              7.155631261576723,
              44.197366233707136
            ],
            [
              7.168125019625703,
              44.196892043913024
            ],
            [
              7.16746501890083,
              44.18790372752116
            ],
            [
              7.154973231852361,
              44.1883778400981
            ]
          ]
        ]
      },
      "properties": {
        "id": "1032000_6353000",
        "x": 1032000,
        "y": 6353000,
        "url": "https://amplify-d17uxdu2napxpc-ma-amplifyalphdmeshesbucket-4rknaslwb6z4.s3.eu-west-3.amazonaws.com/meshes/1032_6353_11.drc",
        "format": "drc",
        "name": "1032_6353_11"
      }
    },
    {
      "type": "Feature",
      "geometry": {
        "type": "Polygon",
        "coordinates": [
          [
            [
              7.155631261576723,
              44.197366233707136
            ],
            [
              7.156289499567973,
              44.206354664982115
            ],
            [
              7.168785229237799,
              44.2058803979576
            ],
            [
              7.168125019625703,
              44.196892043913024
            ],
            [
              7.155631261576723,
              44.197366233707136
            ]
          ]
        ]
      },
      "properties": {
        "id": "1032000_6354000",
        "x": 1032000,
        "y": 6354000,
        "url": "https://amplify-d17uxdu2napxpc-ma-amplifyalphdmeshesbucket-4rknaslwb6z4.s3.eu-west-3.amazonaws.com/meshes/1032_6354_11.drc",
        "format": "drc",
        "name": "1032_6354_11"
      }
    },
    {
      "type": "Feature",
      "geometry": {
        "type": "Polygon",
        "coordinates": [
          [
            [
              7.156289499567973,
              44.206354664982115
            ],
            [
              7.156947945924915,
              44.21534313370947
            ],
            [
              7.169445647836213,
              44.21486878944131
            ],
            [
              7.168785229237799,
              44.2058803979576
            ],
            [
              7.156289499567973,
              44.206354664982115
            ]
          ]
        ]
      },
      "properties": {
        "id": "1032000_6355000",
        "x": 1032000,
        "y": 6355000,
        "url": "https://amplify-d17uxdu2napxpc-ma-amplifyalphdmeshesbucket-4rknaslwb6z4.s3.eu-west-3.amazonaws.com/meshes/1032_6355_11.drc",
        "format": "drc",
        "name": "1032_6355_11"
      }
    },
    {
      "type": "Feature",
      "geometry": {
        "type": "Polygon",
        "coordinates": [
          [
            [
              7.170655098832092,
              43.89036441927159
            ],
            [
              7.1713121625545915,
              43.89935121928977
            ],
            [
              7.183740584597309,
              43.898875327475686
            ],
            [
              7.18308157047453,
              43.88988860492899
            ],
            [
              7.170655098832092,
              43.89036441927159
            ]
          ]
        ]
      },
      "properties": {
        "id": "1035000_6320000",
        "x": 1035000,
        "y": 6320000,
        "url": "https://amplify-d17uxdu2napxpc-ma-amplifyalphdmeshesbucket-4rknaslwb6z4.s3.eu-west-3.amazonaws.com/meshes/1035_6320_11.drc",
        "format": "drc",
        "name": "1035_6320_11"
      }
    }
  ]
}